Source,Target,{weight}
ME92WaNDGVM,GgOE64kgjjo,{5}
ME92WaNDGVM,R_wscUcbynk,{5}
ME92WaNDGVM,kpk2tdsPh0A,{5}
ME92WaNDGVM,QKsRNoLyXO8,{5}
ME92WaNDGVM,ACuk2TXoNhc,{5}
ME92WaNDGVM,OxXZkYsthzM,{5}
ME92WaNDGVM,xlQ0psr7Th4,{5}
ME92WaNDGVM,xgnqURzfuOI,{5}
GgOE64kgjjo,7u1tVD7UEqw,{5}
GgOE64kgjjo,_XkKufyIiAY,{5}
GgOE64kgjjo,D6cpa-TvKn8,{5}
GgOE64kgjjo,AtDUnJCoTb8,{5}
GgOE64kgjjo,vfFbui-9du8,{5}
7u1tVD7UEqw,iZT6JEOC3D8,{5}
7u1tVD7UEqw,kDluReuJDOk,{5}
7u1tVD7UEqw,Ktr9dYUumAs,{5}
iZT6JEOC3D8,Y99Wj-NStok,{5}
iZT6JEOC3D8,v4HnZ4-_HzI,{5}
iZT6JEOC3D8,7rIJNT7dCmE,{5}
iZT6JEOC3D8,bt1DFNSNbRk,{5}
iZT6JEOC3D8,_XkKufyIiAY,{5}
iZT6JEOC3D8,ywpmvj5o4hs,{5}
iZT6JEOC3D8,dmLSJrA0n9w,{5}
iZT6JEOC3D8,Nwq8OOuYmfI,{5}
Y99Wj-NStok,7rIJNT7dCmE,{5}
Y99Wj-NStok,SLgms78JVo0,{5}
Y99Wj-NStok,JCRKUuhGC1A,{5}
Y99Wj-NStok,kDluReuJDOk,{5}
Y99Wj-NStok,i1AHCaokqhg,{5}
Y99Wj-NStok,pXSwCC4Vwxg,{5}
Y99Wj-NStok,dNL8rdn00IU,{5}
Y99Wj-NStok,7k-UaBIr1mI,{5}
7rIJNT7dCmE,1cAlXqHAqXw,{5}
7rIJNT7dCmE,Y99Wj-NStok,{5}
7rIJNT7dCmE,UuzUKT2Shn8,{5}
7rIJNT7dCmE,HfGkxTi9ZEY,{5}
7rIJNT7dCmE,oudZMniib08,{5}
7rIJNT7dCmE,V1RO2DUAQ2U,{5}
7rIJNT7dCmE,iZT6JEOC3D8,{5}
7rIJNT7dCmE,kDluReuJDOk,{5}
7rIJNT7dCmE,U7RzoIEoSMY,{5}
7rIJNT7dCmE,AFrQ1_2bbsI,{5}
7rIJNT7dCmE,X_eXSzyZudM,{5}
7rIJNT7dCmE,R_wscUcbynk,{5}
7rIJNT7dCmE,_XkKufyIiAY,{5}
SLgms78JVo0,q_9t1I3g6xg,{5}
SLgms78JVo0,q0jwDR4rbCM,{5}
SLgms78JVo0,DJ_wEoW8Qcg,{5}
JCRKUuhGC1A,iZT6JEOC3D8,{5}
JCRKUuhGC1A,7rIJNT7dCmE,{5}
JCRKUuhGC1A,i1AHCaokqhg,{5}
JCRKUuhGC1A,_XkKufyIiAY,{5}
JCRKUuhGC1A,U7RzoIEoSMY,{5}
JCRKUuhGC1A,V1RO2DUAQ2U,{5}
JCRKUuhGC1A,Y99Wj-NStok,{5}
v4HnZ4-_HzI,iZT6JEOC3D8,{5}
v4HnZ4-_HzI,52bXJDoJeig,{5}
v4HnZ4-_HzI,4tnPH1AxSxw,{5}
UuzUKT2Shn8,R_wscUcbynk,{5}
UuzUKT2Shn8,iZT6JEOC3D8,{5}
UuzUKT2Shn8,7rIJNT7dCmE,{5}
UuzUKT2Shn8,oudZMniib08,{5}
UuzUKT2Shn8,Y99Wj-NStok,{5}
UuzUKT2Shn8,GgOE64kgjjo,{5}
UuzUKT2Shn8,gds7tj0yYmg,{5}
UuzUKT2Shn8,oHg4oTMu5Yc,{5}
kDluReuJDOk,KS0AwoEYHZU,{5}
kDluReuJDOk,Y99Wj-NStok,{5}
kDluReuJDOk,dNL8rdn00IU,{5}
kDluReuJDOk,4WoMl-fEPtc,{5}
kDluReuJDOk,V5HfJD4aKlA,{5}
kDluReuJDOk,oudZMniib08,{5}
KS0AwoEYHZU,yzqq8I3JFz4,{5}
KS0AwoEYHZU,0a4pxBpkJ8Q,{5}
KS0AwoEYHZU,mfLRBS3RYW0,{5}
i1AHCaokqhg,UuzUKT2Shn8,{5}
i1AHCaokqhg,E6qRbk5Cscw,{5}
i1AHCaokqhg,XuyPIGFstws,{5}
dNL8rdn00IU,shNyq0TfHBs,{5}
dNL8rdn00IU,Crlxv5EwkuE,{5}
dNL8rdn00IU,iZT6JEOC3D8,{5}
dNL8rdn00IU,YcppnDs2Rz8,{5}
dNL8rdn00IU,3QtK0MB_PDE,{5}
dNL8rdn00IU,vBdHFz9gTtM,{5}
Ktr9dYUumAs,u0aRVjtjmB4,{5}
Ktr9dYUumAs,OW_SyxTuszQ,{5}
Ktr9dYUumAs,JCRKUuhGC1A,{5}
u0aRVjtjmB4,Ktr9dYUumAs,{5}
u0aRVjtjmB4,_XkKufyIiAY,{5}
u0aRVjtjmB4,UuzUKT2Shn8,{5}
u0aRVjtjmB4,gds7tj0yYmg,{5}
u0aRVjtjmB4,oudZMniib08,{5}
u0aRVjtjmB4,7rIJNT7dCmE,{5}
u0aRVjtjmB4,dNL8rdn00IU,{5}
_XkKufyIiAY,7rIJNT7dCmE,{5}
_XkKufyIiAY,Y99Wj-NStok,{5}
_XkKufyIiAY,UuzUKT2Shn8,{5}
OW_SyxTuszQ,AS0CdFEZ98s,{5}
OW_SyxTuszQ,i6oUU6GN5C8,{5}
OW_SyxTuszQ,u4ThAzHxpHo,{5}
HfGkxTi9ZEY,IqqTl8L55-U,{5}
HfGkxTi9ZEY,g3KGH1urH7Y,{5}
HfGkxTi9ZEY,hlRKje-OCYA,{5}
oudZMniib08,lWaCqqgmn0U,{5}
oudZMniib08,bENhRluxwuM,{5}
oudZMniib08,HD5EUpsZNCA,{5}
oudZMniib08,u0aRVjtjmB4,{5}
oudZMniib08,wjge1bVobN0,{5}
oudZMniib08,BlxlduEBGNA,{5}
V1RO2DUAQ2U,FM4YBoUmK6s,{5}
V1RO2DUAQ2U,Uaiu949aSGU,{5}
V1RO2DUAQ2U,JCRKUuhGC1A,{5}
V1RO2DUAQ2U,kDluReuJDOk,{5}
V1RO2DUAQ2U,U7RzoIEoSMY,{5}
V1RO2DUAQ2U,7rIJNT7dCmE,{9}
V1RO2DUAQ2U,e-3R3RipnfI,{4}
V1RO2DUAQ2U,UuzUKT2Shn8,{4}
U7RzoIEoSMY,UuzUKT2Shn8,{5}
U7RzoIEoSMY,yEA5nz6oPbU,{5}
U7RzoIEoSMY,AFrQ1_2bbsI,{5}
U7RzoIEoSMY,JXnK66cL0gE,{5}
pXSwCC4Vwxg,Ojbpe2ZXxss,{5}
pXSwCC4Vwxg,whxwrEDJEuQ,{5}
pXSwCC4Vwxg,wO61D9x6lNY,{5}
3QtK0MB_PDE,pmS9e7kzgS4,{5}
3QtK0MB_PDE,Ktr9dYUumAs,{5}
3QtK0MB_PDE,kDluReuJDOk,{5}
R_wscUcbynk,UuzUKT2Shn8,{5}
R_wscUcbynk,mAh4IJysiLU,{5}
R_wscUcbynk,Y99Wj-NStok,{5}
R_wscUcbynk,l7ePi38LnrA,{5}
R_wscUcbynk,u0aRVjtjmB4,{5}
R_wscUcbynk,D6cpa-TvKn8,{5}
R_wscUcbynk,AtDUnJCoTb8,{5}
R_wscUcbynk,TBR9ypSOTGQ,{5}
R_wscUcbynk,7u1tVD7UEqw,{5}
R_wscUcbynk,UeMgDs6CtT0,{5}
mAh4IJysiLU,UuzUKT2Shn8,{5}
mAh4IJysiLU,Y99Wj-NStok,{5}
mAh4IJysiLU,_XkKufyIiAY,{5}
D6cpa-TvKn8,R-0F5l5vUQA,{5}
D6cpa-TvKn8,JCRKUuhGC1A,{5}
D6cpa-TvKn8,V1RO2DUAQ2U,{5}
D6cpa-TvKn8,u0aRVjtjmB4,{5}
D6cpa-TvKn8,mAh4IJysiLU,{5}
R-0F5l5vUQA,6P0tY4uOz-g,{5}
R-0F5l5vUQA,iOVyNobXTxw,{5}
R-0F5l5vUQA,7rIJNT7dCmE,{5}
R-0F5l5vUQA,UPFyMA4WtYI,{5}
R-0F5l5vUQA,O9dTmzRAL_4,{5}
R-0F5l5vUQA,rvLFEh7V18A,{5}
6P0tY4uOz-g,Q7V0Xl5L6jc,{5}
6P0tY4uOz-g,WCU8v9VQ6Hc,{5}
6P0tY4uOz-g,Dxz-AzyI1tI,{5}
iOVyNobXTxw,JWux0udX7X0,{5}
iOVyNobXTxw,bzcdvNslKhc,{5}
iOVyNobXTxw,N3cX2EJG5lU,{5}
iOVyNobXTxw,tbspCQqJRKs,{5}
iOVyNobXTxw,Prnur9J8p_8,{5}
iOVyNobXTxw,HD5EUpsZNCA,{5}
iOVyNobXTxw,n4IWQKQYoVE,{5}
iOVyNobXTxw,R_wscUcbynk,{5}
bzcdvNslKhc,n7ZzpiVBMv8,{5}
bzcdvNslKhc,iOVyNobXTxw,{5}
bzcdvNslKhc,pJdAqWFyzp0,{5}
dmLSJrA0n9w,w0d_AUAHVeo,{5}
dmLSJrA0n9w,UuzUKT2Shn8,{5}
dmLSJrA0n9w,cYu7Y52iiYI,{5}
xlQ0psr7Th4,ACuk2TXoNhc,{5}
xlQ0psr7Th4,EPrrFQSZFwk,{5}
xlQ0psr7Th4,2_uRIyAgtpE,{5}
xlQ0psr7Th4,ME92WaNDGVM,{5}
2_uRIyAgtpE,Y99Wj-NStok,{5}
2_uRIyAgtpE,UuzUKT2Shn8,{5}
2_uRIyAgtpE,R-0F5l5vUQA,{5}
2_uRIyAgtpE,xlQ0psr7Th4,{5}
2_uRIyAgtpE,Bgq3aiulecM,{5}
ACuk2TXoNhc,U7RzoIEoSMY,{5}
ACuk2TXoNhc,aVFq0H6D6_M,{5}
ACuk2TXoNhc,kDluReuJDOk,{5}
ACuk2TXoNhc,4WoMl-fEPtc,{5}
ACuk2TXoNhc,iOVyNobXTxw,{5}
EPrrFQSZFwk,Rq5I5hZBKSE,{5}
EPrrFQSZFwk,FNWNdf4dgAE,{5}
EPrrFQSZFwk,y1mz5E8IAW0,{5}
EPrrFQSZFwk,xRmbFCFEOKc,{5}
EPrrFQSZFwk,7GhOJkQEtjw,{5}
Rq5I5hZBKSE,zFPcqGk8eo0,{5}
Rq5I5hZBKSE,XgJOVvr7Lmk,{5}
Rq5I5hZBKSE,5aG1Iyjo20w,{5}
7k-UaBIr1mI,h12LV3xRIpM,{5}
7k-UaBIr1mI,SUDi7Z4P7Xc,{5}
7k-UaBIr1mI,Xzee5huzhUs,{5}
Bgq3aiulecM,wdRJWDKb5Bo,{5}
Bgq3aiulecM,GmT7xR6_Cw0,{5}
Bgq3aiulecM,YYFNYInT1mk,{5}
wdRJWDKb5Bo,SPi_d0zhNFc,{5}
wdRJWDKb5Bo,QKsRNoLyXO8,{5}
wdRJWDKb5Bo,YYFNYInT1mk,{5}
QKsRNoLyXO8,GgOE64kgjjo,{5}
QKsRNoLyXO8,oudZMniib08,{5}
QKsRNoLyXO8,ACuk2TXoNhc,{5}
YYFNYInT1mk,d5LHiV6awv4,{5}
YYFNYInT1mk,95jyuyLMSH8,{5}
YYFNYInT1mk,HFl7dJQbDiA,{5}
GmT7xR6_Cw0,4WoMl-fEPtc,{5}
GmT7xR6_Cw0,2_uRIyAgtpE,{5}
GmT7xR6_Cw0,VPJfga2XQrw,{5}
xRmbFCFEOKc,9lFkNHn8dYQ,{5}
xRmbFCFEOKc,mO3ovyOwiLE,{5}
xRmbFCFEOKc,7WsEDQeoFlI,{9}
xRmbFCFEOKc,eTmx23Euu7Y,{4}
xRmbFCFEOKc,ip-2UhFr1pg,{4}
xRmbFCFEOKc,6fxLOz16mvo,{4}
xRmbFCFEOKc,g9o0xve8nfI,{4}
xRmbFCFEOKc,oC_ZHFiueCc,{4}
xRmbFCFEOKc,bJVGlrkgT6c,{4}
xRmbFCFEOKc,SKBlyYj3W5o,{4}
xRmbFCFEOKc,FQOFpDdg5rQ,{4}
xRmbFCFEOKc,2c3XGtSrWu8,{4}
9lFkNHn8dYQ,oC_ZHFiueCc,{9}
9lFkNHn8dYQ,KfV_Chbb7oY,{5}
9lFkNHn8dYQ,pId_ibJUK9Y,{5}
9lFkNHn8dYQ,SELEQGX89eQ,{4}
9lFkNHn8dYQ,y1mz5E8IAW0,{4}
9lFkNHn8dYQ,xRmbFCFEOKc,{4}
9lFkNHn8dYQ,kDyNQ0qKELQ,{4}
9lFkNHn8dYQ,6fxLOz16mvo,{4}
9lFkNHn8dYQ,0mIagHycicE,{4}
9lFkNHn8dYQ,eTmx23Euu7Y,{4}
oC_ZHFiueCc,kXYuHVatK8w,{4}
oC_ZHFiueCc,7WsEDQeoFlI,{4}
oC_ZHFiueCc,pM224SZsBc0,{4}
oC_ZHFiueCc,ip-2UhFr1pg,{4}
oC_ZHFiueCc,bJVGlrkgT6c,{4}
oC_ZHFiueCc,-RcFSiQrmg8,{4}
oC_ZHFiueCc,J_ThIt5foFs,{4}
oC_ZHFiueCc,g9o0xve8nfI,{4}
KfV_Chbb7oY,qakVKpJ5Jtc,{4}
KfV_Chbb7oY,TPXgh-AQ2Lw,{4}
KfV_Chbb7oY,mLS0MCuqBkM,{4}
mO3ovyOwiLE,61cDgORQkqE,{5}
mO3ovyOwiLE,wSgbVSwlTxs,{5}
mO3ovyOwiLE,0mIagHycicE,{9}
mO3ovyOwiLE,5Wr1OkisWLM,{4}
mO3ovyOwiLE,WBtmvUr_y-A,{4}
0mIagHycicE,foUD4nMCrqw,{4}
0mIagHycicE,mO3ovyOwiLE,{4}
0mIagHycicE,7WsEDQeoFlI,{4}
7WsEDQeoFlI,VIJLYV1x3uM,{5}
7WsEDQeoFlI,hBOTQ_hrf9I,{9}
7WsEDQeoFlI,0mIagHycicE,{9}
7WsEDQeoFlI,EYK9j7ZvFr8,{4}
7WsEDQeoFlI,dMizE7kj4Ok,{4}
7WsEDQeoFlI,foUD4nMCrqw,{4}
7WsEDQeoFlI,18WjEBpmEGE,{4}
7WsEDQeoFlI,uLeC-hLQ2G0,{4}
7WsEDQeoFlI,Tg7OVSIP6cg,{4}
7WsEDQeoFlI,TE4n2lsIwWA,{4}
7WsEDQeoFlI,gvFM5b-6x3s,{4}
7WsEDQeoFlI,rl6aIVU1838,{4}
7WsEDQeoFlI,xRmbFCFEOKc,{4}
7WsEDQeoFlI,oC_ZHFiueCc,{4}
7WsEDQeoFlI,-RcFSiQrmg8,{4}
hBOTQ_hrf9I,NdJ53CmONuw,{4}
hBOTQ_hrf9I,bnqoZiE3mbQ,{4}
hBOTQ_hrf9I,g9o0xve8nfI,{4}
hBOTQ_hrf9I,azz0Et0HtmA,{4}
hBOTQ_hrf9I,foUD4nMCrqw,{4}
zFPcqGk8eo0,kGdaEZNcDLI,{5}
zFPcqGk8eo0,viNAA-0w5Ns,{5}
zFPcqGk8eo0,EPrrFQSZFwk,{5}
XgJOVvr7Lmk,H15HlxLe4EI,{5}
XgJOVvr7Lmk,ix3tXZxXauM,{5}
XgJOVvr7Lmk,Zsu0RGeJkQg,{5}
5aG1Iyjo20w,EPrrFQSZFwk,{5}
5aG1Iyjo20w,JL0qP8lxq_8,{5}
5aG1Iyjo20w,Zsu0RGeJkQg,{5}
7GhOJkQEtjw,0XEgzhVPs0U,{5}
7GhOJkQEtjw,y3HGs1yKGug,{5}
7GhOJkQEtjw,9WtWMByFGYU,{5}
0XEgzhVPs0U,7GhOJkQEtjw,{5}
0XEgzhVPs0U,-9YLCoK5K6o,{5}
0XEgzhVPs0U,cTG-Yvdsgww,{5}
y3HGs1yKGug,jFJGSiwUSA8,{5}
y3HGs1yKGug,7GhOJkQEtjw,{5}
y3HGs1yKGug,mAO3tL5V6_A,{5}
9WtWMByFGYU,CXgNl2g7EL8,{5}
9WtWMByFGYU,7GhOJkQEtjw,{5}
9WtWMByFGYU,WPB6_YLv-as,{5}
l7ePi38LnrA,Y99Wj-NStok,{5}
l7ePi38LnrA,FeDeGAAeQUs,{5}
l7ePi38LnrA,qK4L4wR3-pU,{5}
gds7tj0yYmg,dmLSJrA0n9w,{5}
gds7tj0yYmg,U7RzoIEoSMY,{5}
gds7tj0yYmg,rN_Hu6To4-E,{5}
OxXZkYsthzM,YUfMeUr4Cb4,{5}
OxXZkYsthzM,OwBIrIItMN4,{5}
OxXZkYsthzM,ME92WaNDGVM,{5}
YUfMeUr4Cb4,OxXZkYsthzM,{5}
YUfMeUr4Cb4,7k-UaBIr1mI,{5}
YUfMeUr4Cb4,NRpHfRnR8VA,{5}
OwBIrIItMN4,b-G3I_jf7F0,{5}
OwBIrIItMN4,4zlkkaNgP74,{5}
OwBIrIItMN4,Seb5lqoeLpo,{5}
xgnqURzfuOI,R_wscUcbynk,{5}
xgnqURzfuOI,oYvg2yf7Xeg,{5}
xgnqURzfuOI,wLjmSdmWd-g,{5}
TBR9ypSOTGQ,3QtK0MB_PDE,{5}
TBR9ypSOTGQ,dmLSJrA0n9w,{5}
TBR9ypSOTGQ,R_wscUcbynk,{5}
oHg4oTMu5Yc,zXJ0-4KVwX0,{5}
oHg4oTMu5Yc,oudZMniib08,{5}
oHg4oTMu5Yc,BlxlduEBGNA,{5}
oYvg2yf7Xeg,QXp8ETwUPe0,{5}
oYvg2yf7Xeg,R-0F5l5vUQA,{5}
oYvg2yf7Xeg,iOVyNobXTxw,{5}
QXp8ETwUPe0,cvHuNlK-Dq8,{5}
QXp8ETwUPe0,i9lMiZSU7m4,{5}
QXp8ETwUPe0,7rIJNT7dCmE,{5}
cvHuNlK-Dq8,QrvhU4kK4VM,{5}
cvHuNlK-Dq8,BRlioqnVZ_I,{5}
cvHuNlK-Dq8,kt15LDqlSuw,{5}
i9lMiZSU7m4,tPnIuHBcVFc,{5}
i9lMiZSU7m4,uifA3pkoQE4,{5}
i9lMiZSU7m4,uKmsEmYU_io,{5}
UPFyMA4WtYI,MZ7qUswMsPA,{5}
UPFyMA4WtYI,weWjWlDANlw,{5}
UPFyMA4WtYI,5hk3IOQiisg,{5}
O9dTmzRAL_4,R-0F5l5vUQA,{5}
O9dTmzRAL_4,V1RO2DUAQ2U,{5}
O9dTmzRAL_4,EfWVmzOOQ44,{5}
rvLFEh7V18A,QN-DPQIu_M4,{5}
rvLFEh7V18A,PrH7aPmO61w,{5}
rvLFEh7V18A,DNSJX1a2weo,{5}
tbspCQqJRKs,v_XYwd1TeH0,{5}
tbspCQqJRKs,sPhXb_ePo_s,{5}
tbspCQqJRKs,gwsuNnZV0es,{5}
Prnur9J8p_8,iOVyNobXTxw,{5}
Prnur9J8p_8,AEfdmuq9gZI,{5}
Prnur9J8p_8,DXnwrxLzeI8,{5}
wLjmSdmWd-g,atU04XC3qP8,{5}
wLjmSdmWd-g,un8M9mJKzww,{5}
wLjmSdmWd-g,vjwCNgD2xDo,{5}
atU04XC3qP8,29RkN9X6Vyo,{5}
atU04XC3qP8,FQOFpDdg5rQ,{5}
atU04XC3qP8,T4dcYaJLPiQ,{5}
29RkN9X6Vyo,FNWNdf4dgAE,{5}
29RkN9X6Vyo,6lKfr5pDNbQ,{5}
29RkN9X6Vyo,OHENqq8WO3E,{5}
FQOFpDdg5rQ,R-0F5l5vUQA,{5}
FQOFpDdg5rQ,l_KY_EwZEVA,{5}
FQOFpDdg5rQ,oCBF03d4u0o,{5}
FQOFpDdg5rQ,MZ7qUswMsPA,{4}
FQOFpDdg5rQ,AFrQ1_2bbsI,{4}
FQOFpDdg5rQ,7WsEDQeoFlI,{4}
T4dcYaJLPiQ,MY98_DosTpQ,{5}
T4dcYaJLPiQ,k6XYUXS-33w,{5}
T4dcYaJLPiQ,gpWsBr2Bdn4,{5}
un8M9mJKzww,iOVyNobXTxw,{5}
un8M9mJKzww,nRtsrTTqcHQ,{5}
un8M9mJKzww,ODE4UTKxHL8,{5}
nRtsrTTqcHQ,vFLpmmwkqLE,{5}
nRtsrTTqcHQ,3lBTjbeFOJo,{5}
nRtsrTTqcHQ,QmyIq-ZbpAU,{5}
ODE4UTKxHL8,0SbVF7cPA5o,{5}
ODE4UTKxHL8,cY_CjQ8wy1U,{5}
ODE4UTKxHL8,S7-vRr-GQMQ,{5}
vjwCNgD2xDo,mA5wPFbXTIs,{5}
vjwCNgD2xDo,DuAAcrVJOKo,{5}
vjwCNgD2xDo,S4hPxJOSgTQ,{5}
mA5wPFbXTIs,dI2T6158578,{5}
mA5wPFbXTIs,p0ALRIgt7Tg,{5}
mA5wPFbXTIs,d5j6xYB2eDM,{5}
DuAAcrVJOKo,QUHcJOIjohU,{5}
DuAAcrVJOKo,0cw7wz2NWpI,{5}
DuAAcrVJOKo,d-t6r3N4vZg,{5}
S4hPxJOSgTQ,V6TNl-hvI6Q,{5}
S4hPxJOSgTQ,DuAAcrVJOKo,{5}
S4hPxJOSgTQ,ZdydhtrAK0U,{5}
hO52C1QMusI,F0SW-FXW9h4,{4}
hO52C1QMusI,QDmGb-Zcpdc,{4}
hO52C1QMusI,Jky3b36Eb6Y,{4}
hO52C1QMusI,z3cjksFFKAQ,{4}
hO52C1QMusI,R59gdJgiC-o,{4}
F0SW-FXW9h4,vnqOrP-VbkQ,{4}
F0SW-FXW9h4,NBkvWCmz2W4,{4}
F0SW-FXW9h4,-aXWGFqd21E,{4}
vnqOrP-VbkQ,Kb9X2v6WiCs,{4}
vnqOrP-VbkQ,vdHJjbHwR38,{4}
vnqOrP-VbkQ,U4NijLf3M-A,{4}
Kb9X2v6WiCs,ZmX20huN7yk,{4}
Kb9X2v6WiCs,1X0EwYPtzXs,{4}
Kb9X2v6WiCs,rPeI8emj00Q,{4}
ZmX20huN7yk,r-cvZL056yg,{4}
ZmX20huN7yk,yVtk3G2ZUm8,{4}
ZmX20huN7yk,Kb9X2v6WiCs,{4}
1X0EwYPtzXs,ZmX20huN7yk,{4}
1X0EwYPtzXs,by9CnMC0pcA,{4}
1X0EwYPtzXs,Kb9X2v6WiCs,{4}
rPeI8emj00Q,Pe4gks2rAGg,{4}
rPeI8emj00Q,jwggrAPfgcE,{4}
rPeI8emj00Q,Uu4neonQAF4,{4}
vdHJjbHwR38,z3cjksFFKAQ,{4}
vdHJjbHwR38,syP-OtdCIho,{4}
vdHJjbHwR38,MnUfXYGtT5Q,{4}
vdHJjbHwR38,qsHJ3LvUWTs,{1}
vdHJjbHwR38,dvBbxbjFRw4,{1}
vdHJjbHwR38,rmd8Zbz_JYg,{1}
z3cjksFFKAQ,4DA82guEXSQ,{4}
z3cjksFFKAQ,6rJJINGsH-Q,{4}
z3cjksFFKAQ,6vHhgw0n8t0,{4}
6rJJINGsH-Q,aMcjxSThD54,{4}
6rJJINGsH-Q,UZMIbo_DxJk,{4}
6rJJINGsH-Q,qTk-69f64KU,{4}
6vHhgw0n8t0,I_VSJQeLjwI,{4}
6vHhgw0n8t0,hO52C1QMusI,{4}
6vHhgw0n8t0,lJX7OPxWVvg,{4}
syP-OtdCIho,q4zZ2ker1iI,{4}
syP-OtdCIho,MnUfXYGtT5Q,{4}
syP-OtdCIho,TmNSlF7lcaw,{5}
syP-OtdCIho,jey_CzIOfYE,{1}
syP-OtdCIho,dvBbxbjFRw4,{1}
MnUfXYGtT5Q,TmNSlF7lcaw,{5}
MnUfXYGtT5Q,-5RCmu-HuTg,{4}
MnUfXYGtT5Q,SKzpj0Ev8Xs,{4}
MnUfXYGtT5Q,f-wWBGo6a2w,{5}
MnUfXYGtT5Q,GswLWGOl_1o,{4}
MnUfXYGtT5Q,q4zZ2ker1iI,{4}
MnUfXYGtT5Q,DRJKwDfDbco,{4}
MnUfXYGtT5Q,fFFSKedy9f4,{4}
MnUfXYGtT5Q,TUD3pE3ZsQI,{4}
MnUfXYGtT5Q,tMPUOm7s7jI,{1}
TmNSlF7lcaw,_iudkPi4_sY,{1}
TmNSlF7lcaw,q4zZ2ker1iI,{1}
TmNSlF7lcaw,Iy4vq8RdPGU,{1}
-5RCmu-HuTg,qsHJ3LvUWTs,{4}
-5RCmu-HuTg,zXWGjbH1YlY,{5}
-5RCmu-HuTg,jey_CzIOfYE,{4}
-5RCmu-HuTg,Ful-7jFCIXs,{1}
-5RCmu-HuTg,x9QHlEbO4OM,{1}
U4NijLf3M-A,daVjWUCIbAc,{4}
U4NijLf3M-A,8ABa4RdNPxU,{4}
U4NijLf3M-A,hKUffHXOb8U,{4}
daVjWUCIbAc,MNjYSns0op0,{4}
daVjWUCIbAc,GswLWGOl_1o,{4}
daVjWUCIbAc,qsHJ3LvUWTs,{4}
qsHJ3LvUWTs,vdHJjbHwR38,{1}
qsHJ3LvUWTs,syP-OtdCIho,{1}
qsHJ3LvUWTs,Zm5tpQp6sT4,{1}
8ABa4RdNPxU,C3mZn5nimaU,{4}
8ABa4RdNPxU,hKUffHXOb8U,{4}
8ABa4RdNPxU,Tsuhfsfk6Kk,{4}
hKUffHXOb8U,Xm_2zmX6Akc,{5}
hKUffHXOb8U,kasiov0ytEc,{5}
hKUffHXOb8U,daVjWUCIbAc,{4}
hKUffHXOb8U,fFFSKedy9f4,{1}
hKUffHXOb8U,_iudkPi4_sY,{1}
hKUffHXOb8U,f5rUPatnXSE,{1}
hKUffHXOb8U,syP-OtdCIho,{1}
Xm_2zmX6Akc,MnUfXYGtT5Q,{4}
Xm_2zmX6Akc,fIEKfr9CaZA,{4}
Xm_2zmX6Akc,dJyz6iK8VXE,{4}
kasiov0ytEc,Iy4vq8RdPGU,{1}
kasiov0ytEc,yZYQpge1W5s,{1}
kasiov0ytEc,hKUffHXOb8U,{1}
NBkvWCmz2W4,KC6vOdKf5FE,{4}
NBkvWCmz2W4,MEDgtjpycYg,{4}
NBkvWCmz2W4,9zbt_9R8GrM,{4}
NBkvWCmz2W4,hsQLksbfDSo,{4}
NBkvWCmz2W4,Cb1kyqCO_58,{4}
KC6vOdKf5FE,FKbXqE81W2s,{4}
KC6vOdKf5FE,9zbt_9R8GrM,{4}
KC6vOdKf5FE,hsQLksbfDSo,{4}
FKbXqE81W2s,hj3j2jPcnKk,{4}
FKbXqE81W2s,F08qtHtrXI8,{4}
FKbXqE81W2s,5rXnrq3L2N0,{4}
9zbt_9R8GrM,NBkvWCmz2W4,{4}
9zbt_9R8GrM,GWg_yDl36eM,{4}
9zbt_9R8GrM,4j46AjyuyeU,{4}
9zbt_9R8GrM,taYA_QnHFtc,{4}
9zbt_9R8GrM,ox6s_Y6kHfE,{4}
9zbt_9R8GrM,5r2CaGdFRdU,{4}
hsQLksbfDSo,O-nvNAcvUPE,{4}
hsQLksbfDSo,I5y19Vapk1A,{4}
hsQLksbfDSo,z2W-5J1vl8o,{4}
MEDgtjpycYg,9zbt_9R8GrM,{4}
MEDgtjpycYg,9v1071hD_j8,{4}
MEDgtjpycYg,FmMTb2lF7jM,{4}
taYA_QnHFtc,sl33-o1GgPM,{4}
taYA_QnHFtc,Zo1RBWNT5Ts,{4}
taYA_QnHFtc,Pi2VsspnN94,{4}
9v1071hD_j8,hsSOOH_Gqiw,{4}
9v1071hD_j8,XIXvKKEQQJo,{4}
9v1071hD_j8,SRvL9J4k490,{4}
FmMTb2lF7jM,loG9ujz0N4M,{4}
FmMTb2lF7jM,LUjZ7EViINc,{4}
FmMTb2lF7jM,Zdg4sU-xJjM,{4}
5r2CaGdFRdU,STyj8OoEhaI,{4}
5r2CaGdFRdU,Gl8Jn0PMgJs,{4}
5r2CaGdFRdU,XyoS-eSnp8M,{4}
-aXWGFqd21E,cIVGp0SVAKw,{4}
-aXWGFqd21E,9QXRRbCs2Jg,{4}
-aXWGFqd21E,hP5TNI_2VRs,{4}
cIVGp0SVAKw,Dezbvv2NIlQ,{4}
cIVGp0SVAKw,bvLXj4akgiU,{4}
cIVGp0SVAKw,QM0SSlZy3Fs,{4}
Dezbvv2NIlQ,ki6wLQzUVFQ,{4}
Dezbvv2NIlQ,uW34WLxEfE4,{4}
Dezbvv2NIlQ,QrLzs2oIfe8,{4}
bvLXj4akgiU,WqfIS7orQjU,{4}
bvLXj4akgiU,DPxnJn3W2Es,{4}
bvLXj4akgiU,KnTfGTIHQZE,{4}
QM0SSlZy3Fs,i8p5G6Yzhao,{4}
QM0SSlZy3Fs,bvLXj4akgiU,{4}
QM0SSlZy3Fs,lyJqgL3Zp4E,{4}
9QXRRbCs2Jg,yUlVcs_Y8Uo,{4}
9QXRRbCs2Jg,4ix6r3n5b6o,{4}
9QXRRbCs2Jg,ekbxrK3SEoc,{4}
yUlVcs_Y8Uo,T9y2SQ2QX4o,{4}
yUlVcs_Y8Uo,D402vU4eMIM,{4}
yUlVcs_Y8Uo,LQ8JOsc3-wU,{4}
4ix6r3n5b6o,LPzTA8uflo0,{4}
4ix6r3n5b6o,Dezbvv2NIlQ,{4}
4ix6r3n5b6o,zZcmBLkMo1c,{4}
ekbxrK3SEoc,-aXWGFqd21E,{4}
ekbxrK3SEoc,V3mgWT984xQ,{4}
ekbxrK3SEoc,BSSioQbTido,{4}
hP5TNI_2VRs,4O2JK_94g3Y,{4}
hP5TNI_2VRs,9oWOsocN7qg,{4}
hP5TNI_2VRs,dmDbesougG0,{4}
4O2JK_94g3Y,G1RRbupCxi0,{4}
4O2JK_94g3Y,VaRO5-V1uK0,{4}
4O2JK_94g3Y,lo0X2ZdElQ4,{4}
9oWOsocN7qg,hP5TNI_2VRs,{4}
9oWOsocN7qg,g6BtbIiJ_rc,{4}
9oWOsocN7qg,23Xqu0jXlfs,{4}
dmDbesougG0,yZDtCrY2CUY,{4}
dmDbesougG0,pRKGH8soIbk,{4}
dmDbesougG0,csCp0Wd2-40,{4}
QDmGb-Zcpdc,LfbQC3muuEk,{4}
QDmGb-Zcpdc,ANTfTMQoe1M,{4}
QDmGb-Zcpdc,U9y29Lp8u_I,{4}
QDmGb-Zcpdc,TL0wZqajioY,{4}
QDmGb-Zcpdc,hO52C1QMusI,{4}
QDmGb-Zcpdc,Y6DL1oiCwmQ,{4}
TL0wZqajioY,U9y29Lp8u_I,{4}
TL0wZqajioY,SUZ8bmwE2KM,{4}
TL0wZqajioY,1neu67NfPBs,{4}
TL0wZqajioY,QDmGb-Zcpdc,{4}
TL0wZqajioY,vSgHe2g6BA0,{4}
TL0wZqajioY,QUUC3rVbS4U,{4}
U9y29Lp8u_I,Q-ok5HebiCw,{4}
U9y29Lp8u_I,vSgHe2g6BA0,{4}
U9y29Lp8u_I,cUrSIIC9aS4,{4}
U9y29Lp8u_I,2RKfaRpv2Ns,{4}
U9y29Lp8u_I,RiUORHr6DFk,{4}
U9y29Lp8u_I,HwGmXpWsvSo,{4}
U9y29Lp8u_I,zZVZ-EsO6iE,{4}
U9y29Lp8u_I,TL0wZqajioY,{4}
U9y29Lp8u_I,QkFweL2BFQ8,{4}
Q-ok5HebiCw,U9y29Lp8u_I,{4}
Q-ok5HebiCw,EvHm1yULjUQ,{4}
Q-ok5HebiCw,cYE-cCPrAC0,{4}
Q-ok5HebiCw,srRRYZpb6Mg,{4}
Q-ok5HebiCw,UrMS1dUUio0,{4}
EvHm1yULjUQ,Q-ok5HebiCw,{4}
EvHm1yULjUQ,oSZqtipwP7c,{4}
EvHm1yULjUQ,QyTOGY1A6ZQ,{4}
vSgHe2g6BA0,QDmGb-Zcpdc,{4}
vSgHe2g6BA0,TL0wZqajioY,{4}
vSgHe2g6BA0,88kq-sQhOeQ,{4}
vSgHe2g6BA0,Q-ok5HebiCw,{4}
vSgHe2g6BA0,QkFweL2BFQ8,{4}
vSgHe2g6BA0,cYE-cCPrAC0,{4}
vSgHe2g6BA0,LfbQC3muuEk,{4}
vSgHe2g6BA0,U9y29Lp8u_I,{4}
vSgHe2g6BA0,s7jXASBWwwI,{4}
vSgHe2g6BA0,6YweslURH60,{4}
cUrSIIC9aS4,XuIy_Q43iWI,{4}
cUrSIIC9aS4,EvHm1yULjUQ,{4}
cUrSIIC9aS4,HwGmXpWsvSo,{4}
HwGmXpWsvSo,vSgHe2g6BA0,{4}
HwGmXpWsvSo,QDmGb-Zcpdc,{4}
HwGmXpWsvSo,QUUC3rVbS4U,{4}
QkFweL2BFQ8,3Zpe_7yFkBs,{4}
QkFweL2BFQ8,TL0wZqajioY,{4}
QkFweL2BFQ8,U9y29Lp8u_I,{4}
QkFweL2BFQ8,Q-ok5HebiCw,{4}
QkFweL2BFQ8,vSgHe2g6BA0,{4}
QkFweL2BFQ8,EvHm1yULjUQ,{4}
1neu67NfPBs,TL0wZqajioY,{4}
1neu67NfPBs,Q-ok5HebiCw,{4}
1neu67NfPBs,RiUORHr6DFk,{4}
LfbQC3muuEk,nWRaXrbtRYs,{4}
LfbQC3muuEk,QDmGb-Zcpdc,{4}
LfbQC3muuEk,RiUORHr6DFk,{4}
ANTfTMQoe1M,8SuJExjfvZQ,{4}
ANTfTMQoe1M,0bG2T-CWc7c,{4}
ANTfTMQoe1M,k4DvlWEjzBQ,{4}
QUUC3rVbS4U,Q-ok5HebiCw,{4}
QUUC3rVbS4U,SUZ8bmwE2KM,{4}
QUUC3rVbS4U,nWRaXrbtRYs,{4}
QUUC3rVbS4U,EOLMTl-H0t0,{4}
QUUC3rVbS4U,EvHm1yULjUQ,{4}
Y6DL1oiCwmQ,Gu5Y35NTTVs,{4}
Y6DL1oiCwmQ,IyHbxVSdq68,{4}
Y6DL1oiCwmQ,b0WqSZzc78k,{4}
Gu5Y35NTTVs,etL2i7Qz5p4,{4}
Gu5Y35NTTVs,lO-8_WFsZ6U,{4}
Gu5Y35NTTVs,G2FiZEkxdYs,{4}
etL2i7Qz5p4,Gu5Y35NTTVs,{4}
etL2i7Qz5p4,cy5ZBli90g0,{4}
etL2i7Qz5p4,hr4y06stAVk,{4}
lO-8_WFsZ6U,2EAMMaPtRVI,{4}
lO-8_WFsZ6U,Gu5Y35NTTVs,{4}
lO-8_WFsZ6U,etL2i7Qz5p4,{4}
G2FiZEkxdYs,l6TgyJDziw4,{4}
G2FiZEkxdYs,V5ecnIcdtd8,{4}
G2FiZEkxdYs,sPZkISamPn4,{4}
IyHbxVSdq68,FkdaFSqg344,{4}
IyHbxVSdq68,PxmjF1k2j-A,{4}
IyHbxVSdq68,G1NqA_b5PtM,{4}
FkdaFSqg344,2PYK5pJwK6Q,{4}
FkdaFSqg344,a7N3hj4Fmrw,{4}
FkdaFSqg344,8ApnEyUQFVk,{4}
PxmjF1k2j-A,BaZ4R2ovI9k,{4}
PxmjF1k2j-A,Rn5rMtwI81w,{4}
PxmjF1k2j-A,Y6DL1oiCwmQ,{4}
G1NqA_b5PtM,hF3NgzVxQZ0,{4}
G1NqA_b5PtM,BYNXspC-_xs,{4}
G1NqA_b5PtM,Q9w4RpKHh8Q,{4}
b0WqSZzc78k,uykobxM8uwg,{4}
b0WqSZzc78k,N5_OkdvPmUI,{4}
b0WqSZzc78k,3ruubm7WMWE,{4}
uykobxM8uwg,PxmjF1k2j-A,{4}
uykobxM8uwg,tgl-QThIXJk,{4}
uykobxM8uwg,u8hLpwA4pVc,{4}
N5_OkdvPmUI,s8hg-1Rfs7c,{4}
N5_OkdvPmUI,34ly4a0zTzM,{4}
N5_OkdvPmUI,n-f-aSOJLgc,{4}
3ruubm7WMWE,fywVOcxx3VI,{4}
3ruubm7WMWE,n-f-aSOJLgc,{4}
3ruubm7WMWE,_eTPG94HNS4,{4}
R59gdJgiC-o,ICOBm9fWkIo,{4}
R59gdJgiC-o,odEVupB752U,{4}
R59gdJgiC-o,RbIm2vui_oM,{4}
ICOBm9fWkIo,HE_sXVVY4a0,{4}
ICOBm9fWkIo,ApC0faRYabI,{4}
ICOBm9fWkIo,tMPUOm7s7jI,{4}
ICOBm9fWkIo,M2QewerYwV8,{4}
ICOBm9fWkIo,MV078z5fwds,{4}
ICOBm9fWkIo,fIEKfr9CaZA,{4}
HE_sXVVY4a0,h7sxGXye844,{4}
HE_sXVVY4a0,MV078z5fwds,{4}
HE_sXVVY4a0,-5RCmu-HuTg,{4}
h7sxGXye844,fIEKfr9CaZA,{4}
h7sxGXye844,bvNM9iuNBTs,{4}
h7sxGXye844,zXWGjbH1YlY,{4}
fIEKfr9CaZA,HE_sXVVY4a0,{4}
fIEKfr9CaZA,zSErYhxNLX0,{4}
fIEKfr9CaZA,AR-86T8jpuQ,{4}
fIEKfr9CaZA,MnUfXYGtT5Q,{4}
fIEKfr9CaZA,q4zZ2ker1iI,{4}
fIEKfr9CaZA,hO52C1QMusI,{4}
bvNM9iuNBTs,MnUfXYGtT5Q,{4}
bvNM9iuNBTs,Xm_2zmX6Akc,{4}
bvNM9iuNBTs,zXWGjbH1YlY,{4}
zXWGjbH1YlY,MnUfXYGtT5Q,{4}
zXWGjbH1YlY,hO52C1QMusI,{4}
zXWGjbH1YlY,jey_CzIOfYE,{4}
MV078z5fwds,VYJp813tGH4,{4}
MV078z5fwds,-5RCmu-HuTg,{4}
MV078z5fwds,dJyz6iK8VXE,{4}
MV078z5fwds,ICOBm9fWkIo,{4}
MV078z5fwds,Wm2R6MrJdyY,{4}
MV078z5fwds,fIEKfr9CaZA,{4}
jey_CzIOfYE,-5RCmu-HuTg,{1}
jey_CzIOfYE,QmOF0crdyRU,{1}
jey_CzIOfYE,hKUffHXOb8U,{1}
tMPUOm7s7jI,MV078z5fwds,{1}
tMPUOm7s7jI,-5RCmu-HuTg,{1}
tMPUOm7s7jI,Wm2R6MrJdyY,{1}
Wm2R6MrJdyY,hO52C1QMusI,{4}
Wm2R6MrJdyY,MV078z5fwds,{4}
Wm2R6MrJdyY,qqi0jHn_7-I,{4}
zSErYhxNLX0,WvmlIZwunHE,{4}
zSErYhxNLX0,Ddzf9Mm4hdY,{4}
zSErYhxNLX0,hO52C1QMusI,{4}
zSErYhxNLX0,fIEKfr9CaZA,{4}
zSErYhxNLX0,QAs0JKj9YzA,{4}
zSErYhxNLX0,23dArPpXgCM,{4}
AR-86T8jpuQ,Zjq6vyFjv7Q,{4}
AR-86T8jpuQ,h7sxGXye844,{4}
AR-86T8jpuQ,MnUfXYGtT5Q,{4}
f-wWBGo6a2w,R_GPAl_q2QQ,{1}
f-wWBGo6a2w,wNjbasba-Qw,{1}
f-wWBGo6a2w,H9B5mYfBPlY,{1}
odEVupB752U,zSErYhxNLX0,{4}
odEVupB752U,6rJJINGsH-Q,{4}
odEVupB752U,6vHhgw0n8t0,{4}
QAs0JKj9YzA,LxZuaAVh8sk,{4}
QAs0JKj9YzA,FYUjo7zvz4A,{4}
QAs0JKj9YzA,4cYuWLZI5kw,{4}
23dArPpXgCM,mt_8doJ6M4k,{4}
23dArPpXgCM,9OF06n1jNkM,{4}
23dArPpXgCM,FU8IwII8hhc,{4}
aMcjxSThD54,-5RCmu-HuTg,{4}
aMcjxSThD54,g8GSlP2yCD8,{4}
aMcjxSThD54,di2FM8WZI5E,{4}
UZMIbo_DxJk,TmNSlF7lcaw,{4}
UZMIbo_DxJk,jey_CzIOfYE,{4}
UZMIbo_DxJk,-5RCmu-HuTg,{4}
qTk-69f64KU,_iudkPi4_sY,{4}
qTk-69f64KU,Iy4vq8RdPGU,{4}
qTk-69f64KU,UZMIbo_DxJk,{4}
_iudkPi4_sY,qsHJ3LvUWTs,{1}
_iudkPi4_sY,jey_CzIOfYE,{1}
_iudkPi4_sY,vMSmUzDt-7U,{1}
Iy4vq8RdPGU,g8GSlP2yCD8,{1}
Iy4vq8RdPGU,aiRLejymIn8,{1}
Iy4vq8RdPGU,kasiov0ytEc,{1}
I_VSJQeLjwI,GBv0XLINAfs,{4}
I_VSJQeLjwI,TUD3pE3ZsQI,{4}
I_VSJQeLjwI,zPfFqFl31ZI,{4}
lJX7OPxWVvg,BGqcG8Ja_FY,{4}
lJX7OPxWVvg,5qhvF21WRIA,{4}
lJX7OPxWVvg,6a5PGK6Yih4,{4}
RbIm2vui_oM,5Sp0PQFK8ng,{4}
RbIm2vui_oM,bvNM9iuNBTs,{4}
RbIm2vui_oM,JL9jnmohSFU,{4}
5Sp0PQFK8ng,_iarSAe2BN0,{4}
5Sp0PQFK8ng,v6pOUI8IPSQ,{4}
5Sp0PQFK8ng,Z7NFZ7b_67M,{4}
_iarSAe2BN0,1G-mKa4pFkA,{4}
_iarSAe2BN0,FntF1mGCK9M,{4}
_iarSAe2BN0,z3cjksFFKAQ,{4}
v6pOUI8IPSQ,fIEKfr9CaZA,{4}
v6pOUI8IPSQ,VYJp813tGH4,{4}
v6pOUI8IPSQ,MV078z5fwds,{4}
Z7NFZ7b_67M,VYJp813tGH4,{4}
Z7NFZ7b_67M,fIEKfr9CaZA,{4}
Z7NFZ7b_67M,h7sxGXye844,{4}
JL9jnmohSFU,IoppxgDTzUU,{4}
JL9jnmohSFU,-05qHLyG344,{4}
JL9jnmohSFU,lDEkOzvysm0,{4}
IoppxgDTzUU,07nOScAHnXI,{4}
IoppxgDTzUU,UGmADfU5HGU,{4}
IoppxgDTzUU,fkT7pMQ8uJA,{4}
-05qHLyG344,07nOScAHnXI,{4}
-05qHLyG344,T7frvyrcpDU,{4}
-05qHLyG344,pkte99B_xUc,{4}
lDEkOzvysm0,Sk47e7oMkk4,{4}
lDEkOzvysm0,E1hDen2vTm4,{4}
lDEkOzvysm0,8v64SSuo5SE,{4}
kWDtegTMi2U,SBrmcs7q22w,{3}
kWDtegTMi2U,iJo6WnNICUc,{3}
kWDtegTMi2U,yTaskbQHIAo,{3}
SBrmcs7q22w,65vPneHHpl4,{3}
SBrmcs7q22w,ZIZ6s0CLf-Y,{3}
SBrmcs7q22w,4w06emMMXw0,{3}
SBrmcs7q22w,eGKUIYrqVPU,{3}
SBrmcs7q22w,YXbiDpgtmk4,{3}
SBrmcs7q22w,a3LGOAFGX9g,{3}
65vPneHHpl4,6yTZFPVqdN8,{3}
65vPneHHpl4,w_Ma8oQLmSM,{3}
65vPneHHpl4,37fVbRMSGog,{3}
6yTZFPVqdN8,vAkvag-2y3g,{3}
6yTZFPVqdN8,pqdZxp6r-Ss,{3}
6yTZFPVqdN8,fwq6WvNX5kE,{3}
6yTZFPVqdN8,-NAw_XBUyKI,{3}
6yTZFPVqdN8,oHS1LObaZbw,{3}
6yTZFPVqdN8,mj2UEc_DiOU,{3}
6yTZFPVqdN8,9X2KsEHFDIc,{1}
vAkvag-2y3g,vYs3PcbSeSw,{3}
vAkvag-2y3g,suPH0NMv0nM,{3}
vAkvag-2y3g,5RdOwUFNyR0,{3}
pqdZxp6r-Ss,GGp08YB4mao,{3}
pqdZxp6r-Ss,Xeo3E3IQxpw,{3}
pqdZxp6r-Ss,unI0V_54mY8,{3}
pqdZxp6r-Ss,1BG0QDq6tyg,{1}
pqdZxp6r-Ss,tTGSoX3imPs,{1}
fwq6WvNX5kE,uHyeWEBKAKc,{3}
fwq6WvNX5kE,JNASqHGErDc,{3}
fwq6WvNX5kE,8pjQNYnWvAQ,{3}
fwq6WvNX5kE,5RdOwUFNyR0,{1}
fwq6WvNX5kE,wgpKzUCpIvQ,{1}
w_Ma8oQLmSM,5wd725vbAG4,{3}
w_Ma8oQLmSM,07LS8-St61c,{3}
w_Ma8oQLmSM,-upyPouRrB8,{3}
5wd725vbAG4,RmBr1y-UiYg,{3}
5wd725vbAG4,tY46Agj2VWE,{3}
5wd725vbAG4,aR5N2Jl8k14,{3}
07LS8-St61c,w_Ma8oQLmSM,{3}
07LS8-St61c,YE8ZR0o3mpE,{3}
07LS8-St61c,WILEB3_5AnM,{3}
-upyPouRrB8,jKWsY1tt8qw,{3}
-upyPouRrB8,De8gN39Pzy4,{3}
-upyPouRrB8,dp8PhLsUcFE,{3}
37fVbRMSGog,6yTZFPVqdN8,{3}
37fVbRMSGog,pn-cd6YJvF4,{3}
37fVbRMSGog,vsmLj207hrE,{3}
37fVbRMSGog,-8EvaXKIlME,{3}
37fVbRMSGog,zfM6wSaX_Vc,{3}
37fVbRMSGog,Yl9bgcBf-6M,{3}
pn-cd6YJvF4,oANmUYb98no,{3}
pn-cd6YJvF4,UttJCgRllTM,{3}
pn-cd6YJvF4,JfgALH_l1BA,{3}
UttJCgRllTM,GCk4RlPkFSQ,{2}
UttJCgRllTM,KEucxkTUG2c,{2}
UttJCgRllTM,EMh1OxjtAis,{2}
UttJCgRllTM,rEgM1JqnuN0,{2}
UttJCgRllTM,S2DBI2rrmww,{2}
vsmLj207hrE,04R4uk04-9o,{3}
vsmLj207hrE,C-SsEIaHcLE,{3}
vsmLj207hrE,cWjU03dGa8c,{3}
vsmLj207hrE,vDSyuKdLaYE,{2}
vsmLj207hrE,UttJCgRllTM,{2}
04R4uk04-9o,TMAbEmRD9JI,{2}
04R4uk04-9o,FSlMnn0hc9c,{2}
04R4uk04-9o,M57IAJpXjhQ,{2}
04R4uk04-9o,EMh1OxjtAis,{1}
04R4uk04-9o,sdp9PQyrV2A,{1}
04R4uk04-9o,XIMhQk4Sm5g,{1}
cWjU03dGa8c,mwQTGmKn7FQ,{2}
cWjU03dGa8c,kt79HTw329k,{2}
cWjU03dGa8c,N-pFwdyK7V8,{2}
ZIZ6s0CLf-Y,Kl7YcrDv6R0,{3}
ZIZ6s0CLf-Y,VqhMCKDdWk0,{3}
ZIZ6s0CLf-Y,BOPsrsrsSYI,{3}
Kl7YcrDv6R0,RaAXj5a0K6I,{3}
Kl7YcrDv6R0,hk5GtdiTWq8,{3}
Kl7YcrDv6R0,eGKUIYrqVPU,{3}
RaAXj5a0K6I,pzDjj9xGBCQ,{3}
RaAXj5a0K6I,h8iiVgFW2qk,{3}
RaAXj5a0K6I,IajwYGgqPP8,{3}
hk5GtdiTWq8,GH6ulgcbDA8,{3}
hk5GtdiTWq8,M1zJ7N6qQeY,{3}
hk5GtdiTWq8,dHtJS2t3TX4,{3}
eGKUIYrqVPU,2IV18WYGENo,{3}
eGKUIYrqVPU,o4JO-eHJuTc,{6}
eGKUIYrqVPU,Kl7YcrDv6R0,{3}
eGKUIYrqVPU,CfWi5x0Ste4,{3}
eGKUIYrqVPU,WmOLv44pKZE,{3}
eGKUIYrqVPU,hk5GtdiTWq8,{3}
eGKUIYrqVPU,ZrkkLXpjicQ,{3}
eGKUIYrqVPU,lb-4Ie77YrU,{3}
VqhMCKDdWk0,W1ilCy6XrmI,{3}
VqhMCKDdWk0,SuBmFj12Lic,{3}
VqhMCKDdWk0,lvilPiJpU6M,{3}
W1ilCy6XrmI,4nSZPqJfC_I,{3}
W1ilCy6XrmI,VqhMCKDdWk0,{3}
W1ilCy6XrmI,2jw_3O4wHkE,{3}
SuBmFj12Lic,P5JnMJfa0HA,{3}
SuBmFj12Lic,4E3Nijfxwtk,{3}
SuBmFj12Lic,NWy0P3b_c5s,{3}
lvilPiJpU6M,pfiz4YhDP4w,{3}
lvilPiJpU6M,W1ilCy6XrmI,{3}
lvilPiJpU6M,VqhMCKDdWk0,{3}
BOPsrsrsSYI,QDLcycmwB0c,{3}
BOPsrsrsSYI,jEbRVNxL44c,{3}
BOPsrsrsSYI,XWq5kBlakcQ,{3}
QDLcycmwB0c,1cm9aWzVOXY,{3}
QDLcycmwB0c,4BfhUssdKr8,{3}
QDLcycmwB0c,EElCj8NjGxo,{3}
jEbRVNxL44c,xX0ozxrZlEQ,{3}
jEbRVNxL44c,OnDpE8uSb7M,{3}
jEbRVNxL44c,tXjTQuxC5_g,{3}
XWq5kBlakcQ,dZ13TZk5eH4,{3}
XWq5kBlakcQ,JO29lfQNyiU,{3}
XWq5kBlakcQ,YdZjxA0vmM8,{3}
4w06emMMXw0,37fVbRMSGog,{3}
4w06emMMXw0,uthtJ5gkb2E,{3}
4w06emMMXw0,kO39nIcuPhQ,{3}
-8EvaXKIlME,eHzgqz3IhqA,{3}
-8EvaXKIlME,PEPt_yWtT8c,{3}
-8EvaXKIlME,g8L3kLPwlqQ,{3}
zfM6wSaX_Vc,65vPneHHpl4,{3}
zfM6wSaX_Vc,bpGRlUOeReA,{3}
zfM6wSaX_Vc,Hbv9yxBjZQI,{3}
Yl9bgcBf-6M,I0m4AAiH-_w,{3}
Yl9bgcBf-6M,e4TexGoL6tQ,{3}
Yl9bgcBf-6M,oxwbqrmTSgg,{3}
uthtJ5gkb2E,USH9wTxE5tQ,{3}
uthtJ5gkb2E,PF6WG5Ub07M,{3}
uthtJ5gkb2E,3u4s8QnXkpg,{3}
USH9wTxE5tQ,8MzRdszbHhI,{3}
USH9wTxE5tQ,TaliInOFKIA,{3}
USH9wTxE5tQ,RzJ4GoXk6qw,{3}
PF6WG5Ub07M,WaU0nbgAuw8,{3}
PF6WG5Ub07M,NLuiqLTuZQ8,{3}
PF6WG5Ub07M,_PtjGXqH0Eg,{3}
3u4s8QnXkpg,DaYCeIsWono,{3}
3u4s8QnXkpg,4HPajoFbOJA,{3}
3u4s8QnXkpg,2klp6uGHa5k,{3}
kO39nIcuPhQ,glPG7Y8rnlM,{3}
kO39nIcuPhQ,rQ55ngkhBfg,{3}
kO39nIcuPhQ,H-xsNfB8PjI,{3}
glPG7Y8rnlM,7xsNJtkyWOo,{3}
glPG7Y8rnlM,ezhw0FRQfCo,{3}
glPG7Y8rnlM,4X0apPWnehY,{3}
rQ55ngkhBfg,JhjIoE5eub4,{3}
rQ55ngkhBfg,1uzC8lR83Iw,{3}
rQ55ngkhBfg,xIw22EL3Oes,{3}
H-xsNfB8PjI,3Qp7oSPnnUY,{3}
H-xsNfB8PjI,x-M8lMX38Vs,{3}
H-xsNfB8PjI,Sf6H8kSunRA,{3}
Sf6H8kSunRA,59A8-rKRs-0,{1}
Sf6H8kSunRA,pI0ZUhBvIx4,{1}
Sf6H8kSunRA,udNXMAflbU8,{1}
iJo6WnNICUc,5wedKCLAGt0,{3}
iJo6WnNICUc,iOb9wKzlEi4,{3}
iJo6WnNICUc,vN30emwcNS4,{3}
5wedKCLAGt0,x8TYoCqp7bw,{3}
5wedKCLAGt0,JdNT--1t5bg,{3}
5wedKCLAGt0,PfEfS3l7LOs,{3}
x8TYoCqp7bw,-oDb89E18FU,{3}
x8TYoCqp7bw,qzz9QBmFuAs,{3}
x8TYoCqp7bw,4c5XgaO2A9g,{3}
-oDb89E18FU,eZH-PQ-HSE4,{3}
-oDb89E18FU,x8TYoCqp7bw,{3}
-oDb89E18FU,4f66yeVo81A,{3}
qzz9QBmFuAs,PoOK_YVcFWY,{3}
qzz9QBmFuAs,gXaNaZ7s6Mo,{3}
qzz9QBmFuAs,g1FmdyiTVwQ,{3}
g1FmdyiTVwQ,SsU4bFJ0CA8,{3}
g1FmdyiTVwQ,HcGj7GqRVcI,{3}
g1FmdyiTVwQ,rq6HmtlywvQ,{3}
4c5XgaO2A9g,ePOqPscKDNs,{3}
4c5XgaO2A9g,DYX2MaYcJBQ,{3}
4c5XgaO2A9g,N5vSUocgFSE,{3}
ePOqPscKDNs,nCPnvcOF69w,{3}
ePOqPscKDNs,saoCm4FoTNo,{3}
ePOqPscKDNs,OECfoiGYMM0,{3}
JdNT--1t5bg,g1FmdyiTVwQ,{3}
JdNT--1t5bg,ePOqPscKDNs,{3}
JdNT--1t5bg,GG78ZcrwRgA,{3}
GG78ZcrwRgA,i1WAI6r1zdA,{3}
GG78ZcrwRgA,-fmgkOWfCq4,{3}
GG78ZcrwRgA,9yAh8TyeAck,{3}
PfEfS3l7LOs,sD_V_hVHd4Y,{3}
PfEfS3l7LOs,rd_xyxmHr5E,{3}
PfEfS3l7LOs,CsipYP3pWcI,{3}
sD_V_hVHd4Y,CsipYP3pWcI,{3}
sD_V_hVHd4Y,wgFj4m_RFc8,{3}
sD_V_hVHd4Y,cp0DeCQU7XE,{3}
CsipYP3pWcI,__zxC6TWqEg,{3}
CsipYP3pWcI,CpQCX9XhQAY,{3}
CsipYP3pWcI,VgkMgPKmeKo,{3}
rd_xyxmHr5E,psItYSarPbA,{3}
rd_xyxmHr5E,v6p_3q6KrEs,{3}
rd_xyxmHr5E,qJBjCjFADhg,{3}
iOb9wKzlEi4,hvDrGmflHoc,{3}
iOb9wKzlEi4,gipTs96JImI,{3}
iOb9wKzlEi4,Ct2Ykhh7BGI,{3}
hvDrGmflHoc,mmSNloW7Kys,{3}
hvDrGmflHoc,dHSJRzRSDlU,{3}
hvDrGmflHoc,5_SV6x0D5YM,{3}
mmSNloW7Kys,5NRdrE5rwjc,{3}
mmSNloW7Kys,vMocaEzCp7Q,{3}
mmSNloW7Kys,PfVrXpbxO_s,{3}
dHSJRzRSDlU,vouLINqRxxc,{3}
dHSJRzRSDlU,nXEKLANxrZs,{3}
dHSJRzRSDlU,t8esUGaJRyk,{3}
5_SV6x0D5YM,D5-3Jpjz6do,{3}
5_SV6x0D5YM,8Sua7fY_8ps,{3}
5_SV6x0D5YM,Ct2Ykhh7BGI,{3}
Ct2Ykhh7BGI,iNpu-6zdFHI,{3}
Ct2Ykhh7BGI,evfkT04pFWs,{3}
Ct2Ykhh7BGI,0OoBNegwoDQ,{3}
gipTs96JImI,KRm3rSvh7R4,{3}
gipTs96JImI,ZXphA_6szKs,{3}
gipTs96JImI,Vd9rQ7AZ_xg,{3}
KRm3rSvh7R4,FM-BC5QHexU,{3}
KRm3rSvh7R4,yqaHXKLRKzg,{3}
KRm3rSvh7R4,-vj4falKEw4,{3}
ZXphA_6szKs,g5opTgbHpGM,{3}
ZXphA_6szKs,UulC03u8idQ,{3}
ZXphA_6szKs,Mm0f0i_Xw2Q,{3}
Vd9rQ7AZ_xg,b_QkvpIcdUc,{3}
Vd9rQ7AZ_xg,rLnNaewOAbY,{3}
Vd9rQ7AZ_xg,-pTSllh7kJA,{3}
iNpu-6zdFHI,fGu5LKxo8L8,{3}
iNpu-6zdFHI,oRvORC5fF6U,{3}
iNpu-6zdFHI,Ba5IWs66488,{3}
evfkT04pFWs,svg9mg5NemA,{3}
evfkT04pFWs,TTdQd9hzNjc,{3}
evfkT04pFWs,flEwCgckbFU,{3}
0OoBNegwoDQ,w4ri_s-Qits,{3}
0OoBNegwoDQ,jInUH621qMo,{3}
0OoBNegwoDQ,-3MIbqqIZUc,{3}
vN30emwcNS4,NJSUKDng_Ww,{3}
vN30emwcNS4,5RWGh19yTXw,{3}
vN30emwcNS4,pp-nPZETLTo,{3}
NJSUKDng_Ww,YqNH6GVAATY,{3}
NJSUKDng_Ww,yISH-sCvHXU,{3}
NJSUKDng_Ww,3j7am9kjMrk,{3}
YqNH6GVAATY,mguSnRdlYBQ,{3}
YqNH6GVAATY,zy7c_FHiEac,{3}
YqNH6GVAATY,NJSUKDng_Ww,{3}
yISH-sCvHXU,7Vsp5DJtsXM,{3}
yISH-sCvHXU,nBaIRm4610o,{3}
yISH-sCvHXU,LfZpLllgd5Q,{3}
nBaIRm4610o,wQH40UydmWM,{3}
nBaIRm4610o,LfZpLllgd5Q,{3}
nBaIRm4610o,KgVsd6qoyU4,{3}
3j7am9kjMrk,hKa3EZqofNo,{3}
3j7am9kjMrk,r_Et4PUyS94,{3}
3j7am9kjMrk,LfZpLllgd5Q,{3}
hKa3EZqofNo,ckIQhGKyvd4,{3}
hKa3EZqofNo,r_Et4PUyS94,{3}
hKa3EZqofNo,M8SQCDIVf1s,{3}
5RWGh19yTXw,6v5VrpgXPm4,{3}
5RWGh19yTXw,rA-sCLJO2P4,{3}
5RWGh19yTXw,20hqPnyeKCE,{3}
6v5VrpgXPm4,G433fa01oMU,{3}
6v5VrpgXPm4,m4KXulIM7VA,{3}
6v5VrpgXPm4,n_60oIqssVw,{3}
rA-sCLJO2P4,9bamaEMftg4,{3}
rA-sCLJO2P4,5RWGh19yTXw,{3}
rA-sCLJO2P4,pp-nPZETLTo,{3}
pp-nPZETLTo,hKa3EZqofNo,{3}
pp-nPZETLTo,nBaIRm4610o,{3}
pp-nPZETLTo,xRkRilP1OTU,{3}
20hqPnyeKCE,xTORziS9dHg,{3}
20hqPnyeKCE,VcX2zhZt-cg,{3}
20hqPnyeKCE,LEe4gy4BQcs,{3}
xRkRilP1OTU,DnvdUAiTw54,{3}
xRkRilP1OTU,vN30emwcNS4,{3}
xRkRilP1OTU,PyAllA3_6X8,{3}
yTaskbQHIAo,ym6-e7Ut1IM,{3}
yTaskbQHIAo,0nfEj9mAJHA,{3}
yTaskbQHIAo,6EeMAlhZP-4,{3}
ym6-e7Ut1IM,n4U8_9VNzx4,{3}
ym6-e7Ut1IM,4TwEA6sPYLs,{3}
ym6-e7Ut1IM,3YF9qwovaVY,{3}
ym6-e7Ut1IM,MsvbyCu5w2g,{3}
ym6-e7Ut1IM,MiZZJGMjSDM,{3}
n4U8_9VNzx4,3YF9qwovaVY,{3}
n4U8_9VNzx4,eS6oW3utepE,{3}
n4U8_9VNzx4,mNvFChbGgRI,{3}
3YF9qwovaVY,GVA_uk6KW8k,{3}
3YF9qwovaVY,MiZZJGMjSDM,{3}
3YF9qwovaVY,SK8lHVVU1f0,{3}
GVA_uk6KW8k,ahy5MFWwKkw,{3}
GVA_uk6KW8k,mN-ZWoBdvFU,{3}
GVA_uk6KW8k,4vZpUt2fqqg,{3}
eS6oW3utepE,PQpIyp7TD80,{3}
eS6oW3utepE,LqvzV_PKDAg,{3}
eS6oW3utepE,KwAHgztCQuc,{3}
mNvFChbGgRI,U3ZYsPxnhgE,{3}
mNvFChbGgRI,rIY4LMPLujE,{3}
mNvFChbGgRI,MiZZJGMjSDM,{3}
4TwEA6sPYLs,0yc5O7tDQlg,{3}
4TwEA6sPYLs,-PV0PR2TWrw,{3}
4TwEA6sPYLs,K4KwHY4nxDA,{3}
0yc5O7tDQlg,Td6d2uyVmCo,{3}
0yc5O7tDQlg,NFPK_s9qsaM,{3}
0yc5O7tDQlg,vdl6m6VHzU0,{3}
-PV0PR2TWrw,jWqNWQ8mVHo,{3}
-PV0PR2TWrw,99qvMknS3RY,{3}
-PV0PR2TWrw,SjVSfcfQUGQ,{3}
K4KwHY4nxDA,-PV0PR2TWrw,{3}
K4KwHY4nxDA,PQpIyp7TD80,{3}
K4KwHY4nxDA,_yq_K-xFmOI,{3}
MsvbyCu5w2g,ym6-e7Ut1IM,{3}
MsvbyCu5w2g,GVA_uk6KW8k,{3}
MsvbyCu5w2g,Y-1PEUn4XQY,{3}
Y-1PEUn4XQY,GVA_uk6KW8k,{3}
Y-1PEUn4XQY,K8vY_DF1Rt8,{3}
Y-1PEUn4XQY,MiZZJGMjSDM,{3}
0nfEj9mAJHA,4Q366rZNvQA,{3}
0nfEj9mAJHA,4o5sU2qKugg,{3}
0nfEj9mAJHA,ADBB1nb99jQ,{3}
0nfEj9mAJHA,xlc6i1f03-k,{3}
0nfEj9mAJHA,c4H-2xzOwOU,{3}
0nfEj9mAJHA,xG6D0wAcMR8,{3}
xlc6i1f03-k,ebayHuvb2ho,{3}
xlc6i1f03-k,0nfEj9mAJHA,{3}
xlc6i1f03-k,Py1n69GVnMk,{3}
xlc6i1f03-k,izeGDagHep8,{3}
xlc6i1f03-k,B37ryG3Z3WE,{3}
xlc6i1f03-k,14vOax1QewU,{3}
xlc6i1f03-k,oqYbG8Zhoag,{3}
xlc6i1f03-k,DA_YclavXCI,{3}
ebayHuvb2ho,UrXsnNWpWA8,{3}
ebayHuvb2ho,FGTS_kGPRfE,{3}
ebayHuvb2ho,1jHUjT02OhY,{3}
Py1n69GVnMk,ekCeXAbqVmU,{3}
Py1n69GVnMk,iVrmaeXaGe4,{3}
Py1n69GVnMk,KgeIFKiv_48,{3}
c4H-2xzOwOU,DIqCJP5HiPg,{3}
c4H-2xzOwOU,IpcUTQrySOE,{3}
c4H-2xzOwOU,xlc6i1f03-k,{3}
DIqCJP5HiPg,fZHnslAeAQY,{3}
DIqCJP5HiPg,Ie_OUL-qmrA,{3}
DIqCJP5HiPg,Qf7ySQx5rh4,{3}
IpcUTQrySOE,DA_YclavXCI,{3}
IpcUTQrySOE,c4H-2xzOwOU,{3}
IpcUTQrySOE,4GvSNk8UA0g,{3}
xG6D0wAcMR8,UUSiW74Qxqk,{3}
xG6D0wAcMR8,xlSII0KF5jQ,{3}
xG6D0wAcMR8,xlc6i1f03-k,{3}
UUSiW74Qxqk,rP0D4GKRhLA,{3}
UUSiW74Qxqk,z75om_6H-60,{3}
UUSiW74Qxqk,B6j-FNfQTvM,{3}
xlSII0KF5jQ,dsq4za8C_xI,{3}
xlSII0KF5jQ,2kgfNcYx7B0,{3}
xlSII0KF5jQ,W9fBr9Kl3Sc,{3}
6EeMAlhZP-4,sm6AL5lA4Zc,{3}
6EeMAlhZP-4,tPaKfuPSXZU,{3}
6EeMAlhZP-4,ICcG1T1P04M,{3}
6EeMAlhZP-4,bHBuPOIGuQk,{3}
6EeMAlhZP-4,qPggGIrde-s,{3}
sm6AL5lA4Zc,SWVgUwMTHEU,{3}
sm6AL5lA4Zc,30r45P1JFys,{3}
sm6AL5lA4Zc,rhCfCa8pRlU,{3}
SWVgUwMTHEU,I2vYr6gx56o,{3}
SWVgUwMTHEU,5ZmzNtD51yk,{3}
SWVgUwMTHEU,30r45P1JFys,{3}
30r45P1JFys,wZORPVmXN7k,{3}
30r45P1JFys,EVBCLAaflaw,{3}
30r45P1JFys,7MFKy7DJsCY,{3}
rhCfCa8pRlU,C4T6KTzL7ww,{3}
rhCfCa8pRlU,30r45P1JFys,{3}
rhCfCa8pRlU,VAwEMPkR1xo,{3}
tPaKfuPSXZU,ZD6ZljNtgYc,{3}
tPaKfuPSXZU,nbZ0CV4W8dM,{3}
tPaKfuPSXZU,9_PWK7ItdPY,{3}
ZD6ZljNtgYc,W2SgPj8RW_4,{3}
ZD6ZljNtgYc,DAwhgRcLIHA,{3}
ZD6ZljNtgYc,OOIsbMMvp-o,{3}
nbZ0CV4W8dM,vBo5SleuGOI,{3}
nbZ0CV4W8dM,qvd18w3dyOg,{3}
nbZ0CV4W8dM,wg-AwrrJODI,{3}
9_PWK7ItdPY,-aQXGT6bkjE,{3}
9_PWK7ItdPY,jBnRWykFR_4,{3}
9_PWK7ItdPY,vBo5SleuGOI,{3}
ICcG1T1P04M,6EeMAlhZP-4,{3}
ICcG1T1P04M,vVaxTdlUTtw,{3}
ICcG1T1P04M,UmNwftN19kQ,{3}
vVaxTdlUTtw,nbZ0CV4W8dM,{3}
vVaxTdlUTtw,ZD6ZljNtgYc,{3}
vVaxTdlUTtw,yfbfSEIQuIQ,{3}
UmNwftN19kQ,LN_59w_Prqs,{3}
UmNwftN19kQ,SbeDBTXIBxU,{3}
UmNwftN19kQ,kUPcdvYrVpo,{3}
1uyNtbNzJ1o,MX2FOHrreDU,{2}
1uyNtbNzJ1o,bWv-4TRecq8,{2}
1uyNtbNzJ1o,wz3Fd_ekiIo,{2}
MX2FOHrreDU,rEgM1JqnuN0,{2}
MX2FOHrreDU,vsmLj207hrE,{2}
MX2FOHrreDU,EMh1OxjtAis,{2}
MX2FOHrreDU,eWe6HUkShA8,{1}
MX2FOHrreDU,Ho-os1IgSAg,{1}
MX2FOHrreDU,GCk4RlPkFSQ,{1}
MX2FOHrreDU,7x6L48uetZo,{1}
MX2FOHrreDU,1C3njWq88mE,{1}
rEgM1JqnuN0,eWe6HUkShA8,{2}
rEgM1JqnuN0,UttJCgRllTM,{2}
rEgM1JqnuN0,vDSyuKdLaYE,{2}
rEgM1JqnuN0,3mpZ982Uy9g,{2}
rEgM1JqnuN0,deU89o33Z0c,{2}
rEgM1JqnuN0,BzH0Pa6PfFQ,{2}
rEgM1JqnuN0,gTYyr4NzzEE,{2}
rEgM1JqnuN0,GCk4RlPkFSQ,{2}
eWe6HUkShA8,cWjU03dGa8c,{2}
eWe6HUkShA8,ElpEYu23_ms,{2}
eWe6HUkShA8,oi-Ijd-QlYs,{2}
ElpEYu23_ms,VuZ4oczkAhI,{2}
ElpEYu23_ms,TDC7xOyAWzc,{2}
ElpEYu23_ms,6pqMoo7wXog,{2}
oi-Ijd-QlYs,Ev1WI_v0QA0,{2}
oi-Ijd-QlYs,GCk4RlPkFSQ,{2}
oi-Ijd-QlYs,vsmLj207hrE,{2}
GCk4RlPkFSQ,eWe6HUkShA8,{2}
GCk4RlPkFSQ,U2rsRPSArDs,{2}
GCk4RlPkFSQ,MX2FOHrreDU,{2}
GCk4RlPkFSQ,EMh1OxjtAis,{2}
KEucxkTUG2c,M6zB9Y-teH8,{2}
KEucxkTUG2c,rSaTXfeKFvA,{2}
KEucxkTUG2c,RuAlH4gGvcQ,{2}
EMh1OxjtAis,vsmLj207hrE,{2}
EMh1OxjtAis,rEgM1JqnuN0,{2}
EMh1OxjtAis,sdp9PQyrV2A,{2}
EMh1OxjtAis,vcqgQi1feY8,{2}
EMh1OxjtAis,FkhWK33SMwg,{2}
EMh1OxjtAis,HEkE3h5msqc,{2}
vDSyuKdLaYE,_rMK-o3bB5w,{2}
vDSyuKdLaYE,O277L9Xld88,{2}
vDSyuKdLaYE,apLtDMQDtQw,{2}
vDSyuKdLaYE,8vqLVf_ATkQ,{2}
vDSyuKdLaYE,lwpc5Zy1WWE,{2}
_rMK-o3bB5w,Rs71Hqlaq-0,{2}
_rMK-o3bB5w,O277L9Xld88,{2}
_rMK-o3bB5w,NNfu-gBb7NE,{2}
_rMK-o3bB5w,aHpuDCweCA4,{2}
_rMK-o3bB5w,aXrcmP4Pd2k,{2}
_rMK-o3bB5w,8vqLVf_ATkQ,{2}
O277L9Xld88,nW0XZEJ9jn4,{2}
O277L9Xld88,DZDLUvGAvok,{2}
O277L9Xld88,vDSyuKdLaYE,{2}
apLtDMQDtQw,8vqLVf_ATkQ,{2}
apLtDMQDtQw,m8vSMORQlEY,{2}
apLtDMQDtQw,Jx8B6Z1t_os,{2}
8vqLVf_ATkQ,aHpuDCweCA4,{2}
8vqLVf_ATkQ,F8wYYIEpAnQ,{2}
8vqLVf_ATkQ,NNfu-gBb7NE,{2}
lwpc5Zy1WWE,_rMK-o3bB5w,{2}
lwpc5Zy1WWE,Rs71Hqlaq-0,{2}
lwpc5Zy1WWE,AF4VGmN1He8,{2}
BzH0Pa6PfFQ,7x6L48uetZo,{2}
BzH0Pa6PfFQ,eWe6HUkShA8,{2}
BzH0Pa6PfFQ,rEgM1JqnuN0,{2}
S2DBI2rrmww,2FIivzTybSE,{2}
S2DBI2rrmww,0jU7ID8c9FE,{2}
S2DBI2rrmww,OsVYuaCSwws,{2}
TMAbEmRD9JI,oi-Ijd-QlYs,{2}
TMAbEmRD9JI,3M4QZJxb9Dw,{2}
TMAbEmRD9JI,cWjU03dGa8c,{2}
3M4QZJxb9Dw,C-SsEIaHcLE,{1}
3M4QZJxb9Dw,IS2u6F5AuRg,{1}
3M4QZJxb9Dw,x70Pd4LQIq8,{1}
FSlMnn0hc9c,EMh1OxjtAis,{2}
FSlMnn0hc9c,UttJCgRllTM,{2}
FSlMnn0hc9c,04R4uk04-9o,{2}
M57IAJpXjhQ,FSlMnn0hc9c,{2}
M57IAJpXjhQ,7lX8DD3ruIA,{2}
M57IAJpXjhQ,uHyeWEBKAKc,{2}
vcqgQi1feY8,v1KbHTIPd0U,{2}
vcqgQi1feY8,cm40e1ChozE,{2}
vcqgQi1feY8,6iy_ha_t-WM,{2}
v1KbHTIPd0U,an_35uDhu0g,{2}
v1KbHTIPd0U,CdG2L_LvZ5s,{2}
v1KbHTIPd0U,zUNhn1KzCko,{2}
cm40e1ChozE,21VsaDCoZi0,{2}
cm40e1ChozE,PScB0xIxEpU,{2}
cm40e1ChozE,Us8mDKUaX2M,{2}
6iy_ha_t-WM,Wsoy-VWkz30,{2}
6iy_ha_t-WM,q22-r8gy854,{2}
6iy_ha_t-WM,Etrrpfjq0_0,{2}
FkhWK33SMwg,TE32c0-HGvE,{2}
FkhWK33SMwg,e8MzDrjp1QQ,{2}
FkhWK33SMwg,tTGSoX3imPs,{2}
TE32c0-HGvE,rkKLxDg4f0Q,{2}
TE32c0-HGvE,3Fb-0yQrp9Q,{2}
TE32c0-HGvE,UttJCgRllTM,{2}
e8MzDrjp1QQ,GZBmFC0OkiY,{2}
e8MzDrjp1QQ,exXbQFRsNzA,{2}
e8MzDrjp1QQ,0prW_-H6QGo,{2}
tTGSoX3imPs,eWe6HUkShA8,{2}
tTGSoX3imPs,BtiefI-06UA,{2}
tTGSoX3imPs,MX2FOHrreDU,{2}
HEkE3h5msqc,QSqanLcHChM,{2}
HEkE3h5msqc,QuyW_0g4K3w,{2}
HEkE3h5msqc,lY-vFEF83GY,{2}
QSqanLcHChM,KrVT4d6R5bQ,{2}
QSqanLcHChM,fQDundn2e0M,{2}
QSqanLcHChM,PaLbSRGi7pI,{2}
QuyW_0g4K3w,lCFBtKsnx10,{2}
QuyW_0g4K3w,dQF5cuqJWdk,{2}
QuyW_0g4K3w,-nWuJuL2SGM,{2}
lY-vFEF83GY,Zo0usM9gqN0,{2}
lY-vFEF83GY,tXC6sLRdVuM,{2}
lY-vFEF83GY,Te3yC8fRXE4,{2}
bWv-4TRecq8,dieRrAK9rfM,{2}
bWv-4TRecq8,IMaq23CA818,{2}
bWv-4TRecq8,wmfFT2iORVg,{2}
dieRrAK9rfM,8fEbr0wWy8c,{2}
dieRrAK9rfM,pVoRFDjq8-g,{2}
dieRrAK9rfM,qWVX_1YPbcQ,{2}
dieRrAK9rfM,k1ABitk6hVE,{2}
dieRrAK9rfM,1CVe1WsUbzI,{2}
dieRrAK9rfM,6PaU-mgtBBY,{2}
8fEbr0wWy8c,6jFKXmN32SQ,{2}
8fEbr0wWy8c,Z4e3PO1SmjE,{2}
8fEbr0wWy8c,j0rkUbrPo3k,{2}
6jFKXmN32SQ,8DwIldVkh6o,{2}
6jFKXmN32SQ,BFHSBEWmDy4,{2}
6jFKXmN32SQ,EvMhGSX3PVg,{2}
Z4e3PO1SmjE,qWVX_1YPbcQ,{2}
Z4e3PO1SmjE,bDBPv3_NDYk,{2}
Z4e3PO1SmjE,XCHKYNFH9Lk,{2}
j0rkUbrPo3k,IGgjJ6IlH6U,{2}
j0rkUbrPo3k,qDUps4lW07s,{2}
j0rkUbrPo3k,f0I-HIjkWvk,{2}
k1ABitk6hVE,dieRrAK9rfM,{2}
k1ABitk6hVE,hDhVH6RBJjk,{2}
k1ABitk6hVE,M6bqAa1J5hg,{2}
hDhVH6RBJjk,Ea8bokB47KM,{2}
hDhVH6RBJjk,9TGLuWXPN0s,{2}
hDhVH6RBJjk,k1ABitk6hVE,{2}
M6bqAa1J5hg,FaLemO1olBw,{2}
M6bqAa1J5hg,WM3HP8MXSTQ,{2}
M6bqAa1J5hg,yGCu7fIgAbQ,{2}
1CVe1WsUbzI,GXECk04rdTM,{2}
1CVe1WsUbzI,o7rjE35Ix1w,{2}
1CVe1WsUbzI,dieRrAK9rfM,{2}
GXECk04rdTM,6NSQbH7Q7E8,{2}
GXECk04rdTM,D2PXIDHAX84,{2}
GXECk04rdTM,NJAO_Ek1dLg,{2}
o7rjE35Ix1w,CaEvkS402X4,{2}
o7rjE35Ix1w,6PaU-mgtBBY,{2}
o7rjE35Ix1w,L6Rv5hdj5s8,{2}
IMaq23CA818,K-bENZW7Jyw,{2}
IMaq23CA818,vouZAuiMJkc,{2}
IMaq23CA818,QmtSq3Uioxc,{2}
K-bENZW7Jyw,ynBuQoSzeEE,{2}
K-bENZW7Jyw,kFsQdX2OWKY,{2}
K-bENZW7Jyw,I_Cj_9BfEiM,{2}
ynBuQoSzeEE,Sd9DvIs97G0,{2}
ynBuQoSzeEE,0thYSeNRqi0,{2}
ynBuQoSzeEE,49ZPa_XpiHI,{2}
kFsQdX2OWKY,foCzcHWUf-8,{2}
kFsQdX2OWKY,_5Iv_sazoGg,{2}
kFsQdX2OWKY,9AyHZyf0tcM,{2}
I_Cj_9BfEiM,Aqcz7ZAIh7w,{2}
I_Cj_9BfEiM,AdJONGbOTVc,{2}
I_Cj_9BfEiM,PBRoi09nV7w,{2}
I_Cj_9BfEiM,eUczUdIYMyM,{2}
vouZAuiMJkc,bAb8KIhgVAI,{2}
vouZAuiMJkc,u7kT1JDdoJQ,{2}
vouZAuiMJkc,F5v6FwCD4jE,{2}
bAb8KIhgVAI,m7zrrj-nD8s,{2}
bAb8KIhgVAI,-trZD2Ellps,{2}
bAb8KIhgVAI,YMvYTUSez_0,{2}
u7kT1JDdoJQ,2nT-K4Q-jO8,{2}
u7kT1JDdoJQ,QyLw7lFz0-w,{2}
u7kT1JDdoJQ,pyw_bXCaj-s,{2}
F5v6FwCD4jE,BHUVh40n3xo,{2}
F5v6FwCD4jE,x2vj0TrvnGA,{2}
F5v6FwCD4jE,jnSrWd-WumI,{2}
QmtSq3Uioxc,I_Cj_9BfEiM,{2}
QmtSq3Uioxc,a_eOqh6ZOEA,{2}
QmtSq3Uioxc,WKlo-plLJZI,{2}
a_eOqh6ZOEA,FyyqOVRXOQA,{2}
a_eOqh6ZOEA,8fMx670jOnw,{2}
a_eOqh6ZOEA,Wpr2WvQn-kg,{2}
WKlo-plLJZI,onMm0DLg8CE,{2}
WKlo-plLJZI,2nT-K4Q-jO8,{2}
WKlo-plLJZI,hsxQXs9bjbo,{2}
wmfFT2iORVg,7rfKPlzqStw,{2}
wmfFT2iORVg,48RFno9AQ9A,{2}
wmfFT2iORVg,_669YhWHRY8,{2}
wmfFT2iORVg,bHJ0BNkG1lM,{2}
wmfFT2iORVg,GI-KKDiDRds,{2}
wmfFT2iORVg,CSt4iZlSfnA,{2}
7rfKPlzqStw,5eIj1nDUs9g,{2}
7rfKPlzqStw,fZcQah57jnY,{2}
7rfKPlzqStw,oO-5dtlOyBM,{2}
5eIj1nDUs9g,5g0X2eIoJio,{2}
5eIj1nDUs9g,7oeNELlEQjM,{2}
5eIj1nDUs9g,c42dvgPIfSk,{2}
fZcQah57jnY,XW37QskBH3A,{2}
fZcQah57jnY,ERzbkt5r5Gg,{2}
fZcQah57jnY,xDaUWl_kaWE,{2}
oO-5dtlOyBM,10hEW6xjgyk,{2}
oO-5dtlOyBM,1-NPFORuPCw,{2}
oO-5dtlOyBM,joFSMgR-OEk,{2}
48RFno9AQ9A,RxSnj2kPg2w,{2}
48RFno9AQ9A,LlinMlOxJ1U,{2}
48RFno9AQ9A,_aAZOeftU74,{2}
RxSnj2kPg2w,FDnQGgGX0cM,{2}
RxSnj2kPg2w,6KB71UI2iWM,{2}
RxSnj2kPg2w,R4SYIfhzMmU,{2}
LlinMlOxJ1U,ychhgSxZ4tU,{2}
LlinMlOxJ1U,RJwM8sMvW7M,{2}
LlinMlOxJ1U,4tUbugV6tv4,{2}
_aAZOeftU74,iRngp25a8wM,{2}
_aAZOeftU74,ElfR3P4Rrmk,{2}
_aAZOeftU74,o78vMRHzq7o,{2}
CSt4iZlSfnA,LMyosW0jGmg,{2}
CSt4iZlSfnA,I5RSjFxijPg,{2}
CSt4iZlSfnA,wmfFT2iORVg,{2}
LMyosW0jGmg,NkgW3SLLZgU,{2}
LMyosW0jGmg,wmfFT2iORVg,{2}
LMyosW0jGmg,3QeeecJDFaM,{2}
I5RSjFxijPg,QcdV8-raPCU,{2}
I5RSjFxijPg,VNJ5eqU5FbY,{2}
I5RSjFxijPg,CSt4iZlSfnA,{2}
wz3Fd_ekiIo,PMBWYm9IVC0,{2}
wz3Fd_ekiIo,ES4S1aNsSb0,{2}
wz3Fd_ekiIo,ubsoMhunu-U,{2}
wz3Fd_ekiIo,aTpgXOCk3iI,{1}
wz3Fd_ekiIo,IdjdNgvF42o,{1}
wz3Fd_ekiIo,hl0iNRXcUbE,{1}
PMBWYm9IVC0,1KEY2bOt99U,{2}
PMBWYm9IVC0,VKZI7X-UIe8,{2}
PMBWYm9IVC0,XeCUfb1mIAQ,{2}
1KEY2bOt99U,mj9VylKts5c,{2}
1KEY2bOt99U,rEgM1JqnuN0,{2}
1KEY2bOt99U,e3uRp_Fz-1A,{2}
mj9VylKts5c,MSrhMShG2UE,{2}
mj9VylKts5c,eGKUIYrqVPU,{5}
mj9VylKts5c,a3LGOAFGX9g,{2}
mj9VylKts5c,6yTZFPVqdN8,{1}
mj9VylKts5c,b-nP_tOjTzo,{1}
mj9VylKts5c,6Vfzh5HcALU,{1}
mj9VylKts5c,SryHqlmxE2s,{3}
mj9VylKts5c,WmOLv44pKZE,{3}
mj9VylKts5c,5zWcSw1lsIw,{3}
mj9VylKts5c,IJJj2MW5FxA,{3}
mj9VylKts5c,SBrmcs7q22w,{3}
mj9VylKts5c,_fjZ21gY-HQ,{3}
mj9VylKts5c,MHrU8ZvOWWA,{3}
e3uRp_Fz-1A,5fMPabEBM1Q,{2}
e3uRp_Fz-1A,xGxelpI07No,{2}
e3uRp_Fz-1A,lF2YQEjE7_w,{2}
VKZI7X-UIe8,_yrmFfdp3Lo,{2}
VKZI7X-UIe8,nTf6Pg-jV8k,{2}
VKZI7X-UIe8,eYUVFKY-mKc,{2}
_yrmFfdp3Lo,uTzAyNMCa5E,{2}
_yrmFfdp3Lo,Kc7duzDEa6Y,{2}
_yrmFfdp3Lo,AqKxin0q1bM,{2}
nTf6Pg-jV8k,wRTWv50AY2g,{2}
nTf6Pg-jV8k,08k7xNBkrw0,{2}
nTf6Pg-jV8k,RRagqUAkJ4k,{2}
eYUVFKY-mKc,mGLO1VHw_yE,{2}
eYUVFKY-mKc,q8TMPXQDB0E,{2}
eYUVFKY-mKc,vXOGd5HEB1w,{2}
XeCUfb1mIAQ,CVSuo1bxNrs,{2}
XeCUfb1mIAQ,BzH0Pa6PfFQ,{2}
XeCUfb1mIAQ,B_XPcWDorWM,{2}
CVSuo1bxNrs,9aM9az6D9nc,{2}
CVSuo1bxNrs,V4K4PK5P6Yk,{2}
CVSuo1bxNrs,B_XPcWDorWM,{2}
B_XPcWDorWM,CVSuo1bxNrs,{2}
B_XPcWDorWM,5CADLfXOhkU,{2}
B_XPcWDorWM,cWjU03dGa8c,{2}
ES4S1aNsSb0,lhUUDwwrFXs,{2}
ES4S1aNsSb0,pzcXXU7A5io,{2}
ES4S1aNsSb0,-08KC8EoWGA,{2}
lhUUDwwrFXs,kJcml4883ec,{2}
lhUUDwwrFXs,qVEvEDDX670,{2}
lhUUDwwrFXs,v1RhEtcu4Y8,{2}
kJcml4883ec,9J_FQUUiS0M,{2}
kJcml4883ec,I4yJ8KKGfpY,{2}
kJcml4883ec,t1nzFcKEL34,{2}
qVEvEDDX670,DopCokmdPAg,{2}
qVEvEDDX670,S2DBI2rrmww,{2}
qVEvEDDX670,zzF0ZgS-Lqs,{2}
v1RhEtcu4Y8,n34hSeYaAxE,{2}
v1RhEtcu4Y8,cimCFCLw2lA,{2}
v1RhEtcu4Y8,nKcsZ3Pg2SY,{2}
pzcXXU7A5io,2SQ1EhG-m_4,{2}
pzcXXU7A5io,-HB--2L9D9w,{2}
pzcXXU7A5io,jMdDSiJn7ek,{2}
2SQ1EhG-m_4,_PiiFCwGTGM,{2}
2SQ1EhG-m_4,ojxzT_bDdpA,{2}
2SQ1EhG-m_4,lmNEEZXpZxw,{2}
-HB--2L9D9w,fLO0CJKQp-g,{2}
-HB--2L9D9w,ggIo7IpecKo,{2}
-HB--2L9D9w,7Mb-J7_Ntx4,{2}
jMdDSiJn7ek,Rh9OF8YOK90,{2}
jMdDSiJn7ek,ScUjEBvGV2A,{2}
jMdDSiJn7ek,uLeL-a7OwSU,{2}
-08KC8EoWGA,KqAZCiB-uqY,{2}
-08KC8EoWGA,yAKgRQ0kmm4,{2}
-08KC8EoWGA,F5W713_U0wk,{2}
KqAZCiB-uqY,OsvUZ3yR1xU,{2}
KqAZCiB-uqY,lNRuYUFlDWo,{2}
KqAZCiB-uqY,_tpxHU2NFLk,{2}
yAKgRQ0kmm4,_tpxHU2NFLk,{2}
yAKgRQ0kmm4,-08KC8EoWGA,{2}
yAKgRQ0kmm4,ES4S1aNsSb0,{2}
F5W713_U0wk,ZDYk_O2nV4c,{2}
F5W713_U0wk,ALuF5hzwn5A,{2}
F5W713_U0wk,IrusjluuasI,{2}
ubsoMhunu-U,2JIpEi8nh4k,{2}
ubsoMhunu-U,uT4JoaQWkkQ,{2}
ubsoMhunu-U,TXnHT1aRD7k,{2}
2JIpEi8nh4k,tHpZ2vqJbMA,{2}
2JIpEi8nh4k,P7BT5mv9FqM,{2}
2JIpEi8nh4k,NgkIOOXxZFo,{2}
tHpZ2vqJbMA,vsmLj207hrE,{2}
tHpZ2vqJbMA,ua81imsvh2w,{2}
tHpZ2vqJbMA,kO39nIcuPhQ,{2}
P7BT5mv9FqM,-ANdvRe30ao,{2}
P7BT5mv9FqM,jJRvm8jbyEY,{2}
P7BT5mv9FqM,-meWjzKfqvs,{2}
NgkIOOXxZFo,UttJCgRllTM,{2}
NgkIOOXxZFo,rEgM1JqnuN0,{2}
NgkIOOXxZFo,9F86MsFNS2I,{2}
uT4JoaQWkkQ,FEznDFc8CXM,{2}
uT4JoaQWkkQ,rBKfRy0M-30,{2}
uT4JoaQWkkQ,i5d6aVezShc,{2}
FEznDFc8CXM,0QLPWo6Rco4,{2}
FEznDFc8CXM,nTMCy6wIvlk,{2}
FEznDFc8CXM,ljtsvna46eQ,{2}
rBKfRy0M-30,QTaQYB8GTV4,{2}
rBKfRy0M-30,RxSnj2kPg2w,{2}
rBKfRy0M-30,l78Nse_cQM8,{2}
i5d6aVezShc,rBKfRy0M-30,{2}
i5d6aVezShc,u51cwQZbXFw,{2}
i5d6aVezShc,LNF-uc5haLg,{2}
TXnHT1aRD7k,cTsJTRUaMZ0,{2}
TXnHT1aRD7k,j6rHN65dLTc,{2}
TXnHT1aRD7k,eGsZMYiF20g,{2}
cTsJTRUaMZ0,e0zAJfbP3gg,{2}
cTsJTRUaMZ0,69hcU0aspDs,{2}
cTsJTRUaMZ0,TCYz8B33UHA,{2}
j6rHN65dLTc,cTsJTRUaMZ0,{2}
j6rHN65dLTc,s0c_qY22BAs,{2}
j6rHN65dLTc,uT4JoaQWkkQ,{2}
eGsZMYiF20g,jwo_JGLfTsk,{2}
eGsZMYiF20g,TXnHT1aRD7k,{2}
eGsZMYiF20g,yTbzyirwnoQ,{2}
0_irT0Ttlrg,xInvuwCM2Uc,{4}
0_irT0Ttlrg,pPRphE2kj3E,{4}
0_irT0Ttlrg,thU57SSnaYg,{1}
0_irT0Ttlrg,NzvaDOecjgs,{3}
0_irT0Ttlrg,CZBLT3OCxk4,{3}
0_irT0Ttlrg,EdFJHMQnnME,{3}
0_irT0Ttlrg,l2Y4ID_0BAU,{3}
xInvuwCM2Uc,0h0pwhkyl3k,{1}
xInvuwCM2Uc,CZBLT3OCxk4,{1}
xInvuwCM2Uc,MYgBs8SnqoM,{1}
xInvuwCM2Uc,xKBcF1-puG8,{3}
xInvuwCM2Uc,FbG6Vg_d4Mc,{3}
xInvuwCM2Uc,lDVdqleKwbU,{3}
xInvuwCM2Uc,p5qehY2I06k,{3}
xInvuwCM2Uc,0_irT0Ttlrg,{3}
0h0pwhkyl3k,utdGIX44dyg,{1}
0h0pwhkyl3k,AFUO_YQIHe4,{1}
0h0pwhkyl3k,6kDtFCwU_go,{1}
0h0pwhkyl3k,r9m5poJLvO0,{1}
0h0pwhkyl3k,zg7a9AcuJpM,{1}
0h0pwhkyl3k,dslzOwS6fMg,{1}
utdGIX44dyg,Xz-e1nV1NJI,{1}
utdGIX44dyg,cIe_fAjaqZY,{1}
utdGIX44dyg,zHxekC1weK8,{1}
Xz-e1nV1NJI,WaU0nbgAuw8,{1}
Xz-e1nV1NJI,ZbjObpXCAfI,{1}
Xz-e1nV1NJI,Yb_AgHvcM5A,{1}
cIe_fAjaqZY,e5-EeMEAdaY,{1}
cIe_fAjaqZY,utdGIX44dyg,{1}
cIe_fAjaqZY,2L8b684C-xQ,{1}
zHxekC1weK8,cIe_fAjaqZY,{1}
zHxekC1weK8,exrZbwH4uOA,{1}
zHxekC1weK8,6ldqu9vvC2U,{1}
AFUO_YQIHe4,RJ1HFzEJx48,{1}
AFUO_YQIHe4,RyMoQRsd3G0,{1}
AFUO_YQIHe4,xkPbYR0NDEQ,{1}
RJ1HFzEJx48,yDHg2KjnRrU,{1}
RJ1HFzEJx48,k4AkeklMQ9k,{1}
RJ1HFzEJx48,6VnOaee0Hjw,{1}
RyMoQRsd3G0,MO09x_aimo0,{1}
RyMoQRsd3G0,xLqDzsMfkzA,{1}
RyMoQRsd3G0,C0c2_tJm6HQ,{1}
xkPbYR0NDEQ,pzfyve5yfBc,{1}
xkPbYR0NDEQ,AFUO_YQIHe4,{1}
xkPbYR0NDEQ,BzH0Pa6PfFQ,{1}
dslzOwS6fMg,XsArdIXgRTU,{1}
dslzOwS6fMg,UbA98UxyMl0,{1}
dslzOwS6fMg,0h0pwhkyl3k,{1}
XsArdIXgRTU,iTLssSIetq0,{1}
XsArdIXgRTU,gUc5oN_ffRo,{1}
XsArdIXgRTU,4J97hPjls2Y,{1}
UbA98UxyMl0,o5J7LytuuLQ,{1}
UbA98UxyMl0,JwWe6aLd5bI,{1}
UbA98UxyMl0,WILEB3_5AnM,{1}
CZBLT3OCxk4,p5qehY2I06k,{1}
CZBLT3OCxk4,Sf6H8kSunRA,{1}
CZBLT3OCxk4,MYgBs8SnqoM,{1}
CZBLT3OCxk4,1Vh-IBXLYK4,{3}
CZBLT3OCxk4,9LiZuivD_yg,{3}
CZBLT3OCxk4,orJSJGHjBLI,{3}
p5qehY2I06k,1F2JtHLF-c4,{1}
p5qehY2I06k,IH5IYFwNft0,{1}
p5qehY2I06k,G8EGuiVSgMY,{1}
p5qehY2I06k,2h5uxHU5ums,{1}
p5qehY2I06k,Hz89cDo4e_4,{1}
p5qehY2I06k,MYgBs8SnqoM,{1}
1F2JtHLF-c4,JfFIyfr1tjM,{1}
1F2JtHLF-c4,h2Q5gWt3PHs,{1}
1F2JtHLF-c4,NWu7xHRXG0M,{1}
IH5IYFwNft0,p5qehY2I06k,{1}
IH5IYFwNft0,T0DiJFlmkbg,{1}
IH5IYFwNft0,uCkugALh7Ms,{1}
G8EGuiVSgMY,6_1QXbAilA4,{1}
G8EGuiVSgMY,p5qehY2I06k,{1}
G8EGuiVSgMY,nbvhmG6CPQA,{1}
G8EGuiVSgMY,XKqko0-4wFE,{1}
G8EGuiVSgMY,I4COsJuwyfI,{1}
G8EGuiVSgMY,Owk_bY1VuyM,{1}
59A8-rKRs-0,c5FG-7dJ0NU,{1}
59A8-rKRs-0,SIif11QOsRI,{1}
59A8-rKRs-0,f7MzFfuNOtY,{1}
pI0ZUhBvIx4,zZ5cgQUJnrI,{1}
pI0ZUhBvIx4,XS7LgbMr1m4,{1}
pI0ZUhBvIx4,ahnYw3KmX74,{1}
udNXMAflbU8,UKbuWk2UWmY,{1}
udNXMAflbU8,F3rncxf4Or8,{1}
udNXMAflbU8,tURHTuKHBZs,{1}
MYgBs8SnqoM,p1HoWUwusYg,{1}
MYgBs8SnqoM,zWmeF5N4Smg,{1}
MYgBs8SnqoM,p5qehY2I06k,{1}
MYgBs8SnqoM,Pb68aPAIodI,{1}
MYgBs8SnqoM,G8EGuiVSgMY,{1}
p1HoWUwusYg,5dDEPBe-bIo,{1}
p1HoWUwusYg,4GGAXMqoPrg,{1}
p1HoWUwusYg,Q_YF61hca24,{1}
p1HoWUwusYg,eTVCgi6XUqw,{1}
p1HoWUwusYg,6vUY-b_Tu94,{1}
5dDEPBe-bIo,4GGAXMqoPrg,{1}
5dDEPBe-bIo,oiiKwz4pZgw,{1}
5dDEPBe-bIo,qznEApxjjgQ,{1}
zWmeF5N4Smg,W16gF4Cqeb0,{1}
zWmeF5N4Smg,aqfEPgMriKI,{1}
zWmeF5N4Smg,12XaKWLyOSM,{1}
Pb68aPAIodI,QpyUSDeQw2o,{1}
Pb68aPAIodI,lWGe8ynXmuU,{1}
Pb68aPAIodI,3imCdh6g1SM,{1}
QpyUSDeQw2o,pHxCOqmXzd8,{1}
QpyUSDeQw2o,3imCdh6g1SM,{1}
QpyUSDeQw2o,Z4h1Uvi2SPs,{1}
3imCdh6g1SM,8bTy18PRT8w,{1}
3imCdh6g1SM,aWQdoV8S-tQ,{1}
3imCdh6g1SM,RSlzun74QPY,{1}
lWGe8ynXmuU,pXrXnCG64Og,{1}
lWGe8ynXmuU,VxyK1WBwyFk,{1}
lWGe8ynXmuU,L_mlofcsRaA,{1}
eTVCgi6XUqw,cN0q6EDmCUA,{1}
eTVCgi6XUqw,Td0PluSNuqM,{1}
eTVCgi6XUqw,6vUY-b_Tu94,{1}
6vUY-b_Tu94,4GGAXMqoPrg,{1}
6vUY-b_Tu94,Q_YF61hca24,{1}
6vUY-b_Tu94,REbF38DuK9I,{1}
XKqko0-4wFE,G8EGuiVSgMY,{1}
XKqko0-4wFE,zWmeF5N4Smg,{1}
XKqko0-4wFE,hEWOYGXrk5Q,{1}
I4COsJuwyfI,EN9OdruH_qM,{1}
I4COsJuwyfI,dEsWOZjjVt8,{1}
I4COsJuwyfI,_hfMNTnBM4I,{1}
Owk_bY1VuyM,JU9XnVo_uaY,{1}
Owk_bY1VuyM,3Dgdu2v1Qms,{1}
Owk_bY1VuyM,S_3f8ojNBNY,{1}
pPRphE2kj3E,mj9VylKts5c,{1}
pPRphE2kj3E,ZrkkLXpjicQ,{1}
pPRphE2kj3E,6arlavzPLGI,{1}
pPRphE2kj3E,GwYeBtGgxBY,{3}
pPRphE2kj3E,xUBj6z2Aq5g,{3}
pPRphE2kj3E,IhyYPpX6mF8,{3}
9X2KsEHFDIc,pqdZxp6r-Ss,{1}
9X2KsEHFDIc,fW5iAShjuPk,{1}
9X2KsEHFDIc,3M4QZJxb9Dw,{1}
b-nP_tOjTzo,9NMJmRTgpiM,{1}
b-nP_tOjTzo,fAm_RO5NcJM,{1}
b-nP_tOjTzo,MwhmB_9H42I,{1}
9NMJmRTgpiM,EF1e8ZFQ3y8,{1}
9NMJmRTgpiM,0ls0mH1qHQ4,{1}
9NMJmRTgpiM,uQOCwHc2Mcw,{1}
fAm_RO5NcJM,3u6s1henYDs,{1}
fAm_RO5NcJM,kPXSwoTcL0g,{1}
fAm_RO5NcJM,5p4NUJMPAjQ,{1}
MwhmB_9H42I,8XT9r0y0hKw,{1}
MwhmB_9H42I,MX2FOHrreDU,{1}
MwhmB_9H42I,xh9wJJ_HZCg,{1}
6Vfzh5HcALU,3M4QZJxb9Dw,{1}
6Vfzh5HcALU,MX2FOHrreDU,{1}
6Vfzh5HcALU,04R4uk04-9o,{1}
ZrkkLXpjicQ,A_OGcqlbF2M,{1}
ZrkkLXpjicQ,YWm9zD5NaXo,{1}
ZrkkLXpjicQ,4jMRhAeP5mU,{1}
A_OGcqlbF2M,WNyLcbTA5mU,{1}
A_OGcqlbF2M,WdcTQmhYQCA,{1}
A_OGcqlbF2M,LGhaMC_S_zo,{1}
WNyLcbTA5mU,-7EPRGoLEyo,{1}
WNyLcbTA5mU,rN5p2SpttfQ,{1}
WNyLcbTA5mU,xC9a6rUQsZM,{1}
WdcTQmhYQCA,rN5p2SpttfQ,{1}
WdcTQmhYQCA,M_VpemRe3f0,{1}
WdcTQmhYQCA,x30lPvBuFA4,{1}
LGhaMC_S_zo,9VJ83yEZoHQ,{1}
LGhaMC_S_zo,k4R3s0asUqA,{1}
LGhaMC_S_zo,k_fAYgUYNBs,{1}
YWm9zD5NaXo,p82uV89-DVU,{1}
YWm9zD5NaXo,Snz-UpgsoXY,{1}
YWm9zD5NaXo,rWl6WGZA42g,{1}
p82uV89-DVU,jVdBhu0KgJo,{1}
p82uV89-DVU,ThDYazipjSI,{1}
p82uV89-DVU,DLMlkjnYe0U,{1}
Snz-UpgsoXY,CLTvGic69YE,{1}
Snz-UpgsoXY,Z4ckr-JeLcs,{1}
Snz-UpgsoXY,h_ndG1q-86E,{1}
rWl6WGZA42g,fA67iUSpY_Y,{1}
rWl6WGZA42g,eTdtfED8hHI,{1}
rWl6WGZA42g,OJhjbNvaZVw,{1}
4jMRhAeP5mU,JRZISpV1d7o,{1}
4jMRhAeP5mU,lTJRS9WXe90,{1}
4jMRhAeP5mU,QcoAk7Isiwg,{1}
JRZISpV1d7o,NFPgUtwLNRk,{1}
JRZISpV1d7o,IhgPvkRxbww,{1}
JRZISpV1d7o,zdzM6krfaKY,{1}
lTJRS9WXe90,QcoAk7Isiwg,{1}
lTJRS9WXe90,l4_ge5ngRNs,{1}
lTJRS9WXe90,q1adV0O7JmA,{1}
QcoAk7Isiwg,ZxCT_D6HBd8,{1}
QcoAk7Isiwg,lTJRS9WXe90,{1}
QcoAk7Isiwg,7dRi3nSIlMY,{1}
6arlavzPLGI,uGuJb41wvIM,{1}
6arlavzPLGI,Ad0SDCGyTJ4,{1}
6arlavzPLGI,XF3g3lFd95U,{1}
uGuJb41wvIM,PLrs7GVGDbU,{1}
uGuJb41wvIM,9rKKNLFRFcI,{1}
uGuJb41wvIM,GD3IodWyGME,{1}
PLrs7GVGDbU,QRO3T1eNvzY,{1}
PLrs7GVGDbU,mj9VylKts5c,{1}
PLrs7GVGDbU,i5JBIHCVnlc,{1}
9rKKNLFRFcI,SFnMTHhKdkw,{1}
9rKKNLFRFcI,iQE-cCDKMcc,{1}
9rKKNLFRFcI,mJBlgIA3K24,{1}
GD3IodWyGME,jta-4JLawYI,{1}
GD3IodWyGME,0pZLS1qa9aU,{1}
GD3IodWyGME,Z7x4ZS7ZZWc,{1}
Ad0SDCGyTJ4,uRzFq3peUzM,{1}
Ad0SDCGyTJ4,MX2FOHrreDU,{1}
Ad0SDCGyTJ4,HzL2g-qndDA,{1}
uRzFq3peUzM,2ysaBIAVzQ4,{1}
uRzFq3peUzM,A4DeSl8QGD4,{1}
uRzFq3peUzM,GDK_KRoCem8,{1}
HzL2g-qndDA,zM1TezfSTEY,{1}
HzL2g-qndDA,A4zfYRj1tm8,{1}
HzL2g-qndDA,DatNxlUs3fE,{1}
XF3g3lFd95U,9-J1AdC4p0s,{1}
XF3g3lFd95U,wvFfee_ZhQE,{1}
XF3g3lFd95U,BugGXG3sUCw,{1}
9-J1AdC4p0s,ImhgHiUavaI,{1}
9-J1AdC4p0s,Vgx6ui48MsI,{1}
9-J1AdC4p0s,gDHAuNkcHrA,{1}
wvFfee_ZhQE,aljYFJ08jNo,{1}
wvFfee_ZhQE,hTrPq5xymEU,{1}
wvFfee_ZhQE,YLzl5LYOh5E,{1}
BugGXG3sUCw,4apZjFYIRlA,{1}
BugGXG3sUCw,m1A-3TwV7u0,{1}
BugGXG3sUCw,aI-am-YnSMk,{1}
thU57SSnaYg,k2kxgufJOaA,{1}
thU57SSnaYg,1zksWR_kee8,{1}
thU57SSnaYg,JGAjKOal82Y,{1}
thU57SSnaYg,GJX3MrEImVQ,{1}
k2kxgufJOaA,BEdroGIr4z4,{1}
k2kxgufJOaA,oZEO8kE1RFE,{1}
k2kxgufJOaA,n4B7IKXecKU,{1}
k2kxgufJOaA,mXMWzOjlX4k,{1}
k2kxgufJOaA,GJX3MrEImVQ,{1}
BEdroGIr4z4,sFA9aLB0M1w,{1}
BEdroGIr4z4,xbXECRQsY-0,{1}
BEdroGIr4z4,V6hRiDMjaek,{1}
sFA9aLB0M1w,Qu4lqapV3YE,{1}
sFA9aLB0M1w,sLe0n1UHVls,{1}
sFA9aLB0M1w,BEdroGIr4z4,{1}
xbXECRQsY-0,VJ_iarBTupI,{1}
xbXECRQsY-0,bvcTMFxdN-o,{1}
xbXECRQsY-0,tRuOHLP9D5I,{1}
V6hRiDMjaek,ELI2xPkMZkE,{1}
V6hRiDMjaek,i8tmPiiJ8mo,{1}
V6hRiDMjaek,qiM8PqMzLq4,{1}
oZEO8kE1RFE,zMfcNkodPo8,{1}
oZEO8kE1RFE,Zc9jzwM_1Rk,{1}
oZEO8kE1RFE,VpnUKyoohY8,{1}
zMfcNkodPo8,ZM1vij7i6Rw,{1}
zMfcNkodPo8,EHCRL5qcLKU,{1}
zMfcNkodPo8,VpnUKyoohY8,{1}
zMfcNkodPo8,mXMWzOjlX4k,{1}
zMfcNkodPo8,thU57SSnaYg,{1}
VpnUKyoohY8,IezWBEbT2K8,{1}
VpnUKyoohY8,OGY3r9DsO1I,{1}
VpnUKyoohY8,thU57SSnaYg,{1}
VpnUKyoohY8,zMfcNkodPo8,{1}
Zc9jzwM_1Rk,0tM_G7Hgu0w,{1}
Zc9jzwM_1Rk,GJX3MrEImVQ,{1}
Zc9jzwM_1Rk,k2kxgufJOaA,{1}
Zc9jzwM_1Rk,mXMWzOjlX4k,{1}
Zc9jzwM_1Rk,oZEO8kE1RFE,{1}
Zc9jzwM_1Rk,n4B7IKXecKU,{1}
Zc9jzwM_1Rk,zMfcNkodPo8,{1}
Zc9jzwM_1Rk,thU57SSnaYg,{1}
Zc9jzwM_1Rk,s8jC9hft5M0,{1}
GJX3MrEImVQ,IjNQlyc94sY,{1}
GJX3MrEImVQ,OGY3r9DsO1I,{1}
GJX3MrEImVQ,Zc9jzwM_1Rk,{1}
OGY3r9DsO1I,gRux6YIweHk,{1}
OGY3r9DsO1I,k2kxgufJOaA,{1}
OGY3r9DsO1I,VpnUKyoohY8,{1}
n4B7IKXecKU,Zc9jzwM_1Rk,{1}
n4B7IKXecKU,s8jC9hft5M0,{1}
n4B7IKXecKU,JGAjKOal82Y,{1}
s8jC9hft5M0,x_M2KsuKJYI,{1}
s8jC9hft5M0,zMfcNkodPo8,{1}
s8jC9hft5M0,0tM_G7Hgu0w,{1}
s8jC9hft5M0,w2oWQLPJ07Y,{1}
s8jC9hft5M0,7p-AlNzYmzI,{1}
s8jC9hft5M0,Zc9jzwM_1Rk,{1}
JGAjKOal82Y,oZEO8kE1RFE,{1}
JGAjKOal82Y,hgdFyCu-PuY,{1}
JGAjKOal82Y,s8jC9hft5M0,{1}
1zksWR_kee8,BtYUj7j2tIU,{1}
1zksWR_kee8,gt0QF8-dTNw,{1}
1zksWR_kee8,sqom2VSho-E,{1}
BtYUj7j2tIU,rXDkBMw1jRU,{1}
BtYUj7j2tIU,wnDu5wc0DR0,{1}
BtYUj7j2tIU,gUWGrxgtMIU,{1}
rXDkBMw1jRU,slxDNpYujQc,{1}
rXDkBMw1jRU,so8dUTEUNNw,{1}
rXDkBMw1jRU,rNbnrenxVjU,{1}
wnDu5wc0DR0,rf2P_AHXLnI,{1}
wnDu5wc0DR0,cTE40MhWv1c,{1}
wnDu5wc0DR0,LutIk82xqug,{1}
gUWGrxgtMIU,fqkmdnFUPT8,{1}
gUWGrxgtMIU,_-pRWWm8NPQ,{1}
gUWGrxgtMIU,rXDkBMw1jRU,{1}
gt0QF8-dTNw,VXR7eLeiqpI,{1}
gt0QF8-dTNw,kJ8HTLQ3gY0,{1}
gt0QF8-dTNw,AesoGIeZwGQ,{1}
VXR7eLeiqpI,bIBPK4spPNM,{1}
VXR7eLeiqpI,Ie8IZ4DPG4M,{1}
VXR7eLeiqpI,gt0QF8-dTNw,{1}
kJ8HTLQ3gY0,lSGlg7jNUAc,{1}
kJ8HTLQ3gY0,M2nEwIG1CyI,{1}
kJ8HTLQ3gY0,V_63L-wGtpg,{1}
AesoGIeZwGQ,nievJITvq_o,{1}
AesoGIeZwGQ,nDMDOZW6rPs,{1}
AesoGIeZwGQ,Qszm4R4_DJ8,{1}
sqom2VSho-E,-IQxIl1L328,{1}
sqom2VSho-E,bXy1ttmgrkI,{1}
sqom2VSho-E,Sa3PLMiu4yE,{1}
-IQxIl1L328,0JRW_AQj4vw,{1}
-IQxIl1L328,Jz3hXl54kgo,{1}
-IQxIl1L328,UOG-KWsuD-Y,{1}
bXy1ttmgrkI,RmamIpH_HaQ,{1}
bXy1ttmgrkI,tLbANrcF4PI,{1}
bXy1ttmgrkI,oSQqsiOCIBw,{1}
Sa3PLMiu4yE,-62zLSYBd3w,{1}
Sa3PLMiu4yE,WEyLMbVoHbc,{1}
Sa3PLMiu4yE,iAZYNXrMGtc,{1}
IjNQlyc94sY,GvKTmmCsxp4,{1}
IjNQlyc94sY,D91GzDIzcaA,{1}
IjNQlyc94sY,Q2oRuX3QR-4,{1}
GvKTmmCsxp4,ZJHLiGoPumM,{1}
GvKTmmCsxp4,gNhPZCp4nv4,{1}
GvKTmmCsxp4,a7MXyMyaHKM,{1}
D91GzDIzcaA,i1L34gcOLlM,{1}
D91GzDIzcaA,xo7uAfE0mTM,{1}
D91GzDIzcaA,h_8xBrf7Cj8,{1}
Q2oRuX3QR-4,_uf7A-mOMzs,{1}
Q2oRuX3QR-4,GZ8bnRrr4l8,{1}
Q2oRuX3QR-4,ZhNLLm3RCyM,{1}
gRux6YIweHk,_ew_tKF6-54,{1}
gRux6YIweHk,Zc9jzwM_1Rk,{1}
gRux6YIweHk,irULCysdcKs,{1}
6fxLOz16mvo,g9o0xve8nfI,{4}
6fxLOz16mvo,xRmbFCFEOKc,{4}
6fxLOz16mvo,KWWs8J_BPtQ,{4}
6fxLOz16mvo,V301He6VzoY,{4}
6fxLOz16mvo,mO3ovyOwiLE,{4}
6fxLOz16mvo,9lFkNHn8dYQ,{4}
6fxLOz16mvo,VIJLYV1x3uM,{4}
g9o0xve8nfI,ip-2UhFr1pg,{4}
g9o0xve8nfI,7WsEDQeoFlI,{4}
g9o0xve8nfI,EY1H31iSguo,{4}
g9o0xve8nfI,6fxLOz16mvo,{4}
g9o0xve8nfI,bJVGlrkgT6c,{4}
g9o0xve8nfI,0vfc5eduoC0,{4}
g9o0xve8nfI,9lFkNHn8dYQ,{4}
g9o0xve8nfI,GmXpxga2huc,{4}
g9o0xve8nfI,D8ZAtkKo4tU,{4}
ip-2UhFr1pg,6fxLOz16mvo,{4}
ip-2UhFr1pg,D1tpDxdbxp8,{4}
ip-2UhFr1pg,xRmbFCFEOKc,{4}
ip-2UhFr1pg,n1DLqPQ_JAc,{4}
ip-2UhFr1pg,bJVGlrkgT6c,{4}
ip-2UhFr1pg,WRWbfOwIfrA,{4}
ip-2UhFr1pg,GmXpxga2huc,{4}
EYK9j7ZvFr8,Ska4Xxyz6Zc,{4}
EYK9j7ZvFr8,IlVrHXF0Ikc,{4}
EYK9j7ZvFr8,pfCNgcyvs6g,{4}
foUD4nMCrqw,Nb0twM0c_l4,{4}
foUD4nMCrqw,xRmbFCFEOKc,{4}
foUD4nMCrqw,3WKeQgHvTQU,{4}
foUD4nMCrqw,7WsEDQeoFlI,{4}
foUD4nMCrqw,9lFkNHn8dYQ,{4}
EY1H31iSguo,0bD71-L99YY,{4}
EY1H31iSguo,z0XeGO7nSxg,{4}
EY1H31iSguo,g9o0xve8nfI,{4}
uLeC-hLQ2G0,U7RzoIEoSMY,{4}
uLeC-hLQ2G0,QbDA_OqzZCo,{4}
uLeC-hLQ2G0,MxT6IwUtLSU,{4}
Tg7OVSIP6cg,37dcBEEYC3g,{4}
Tg7OVSIP6cg,ENBhUOTNSm8,{4}
Tg7OVSIP6cg,iXNvqs8rYc0,{4}
eTmx23Euu7Y,adu5L0rD3to,{4}
eTmx23Euu7Y,7WsEDQeoFlI,{4}
eTmx23Euu7Y,gZaiAr408Zs,{4}
eTmx23Euu7Y,oC_ZHFiueCc,{4}
eTmx23Euu7Y,bJVGlrkgT6c,{4}
eTmx23Euu7Y,kDyNQ0qKELQ,{4}
bJVGlrkgT6c,N4P6U8A3U40,{4}
bJVGlrkgT6c,mDZjJ0OREaA,{4}
bJVGlrkgT6c,L5aQzCJW5-s,{4}
bJVGlrkgT6c,3WKeQgHvTQU,{4}
bJVGlrkgT6c,xRmbFCFEOKc,{4}
bJVGlrkgT6c,CGa2CR9-q5s,{4}
bJVGlrkgT6c,6HZ-nfMfu8o,{4}
bJVGlrkgT6c,RvC667FIGXE,{4}
bJVGlrkgT6c,kK_LJ9qgPnw,{4}
bJVGlrkgT6c,h7DL69GrepA,{4}
bJVGlrkgT6c,ip-2UhFr1pg,{4}
KWWs8J_BPtQ,wiYwsWR2crk,{4}
KWWs8J_BPtQ,9lFkNHn8dYQ,{4}
KWWs8J_BPtQ,D5SODc2UUk0,{4}
wiYwsWR2crk,-RcFSiQrmg8,{4}
wiYwsWR2crk,NdJ53CmONuw,{4}
wiYwsWR2crk,0mIagHycicE,{4}
NdJ53CmONuw,WLb4aBJsY3I,{4}
NdJ53CmONuw,TDjDz0NtB4k,{4}
NdJ53CmONuw,7WsEDQeoFlI,{4}
D5SODc2UUk0,z0XeGO7nSxg,{4}
D5SODc2UUk0,KWWs8J_BPtQ,{4}
D5SODc2UUk0,ksb_-y9W1vQ,{4}
3WKeQgHvTQU,nhjucF9Td9w,{4}
3WKeQgHvTQU,bJVGlrkgT6c,{4}
3WKeQgHvTQU,foUD4nMCrqw,{4}
nhjucF9Td9w,HzlqVbXU6po,{4}
nhjucF9Td9w,IFKNur_8LVQ,{4}
nhjucF9Td9w,m0J9PsHjGjc,{4}
L5aQzCJW5-s,uiI5f86lmr4,{4}
L5aQzCJW5-s,Q-VZG0H4M8M,{4}
L5aQzCJW5-s,MZ7qUswMsPA,{4}
6HZ-nfMfu8o,bJVGlrkgT6c,{4}
6HZ-nfMfu8o,7zvFjesUu50,{4}
6HZ-nfMfu8o,mDu30sX4K3g,{4}
7zvFjesUu50,6HZ-nfMfu8o,{4}
7zvFjesUu50,3V7CVimRCRw,{4}
7zvFjesUu50,4le6BgsyjPQ,{4}
mDu30sX4K3g,ahyd-tw2s0Q,{4}
mDu30sX4K3g,xurNjWulIo0,{4}
mDu30sX4K3g,Ia6fUErG8qI,{4}
RvC667FIGXE,dD3CGghskeM,{4}
RvC667FIGXE,8VG_P5fwpqg,{4}
RvC667FIGXE,xRmbFCFEOKc,{4}
RvC667FIGXE,hDFT7R1sTEg,{4}
RvC667FIGXE,0F-4jpu7y7s,{4}
dD3CGghskeM,ip-2UhFr1pg,{4}
dD3CGghskeM,XTqxaMORK9M,{4}
dD3CGghskeM,0mIagHycicE,{4}
8VG_P5fwpqg,Q-VZG0H4M8M,{4}
8VG_P5fwpqg,zsGavaxHm1Q,{4}
8VG_P5fwpqg,6WFNlsj3h3M,{4}
SKBlyYj3W5o,KfV_Chbb7oY,{4}
SKBlyYj3W5o,TPXgh-AQ2Lw,{4}
SKBlyYj3W5o,xRmbFCFEOKc,{4}
SKBlyYj3W5o,3qGen2IMsAQ,{4}
SKBlyYj3W5o,KgROJZ55GL0,{4}
SKBlyYj3W5o,g__r0WrMRAU,{4}
qakVKpJ5Jtc,QDk5qKc9vjQ,{4}
qakVKpJ5Jtc,S12BqBXK2FQ,{4}
qakVKpJ5Jtc,Sb0-I8FkUWU,{4}
QDk5qKc9vjQ,rwOWWnAH1W8,{4}
QDk5qKc9vjQ,_7FGooAI93Y,{4}
QDk5qKc9vjQ,vphR8z-Y7b8,{4}
TPXgh-AQ2Lw,1ao-eTy1pSM,{4}
TPXgh-AQ2Lw,KfV_Chbb7oY,{4}
TPXgh-AQ2Lw,5Wr1OkisWLM,{4}
5Wr1OkisWLM,bLdkPSG-XEs,{4}
5Wr1OkisWLM,KfV_Chbb7oY,{4}
5Wr1OkisWLM,daDMEUiGEcw,{4}
mLS0MCuqBkM,S12BqBXK2FQ,{4}
mLS0MCuqBkM,9qNIWb6AEJo,{4}
mLS0MCuqBkM,ssRvBqYujyE,{4}
9qNIWb6AEJo,g__r0WrMRAU,{4}
9qNIWb6AEJo,adu5L0rD3to,{4}
9qNIWb6AEJo,lZtkRi9QkdE,{4}
KgROJZ55GL0,SKBlyYj3W5o,{4}
KgROJZ55GL0,g__r0WrMRAU,{4}
KgROJZ55GL0,FQOFpDdg5rQ,{4}
g__r0WrMRAU,vphR8z-Y7b8,{4}
g__r0WrMRAU,9qNIWb6AEJo,{4}
g__r0WrMRAU,as6a0gKVGog,{4}
g__r0WrMRAU,pXi3WehiJg4,{4}
g__r0WrMRAU,QDk5qKc9vjQ,{4}
pXi3WehiJg4,S12BqBXK2FQ,{4}
pXi3WehiJg4,nvqZUcZ5AbQ,{4}
pXi3WehiJg4,qakVKpJ5Jtc,{4}
kXYuHVatK8w,aSlstPpIW-E,{4}
kXYuHVatK8w,Ska4Xxyz6Zc,{4}
kXYuHVatK8w,VrFrT7-19JI,{4}
aSlstPpIW-E,V1RO2DUAQ2U,{4}
aSlstPpIW-E,GrxEfpFKJJY,{4}
aSlstPpIW-E,lDXyD3xrWgw,{4}
GrxEfpFKJJY,Z3u7RKUEs90,{4}
GrxEfpFKJJY,NB7UXkotzuA,{4}
GrxEfpFKJJY,nf1tQSKBbEU,{4}
lDXyD3xrWgw,Q-uR_6-OuPo,{4}
lDXyD3xrWgw,kXYuHVatK8w,{4}
lDXyD3xrWgw,KKw26GSPesE,{4}
Ska4Xxyz6Zc,EYK9j7ZvFr8,{4}
Ska4Xxyz6Zc,fK61fHcsHd0,{4}
Ska4Xxyz6Zc,fIuFUYmiejY,{4}
fK61fHcsHd0,ltLL5SUiAU8,{4}
fK61fHcsHd0,Mr_FUqxltmA,{4}
fK61fHcsHd0,KEa2v12vprM,{4}
fIuFUYmiejY,oTiE3AZ4kYA,{4}
fIuFUYmiejY,zbgCo2LsI7I,{4}
fIuFUYmiejY,7WsEDQeoFlI,{4}
VrFrT7-19JI,i7y-c0gncZY,{4}
VrFrT7-19JI,3A8oYoh7Z6U,{4}
VrFrT7-19JI,p3vF1aOW1RM,{4}
i7y-c0gncZY,_tadZUqGNH4,{4}
i7y-c0gncZY,Du0AAnlbdB0,{4}
i7y-c0gncZY,EQrZX1lEKnc,{4}
3A8oYoh7Z6U,wKkgAETRpbA,{4}
3A8oYoh7Z6U,GY38MP3TJSc,{4}
3A8oYoh7Z6U,fyf1f7T-GwY,{4}
p3vF1aOW1RM,KKw26GSPesE,{4}
p3vF1aOW1RM,s4TTEai4iNc,{4}
p3vF1aOW1RM,Ydu1-aN_gUE,{4}
TE4n2lsIwWA,kfpbKQ_34yU,{4}
TE4n2lsIwWA,bJVGlrkgT6c,{4}
TE4n2lsIwWA,Bc9o0jeRa48,{4}
kfpbKQ_34yU,aPNp0ixjb1Y,{4}
kfpbKQ_34yU,Mr2iL7quTic,{4}
kfpbKQ_34yU,VbcB4CL344s,{4}
Bc9o0jeRa48,1DT8daaNu_4,{4}
Bc9o0jeRa48,tHa5u6g0mU8,{4}
Bc9o0jeRa48,KiLlgcIgocs,{4}
KiLlgcIgocs,_riS243r1aw,{4}
KiLlgcIgocs,Vyw-pe_Nvxc,{4}
KiLlgcIgocs,z0XeGO7nSxg,{4}
bnqoZiE3mbQ,7WsEDQeoFlI,{4}
bnqoZiE3mbQ,iWcQBUpx0jI,{4}
bnqoZiE3mbQ,_R671un02qE,{4}
gvFM5b-6x3s,wpUUzxXbIOQ,{4}
gvFM5b-6x3s,7WsEDQeoFlI,{4}
gvFM5b-6x3s,uLeC-hLQ2G0,{4}
wpUUzxXbIOQ,uLeC-hLQ2G0,{4}
wpUUzxXbIOQ,TNkKWqHg9PI,{4}
wpUUzxXbIOQ,Zc2Urt-Kj8M,{4}
pM224SZsBc0,iH7JplVXbrE,{4}
pM224SZsBc0,g9o0xve8nfI,{4}
pM224SZsBc0,3WZIVLK13bI,{4}
iH7JplVXbrE,t4OFQu0WYMI,{4}
iH7JplVXbrE,KiLlgcIgocs,{4}
iH7JplVXbrE,idgXlOH7Fvo,{4}
t4OFQu0WYMI,OHENqq8WO3E,{4}
t4OFQu0WYMI,g9o0xve8nfI,{4}
t4OFQu0WYMI,D5SODc2UUk0,{4}
idgXlOH7Fvo,ip-2UhFr1pg,{4}
idgXlOH7Fvo,LrlF9Y40WI8,{4}
idgXlOH7Fvo,aPNp0ixjb1Y,{4}
kDyNQ0qKELQ,pALTozNnqdc,{4}
kDyNQ0qKELQ,3lBTjbeFOJo,{4}
kDyNQ0qKELQ,WRWbfOwIfrA,{4}
kDyNQ0qKELQ,i8569kf2JKg,{4}
kDyNQ0qKELQ,TeBK7InSmoA,{4}
GmXpxga2huc,J_ThIt5foFs,{4}
GmXpxga2huc,7WsEDQeoFlI,{4}
GmXpxga2huc,n1DLqPQ_JAc,{4}
GmXpxga2huc,ip-2UhFr1pg,{4}
GmXpxga2huc,xRmbFCFEOKc,{4}
GmXpxga2huc,VIJLYV1x3uM,{4}
J_ThIt5foFs,gg53LTPwSaU,{4}
J_ThIt5foFs,oC_ZHFiueCc,{4}
J_ThIt5foFs,6fxLOz16mvo,{4}
D8ZAtkKo4tU,erIUUK63rZo,{4}
D8ZAtkKo4tU,ip-2UhFr1pg,{4}
D8ZAtkKo4tU,_riS243r1aw,{4}
3WZIVLK13bI,IzbxJMVfTOc,{4}
3WZIVLK13bI,hBOTQ_hrf9I,{4}
3WZIVLK13bI,5Wr1OkisWLM,{4}
IzbxJMVfTOc,msY0zJV1UaM,{4}
IzbxJMVfTOc,EDmGMr00Fs8,{4}
IzbxJMVfTOc,adu5L0rD3to,{4}
WRWbfOwIfrA,n5m7vs-fwKQ,{4}
WRWbfOwIfrA,BWoc1gY4vCs,{4}
WRWbfOwIfrA,rqyJb71ANtQ,{4}
37dcBEEYC3g,q0SD3D3ZfBs,{4}
37dcBEEYC3g,wiYwsWR2crk,{4}
37dcBEEYC3g,Tg7OVSIP6cg,{4}
ENBhUOTNSm8,iXNvqs8rYc0,{4}
ENBhUOTNSm8,a83mZOzx1OE,{4}
ENBhUOTNSm8,Tg7OVSIP6cg,{4}
iXNvqs8rYc0,ENBhUOTNSm8,{4}
iXNvqs8rYc0,Md7JgzEVjrc,{4}
iXNvqs8rYc0,Tg7OVSIP6cg,{4}
gg53LTPwSaU,61cDgORQkqE,{4}
gg53LTPwSaU,2c3XGtSrWu8,{4}
gg53LTPwSaU,_nrjRdfu4Zs,{4}
i8569kf2JKg,BWoc1gY4vCs,{4}
i8569kf2JKg,Y3SR6LLOd5Y,{4}
i8569kf2JKg,kDyNQ0qKELQ,{4}
BWoc1gY4vCs,gZaiAr408Zs,{4}
BWoc1gY4vCs,bERGzeyroAo,{4}
BWoc1gY4vCs,kMDNJvTwhMY,{4}
BWoc1gY4vCs,exKLBWpxsdE,{4}
BWoc1gY4vCs,06BJ8ZmU3pw,{4}
BWoc1gY4vCs,eTmx23Euu7Y,{4}
Y3SR6LLOd5Y,rl6aIVU1838,{4}
Y3SR6LLOd5Y,bLdkPSG-XEs,{4}
Y3SR6LLOd5Y,Daf6CFibyaw,{4}
n5m7vs-fwKQ,ig9quPJ-8l0,{4}
n5m7vs-fwKQ,WRWbfOwIfrA,{4}
n5m7vs-fwKQ,vCJTHFn_494,{4}
rqyJb71ANtQ,tiVxVR78Jss,{4}
rqyJb71ANtQ,W3saTF_M0uA,{4}
rqyJb71ANtQ,GmXpxga2huc,{4}
TeBK7InSmoA,5juBmmXoW7I,{4}
TeBK7InSmoA,77OLqAZnpdw,{4}
TeBK7InSmoA,eTmx23Euu7Y,{4}
5juBmmXoW7I,AJ-19_ymgcw,{4}
5juBmmXoW7I,L6GiPS_KZos,{4}
5juBmmXoW7I,Dk8Qy7L5ZaI,{4}
77OLqAZnpdw,BPQHTKXMeCA,{4}
77OLqAZnpdw,e-o2nmqNutc,{4}
77OLqAZnpdw,AD25gad4Gjw,{4}
FbG6Vg_d4Mc,xKBcF1-puG8,{3}
FbG6Vg_d4Mc,mj9VylKts5c,{3}
FbG6Vg_d4Mc,pPRphE2kj3E,{3}
FbG6Vg_d4Mc,EdFJHMQnnME,{3}
FbG6Vg_d4Mc,0_irT0Ttlrg,{3}
xKBcF1-puG8,uxJe1cEr1Ts,{3}
xKBcF1-puG8,N3oH54REBxc,{3}
xKBcF1-puG8,yuC7Lm-MXZc,{3}
xKBcF1-puG8,-xiHSSl8rbw,{3}
xKBcF1-puG8,Y2GuJ9sDwO4,{3}
xKBcF1-puG8,wwep4LDKRf8,{3}
xKBcF1-puG8,6JadG1eYwi8,{3}
uxJe1cEr1Ts,qtUZoKyQFb4,{3}
uxJe1cEr1Ts,izAm3Ie9mNo,{3}
uxJe1cEr1Ts,UX0fcKTEFC4,{3}
uxJe1cEr1Ts,sn2vSehRHZQ,{3}
uxJe1cEr1Ts,HAbK252ICdg,{3}
uxJe1cEr1Ts,3thVFDXaB2o,{3}
qtUZoKyQFb4,izAm3Ie9mNo,{3}
qtUZoKyQFb4,4FUf2qcIpIU,{3}
qtUZoKyQFb4,dOES56VjzJg,{3}
izAm3Ie9mNo,yuC7Lm-MXZc,{3}
izAm3Ie9mNo,UIOW18kRDEA,{3}
izAm3Ie9mNo,lYrI6jbU6yU,{3}
yuC7Lm-MXZc,xKBcF1-puG8,{3}
yuC7Lm-MXZc,rJLtWAGSL1U,{3}
yuC7Lm-MXZc,Y2GuJ9sDwO4,{3}
4FUf2qcIpIU,s7sfmmYTafM,{3}
4FUf2qcIpIU,bf_h1LQ0e5c,{3}
4FUf2qcIpIU,izAm3Ie9mNo,{3}
dOES56VjzJg,p3EwVIpzFjI,{3}
dOES56VjzJg,UN7P2IcSbXw,{3}
dOES56VjzJg,fdQqDl_edFc,{3}
HAbK252ICdg,L_sDgKqIXbY,{3}
HAbK252ICdg,uxJe1cEr1Ts,{3}
HAbK252ICdg,UX0fcKTEFC4,{3}
L_sDgKqIXbY,YU5H0LVFZR4,{3}
L_sDgKqIXbY,biqzCM4aKfk,{3}
L_sDgKqIXbY,nC4t1LDDt4A,{3}
UX0fcKTEFC4,sn2vSehRHZQ,{3}
UX0fcKTEFC4,qtUZoKyQFb4,{3}
UX0fcKTEFC4,2o54_EEOvbY,{3}
3thVFDXaB2o,l62fX0NZfDw,{3}
3thVFDXaB2o,Ak_rESL4TfQ,{3}
3thVFDXaB2o,DHwXsElFVlM,{3}
l62fX0NZfDw,CCVQ0iLH2sw,{3}
l62fX0NZfDw,f_EMObo10sY,{3}
l62fX0NZfDw,2E-1xFYBUNk,{3}
Ak_rESL4TfQ,6fKdfKHGeP0,{3}
Ak_rESL4TfQ,hIUR_pDLuUU,{3}
Ak_rESL4TfQ,7NnZzOw8Wvs,{3}
DHwXsElFVlM,gBaiuvrhRzg,{3}
DHwXsElFVlM,o-GbkHFFJiI,{3}
DHwXsElFVlM,U88FyuuYzbY,{3}
-xiHSSl8rbw,tVgyauoUvKQ,{3}
-xiHSSl8rbw,Y2GuJ9sDwO4,{3}
-xiHSSl8rbw,SbpIWRfQKkc,{3}
-xiHSSl8rbw,tlBLpd5W-o4,{3}
-xiHSSl8rbw,-xRRdKt3_tk,{3}
-xiHSSl8rbw,68BDUsfJ-2c,{3}
tVgyauoUvKQ,mh2AXh1eRmE,{3}
tVgyauoUvKQ,2dlLQ6L4it4,{3}
tVgyauoUvKQ,Y-06GmP98rk,{3}
mh2AXh1eRmE,BoFkDmTm2uc,{3}
mh2AXh1eRmE,LNzrlMmecHs,{3}
mh2AXh1eRmE,JRlmQdRN0G8,{3}
2dlLQ6L4it4,2LUz01QXRiE,{3}
2dlLQ6L4it4,xKBcF1-puG8,{3}
2dlLQ6L4it4,Q-aOxmKv2Vs,{3}
Y-06GmP98rk,KTABK8Il4Ko,{3}
Y-06GmP98rk,PnSZ1fN2RNM,{3}
Y-06GmP98rk,1duMWwT_u2k,{3}
Y-06GmP98rk,GpizdnmngJQ,{3}
Y-06GmP98rk,aZ5gZHj4jJM,{3}
PnSZ1fN2RNM,qHl1MoXPXz0,{3}
PnSZ1fN2RNM,xKBcF1-puG8,{3}
PnSZ1fN2RNM,z7EBv6LMhN4,{3}
Y2GuJ9sDwO4,iIes8pQWSFQ,{3}
Y2GuJ9sDwO4,yuC7Lm-MXZc,{3}
Y2GuJ9sDwO4,xKBcF1-puG8,{3}
Y2GuJ9sDwO4,Y-06GmP98rk,{3}
Y2GuJ9sDwO4,P-WNLRsLlvE,{3}
Y2GuJ9sDwO4,F2b47rRHOJw,{3}
Y2GuJ9sDwO4,tVgyauoUvKQ,{3}
Y2GuJ9sDwO4,uu9B006ZF14,{3}
iIes8pQWSFQ,P-WNLRsLlvE,{3}
iIes8pQWSFQ,xKBcF1-puG8,{3}
iIes8pQWSFQ,WGXxcbgujWs,{3}
P-WNLRsLlvE,atdGfm9At_c,{3}
P-WNLRsLlvE,uu9B006ZF14,{3}
P-WNLRsLlvE,X_FSjRYbsd8,{3}
68BDUsfJ-2c,w0XfxojF_nY,{3}
68BDUsfJ-2c,-xiHSSl8rbw,{3}
68BDUsfJ-2c,QerxkwRlqhQ,{3}
w0XfxojF_nY,-xBqJ0bsN3o,{3}
w0XfxojF_nY,xKBcF1-puG8,{3}
w0XfxojF_nY,vM-cXLaP4dc,{3}
QerxkwRlqhQ,rJLtWAGSL1U,{3}
QerxkwRlqhQ,ej_JciBMCf0,{3}
QerxkwRlqhQ,yuC7Lm-MXZc,{3}
GpizdnmngJQ,WCXHVm4ZwvU,{3}
GpizdnmngJQ,VHsVoa8rdI8,{3}
GpizdnmngJQ,Y-06GmP98rk,{3}
aZ5gZHj4jJM,GpizdnmngJQ,{3}
aZ5gZHj4jJM,S5Z7LnCU3Q0,{3}
aZ5gZHj4jJM,ASVGMkjgxHI,{3}
atdGfm9At_c,icQ5S8FU9ss,{3}
atdGfm9At_c,zGJcnqiQt_8,{3}
atdGfm9At_c,rgVdloVnAl4,{3}
uu9B006ZF14,KoIPK3gHFCs,{3}
uu9B006ZF14,_zCTS3RzHE4,{3}
uu9B006ZF14,_GN1lh9q5WE,{3}
X_FSjRYbsd8,ZyZh_FIhGlU,{3}
X_FSjRYbsd8,qNnHS62uDHQ,{3}
X_FSjRYbsd8,t4e_hHjLgN8,{3}
F2b47rRHOJw,LdY2cALM6-4,{3}
F2b47rRHOJw,r1ZLSbQ0r0I,{3}
F2b47rRHOJw,LLtZvppQRc4,{3}
LdY2cALM6-4,NhwVHl7ILBQ,{3}
LdY2cALM6-4,JoU6WdT0aVM,{3}
LdY2cALM6-4,yS5o_FsX1SY,{3}
r1ZLSbQ0r0I,l7NUssiZTPk,{3}
r1ZLSbQ0r0I,wV3np8sQvS4,{3}
r1ZLSbQ0r0I,6cFAYjQw2CA,{3}
LLtZvppQRc4,aNPXoynTP5s,{3}
LLtZvppQRc4,t4t1Vj5-NLQ,{3}
LLtZvppQRc4,cbdYQXE_4Zw,{3}
5zWcSw1lsIw,mj9VylKts5c,{3}
5zWcSw1lsIw,_v_ci4g0rss,{3}
5zWcSw1lsIw,n-a7wBvW2Hg,{3}
WmOLv44pKZE,Q-zt_HkbSqM,{3}
WmOLv44pKZE,E9oKEJ1pXPw,{3}
WmOLv44pKZE,Zsg8rpUEFKY,{3}
SryHqlmxE2s,EUDrf2Svt8o,{3}
SryHqlmxE2s,60VaAy36Slc,{3}
SryHqlmxE2s,kO39nIcuPhQ,{3}
_v_ci4g0rss,ttGi9F2MeWA,{3}
_v_ci4g0rss,3YX9egbUNX4,{3}
_v_ci4g0rss,5nEixrMK4qo,{3}
ttGi9F2MeWA,7HuACfqT9EA,{3}
ttGi9F2MeWA,mvSo_yHYTvk,{3}
ttGi9F2MeWA,WXI9-pAovgg,{3}
3YX9egbUNX4,AeGXYYoSO1U,{3}
3YX9egbUNX4,2ERb87Zphhc,{3}
3YX9egbUNX4,1AfzUot3WU0,{3}
5nEixrMK4qo,OWT37PiJ5vY,{3}
5nEixrMK4qo,ARg9B_vm4zM,{3}
5nEixrMK4qo,4WFzK8qgZOM,{3}
n-a7wBvW2Hg,ggYUq0GUtX0,{3}
n-a7wBvW2Hg,GC1io3qNlDg,{3}
n-a7wBvW2Hg,KWTk9sMJvDY,{3}
ggYUq0GUtX0,vMKtKNZw4Bo,{3}
ggYUq0GUtX0,Ym8PB64em2I,{3}
ggYUq0GUtX0,3c3LfH7oxbo,{3}
GC1io3qNlDg,-jV4zjY66pc,{3}
GC1io3qNlDg,jNaS-lZlShw,{3}
GC1io3qNlDg,ZrkkLXpjicQ,{3}
KWTk9sMJvDY,qUVufn41BKs,{3}
KWTk9sMJvDY,ICC1lGs-ESc,{3}
KWTk9sMJvDY,OX_0FmFs1mk,{3}
_fjZ21gY-HQ,StgfQ2gWm9U,{3}
_fjZ21gY-HQ,5nqLzZrwwcs,{3}
_fjZ21gY-HQ,mj9VylKts5c,{3}
StgfQ2gWm9U,adjdXhAwA14,{3}
StgfQ2gWm9U,EdFJHMQnnME,{3}
StgfQ2gWm9U,V82TwJisWbs,{3}
adjdXhAwA14,bDovLven0sU,{3}
adjdXhAwA14,eGKUIYrqVPU,{3}
adjdXhAwA14,Hlmr8TRRSEQ,{3}
EdFJHMQnnME,ys80Xc-esrU,{3}
EdFJHMQnnME,l6WSoijb8cY,{3}
EdFJHMQnnME,CwGXE4xH9ho,{3}
EdFJHMQnnME,Qd_OiiPvpXE,{3}
EdFJHMQnnME,IFRA9Srk930,{3}
EdFJHMQnnME,bf7Bu_mdO1k,{3}
EdFJHMQnnME,lLXrNH4lXZc,{3}
EdFJHMQnnME,2BOBqXYNlc4,{3}
V82TwJisWbs,kA2KaEKs1LA,{3}
V82TwJisWbs,aiwp3oZ8rX8,{3}
V82TwJisWbs,adjdXhAwA14,{3}
5nqLzZrwwcs,g9bMFUadjuA,{3}
5nqLzZrwwcs,ybtl9qVFAjc,{3}
5nqLzZrwwcs,TSkczvWzDes,{3}
g9bMFUadjuA,HEzSDK747yc,{3}
g9bMFUadjuA,tLMJIfmaVzM,{3}
g9bMFUadjuA,jCsng1rJUHY,{3}
ybtl9qVFAjc,4cia_v4vxfE,{3}
ybtl9qVFAjc,sNfpPKoTHZs,{3}
ybtl9qVFAjc,vzWbCD67YFY,{3}
TSkczvWzDes,12O9RVTyTwY,{3}
TSkczvWzDes,2h4DdpTfLYI,{3}
TSkczvWzDes,TiX8Rz5C3LY,{3}
IJJj2MW5FxA,wuAbLIexkAw,{3}
IJJj2MW5FxA,As4jp0Cgopo,{3}
IJJj2MW5FxA,tZpmDQodi1U,{3}
MHrU8ZvOWWA,rMGaQhWxtXU,{3}
MHrU8ZvOWWA,Nrad7_tkMfI,{3}
MHrU8ZvOWWA,PIAoJleBV7U,{3}
MHrU8ZvOWWA,dSwj_eQUng0,{3}
MHrU8ZvOWWA,iIa86wHo74M,{3}
rMGaQhWxtXU,qjspERjTFf0,{3}
rMGaQhWxtXU,BTFB8jmuAwc,{3}
rMGaQhWxtXU,D3-AP127fPc,{3}
qjspERjTFf0,zZzjOU5xD1g,{3}
qjspERjTFf0,ZrwcvnNC_7E,{3}
qjspERjTFf0,h9Ag2kC_Fe4,{3}
BTFB8jmuAwc,Nrad7_tkMfI,{3}
BTFB8jmuAwc,dSwj_eQUng0,{3}
BTFB8jmuAwc,rcP1UFYl38I,{3}
Nrad7_tkMfI,-sCq720vumY,{3}
Nrad7_tkMfI,-NV1uhAYdbc,{3}
Nrad7_tkMfI,aMoQ9ss11BM,{3}
Nrad7_tkMfI,iIa86wHo74M,{3}
Nrad7_tkMfI,uSPWZCA66d0,{3}
Nrad7_tkMfI,rMGaQhWxtXU,{3}
D3-AP127fPc,-qmnXduMQIU,{3}
D3-AP127fPc,4B4RVgVHg9c,{3}
D3-AP127fPc,ZMTUWGgnI10,{3}
-sCq720vumY,mOsv0jpK3Nc,{3}
-sCq720vumY,Nrad7_tkMfI,{3}
-sCq720vumY,iIa86wHo74M,{3}
iIa86wHo74M,OcWMoMDjiHo,{3}
iIa86wHo74M,MHrU8ZvOWWA,{3}
iIa86wHo74M,Nrad7_tkMfI,{3}
-NV1uhAYdbc,Nrad7_tkMfI,{3}
-NV1uhAYdbc,iIa86wHo74M,{3}
-NV1uhAYdbc,BTFB8jmuAwc,{3}
aMoQ9ss11BM,Nrad7_tkMfI,{3}
aMoQ9ss11BM,iIa86wHo74M,{3}
aMoQ9ss11BM,rMGaQhWxtXU,{3}
OcWMoMDjiHo,X3NF5mbPbZU,{3}
OcWMoMDjiHo,JqBrfqgVYU4,{3}
OcWMoMDjiHo,o97qWHAwqYc,{3}
NzvaDOecjgs,9VHZpN86oQ0,{3}
NzvaDOecjgs,O3IuNDITzIs,{3}
NzvaDOecjgs,XEflASnfA4Y,{3}
NzvaDOecjgs,zSYPshPMFiY,{3}
NzvaDOecjgs,VhQ7Pekgh7E,{3}
zSYPshPMFiY,sh88mA7148Y,{3}
zSYPshPMFiY,_NOtQyHPics,{3}
zSYPshPMFiY,NzvaDOecjgs,{3}
sh88mA7148Y,3t3niuCCw4g,{3}
sh88mA7148Y,2TNwn3uXrMI,{3}
sh88mA7148Y,xYsJLjf8jt0,{3}
_NOtQyHPics,4gYit7XxCaM,{3}
_NOtQyHPics,5hytOHmQ9sA,{3}
_NOtQyHPics,sh88mA7148Y,{3}
XEflASnfA4Y,R3FWzpfMaMs,{3}
XEflASnfA4Y,o3TWj6C7aIc,{3}
XEflASnfA4Y,ToXcf-Nj2XE,{3}
R3FWzpfMaMs,9VHZpN86oQ0,{3}
R3FWzpfMaMs,3t3niuCCw4g,{3}
R3FWzpfMaMs,TdfvsU6IwsA,{3}
o3TWj6C7aIc,ptG_4rEXcek,{3}
o3TWj6C7aIc,4gYit7XxCaM,{3}
o3TWj6C7aIc,9VHZpN86oQ0,{3}
ToXcf-Nj2XE,bqjkRHFe97U,{3}
ToXcf-Nj2XE,1HbwP0GmpTY,{3}
ToXcf-Nj2XE,-1XNWQMOObU,{3}
VhQ7Pekgh7E,tmXPArToCnU,{3}
VhQ7Pekgh7E,JOF4tusUt6k,{3}
VhQ7Pekgh7E,yoBVBWhgwZI,{3}
tmXPArToCnU,hkeP7dLkh04,{3}
tmXPArToCnU,hslPcKlo_-I,{3}
tmXPArToCnU,jIeZkc5AYjE,{3}
JOF4tusUt6k,pgrlYg2xW80,{3}
JOF4tusUt6k,TNCJHeT3-QE,{3}
JOF4tusUt6k,FncTDZxNbM4,{3}
yoBVBWhgwZI,9JTVuQ6AJEo,{3}
yoBVBWhgwZI,454tAKEV3k0,{3}
yoBVBWhgwZI,nnW1PPK2qrE,{3}
1Vh-IBXLYK4,CMrEiU35bCQ,{3}
1Vh-IBXLYK4,NZfya3QK1z0,{3}
1Vh-IBXLYK4,5w3UxZbWe-M,{3}
CMrEiU35bCQ,CMtfm1xaubQ,{3}
CMrEiU35bCQ,IlWzCFhEwIQ,{3}
CMrEiU35bCQ,JDjcBq9nPRU,{3}
NZfya3QK1z0,FkvpjdT6ZgA,{3}
NZfya3QK1z0,yyc5W4mmbCo,{3}
NZfya3QK1z0,5dPz4JRFgsQ,{3}
yyc5W4mmbCo,PdFB7q89_3U,{1}
yyc5W4mmbCo,OnZ9CLlXWpk,{1}
yyc5W4mmbCo,aux7NOLq3sY,{1}
5w3UxZbWe-M,5GONlwJWh3w,{3}
5w3UxZbWe-M,ikjZTJIubb4,{3}
5w3UxZbWe-M,noUH5aYUBx4,{3}
9LiZuivD_yg,mGHcrCTnXio,{3}
9LiZuivD_yg,0D3DPepWaqE,{3}
9LiZuivD_yg,ctx4YBEdOxo,{3}
mGHcrCTnXio,I6i9KDTw8xQ,{3}
mGHcrCTnXio,ges5AdZIv_s,{3}
mGHcrCTnXio,p1wdnUaFjlU,{3}
0D3DPepWaqE,-srudZAM3U4,{3}
0D3DPepWaqE,fzDwiw7xIHE,{3}
0D3DPepWaqE,6Omf2Kpz-lM,{3}
ctx4YBEdOxo,O7ACNMj8NW0,{3}
ctx4YBEdOxo,OX1xG0a4TVo,{3}
ctx4YBEdOxo,MevKTPN4ozw,{3}
orJSJGHjBLI,XXYlFuWEuKI,{3}
orJSJGHjBLI,Il0S8BoucSA,{3}
orJSJGHjBLI,jZNWEPqZ7zw,{3}
XXYlFuWEuKI,4NRXx6U8ABQ,{3}
XXYlFuWEuKI,E3QiD99jPAg,{3}
XXYlFuWEuKI,q7mGMX7crVk,{3}
Il0S8BoucSA,2Vv-BfVoq4g,{3}
Il0S8BoucSA,ckdsJ-LaCvM,{3}
Il0S8BoucSA,RTfSR5j6NJY,{3}
jZNWEPqZ7zw,TQGkZ5oGmuw,{3}
jZNWEPqZ7zw,ODTKedRXxwA,{3}
jZNWEPqZ7zw,orJSJGHjBLI,{3}
wwep4LDKRf8,aBj-HhFR4eo,{3}
wwep4LDKRf8,aZ5gZHj4jJM,{3}
wwep4LDKRf8,PeESgOLpisE,{3}
6JadG1eYwi8,2ypk0-zH8Oc,{3}
6JadG1eYwi8,w0XfxojF_nY,{3}
6JadG1eYwi8,-xRRdKt3_tk,{3}
l2Y4ID_0BAU,W16gF4Cqeb0,{3}
l2Y4ID_0BAU,MYgBs8SnqoM,{3}
l2Y4ID_0BAU,mFcM-OS3a_8,{3}
PpyNKmdvGVo,xw-GlFkfFfY,{2}
PpyNKmdvGVo,PFtfg1rxRHM,{2}
PpyNKmdvGVo,GKghjqGQwXc,{2}
PpyNKmdvGVo,agAf8ay4Ppg,{2}
PpyNKmdvGVo,6-Z4761HhkU,{2}
PpyNKmdvGVo,TslN3H558U0,{2}
PpyNKmdvGVo,z41F5SIGzA0,{2}
xw-GlFkfFfY,gO72mOOWZnI,{2}
xw-GlFkfFfY,8Sv6afYIVUU,{2}
xw-GlFkfFfY,NHwxioMj8so,{2}
xw-GlFkfFfY,nkjt65EhLiU,{2}
xw-GlFkfFfY,k9AL_T-sOFQ,{2}
xw-GlFkfFfY,mBfaXBqq_k8,{2}
xw-GlFkfFfY,yOPphBWEvC8,{2}
xw-GlFkfFfY,HGiuheQozfU,{2}
xw-GlFkfFfY,iPI3BUtIFeA,{2}
xw-GlFkfFfY,TTUNQAa-tzE,{2}
8Sv6afYIVUU,MCQ63dRAPA8,{2}
8Sv6afYIVUU,k9AL_T-sOFQ,{2}
8Sv6afYIVUU,DwbXXrXW7BQ,{2}
MCQ63dRAPA8,mBfaXBqq_k8,{2}
MCQ63dRAPA8,xw-GlFkfFfY,{2}
MCQ63dRAPA8,9eqqZBCPGX8,{2}
MCQ63dRAPA8,4IGzSHrixP4,{2}
MCQ63dRAPA8,8Sv6afYIVUU,{2}
MCQ63dRAPA8,NHwxioMj8so,{2}
MCQ63dRAPA8,8oIh7OVZDhU,{2}
MCQ63dRAPA8,CCa_jSCOKGA,{2}
MCQ63dRAPA8,HGiuheQozfU,{2}
MCQ63dRAPA8,5WsKFgypUDE,{2}
mBfaXBqq_k8,nkjt65EhLiU,{2}
mBfaXBqq_k8,ljtsvna46eQ,{2}
mBfaXBqq_k8,vMGKIM8Kw6c,{2}
mBfaXBqq_k8,SBOO5MBy3AY,{2}
mBfaXBqq_k8,qD3-NFSv-fY,{2}
nkjt65EhLiU,8oIh7OVZDhU,{2}
nkjt65EhLiU,iG6YaY_7ge0,{2}
nkjt65EhLiU,YcGoVXDh0Ts,{2}
NHwxioMj8so,6-Z4761HhkU,{2}
NHwxioMj8so,F1Zl1TRDJs0,{2}
NHwxioMj8so,k9AL_T-sOFQ,{2}
NHwxioMj8so,xw-GlFkfFfY,{2}
NHwxioMj8so,8R8M9zDDvRA,{2}
9eqqZBCPGX8,0W-Y-HYTsA4,{2}
9eqqZBCPGX8,pHtFkv9gpCQ,{2}
9eqqZBCPGX8,1Gdd2x9AIJw,{2}
1Gdd2x9AIJw,FJyN2G-t85Q,{2}
1Gdd2x9AIJw,hehEFfnT_xI,{2}
1Gdd2x9AIJw,PnCL4_lhh7M,{2}
k9AL_T-sOFQ,MCQ63dRAPA8,{2}
k9AL_T-sOFQ,vXl_KwgNpC0,{2}
k9AL_T-sOFQ,o1gBFwAP6X8,{2}
k9AL_T-sOFQ,xw-GlFkfFfY,{2}
k9AL_T-sOFQ,yOPphBWEvC8,{2}
k9AL_T-sOFQ,mBfaXBqq_k8,{2}
k9AL_T-sOFQ,Dk3iQF8Dc4s,{2}
k9AL_T-sOFQ,PpyNKmdvGVo,{2}
4IGzSHrixP4,6-Z4761HhkU,{2}
4IGzSHrixP4,pdoyHFTzY28,{2}
4IGzSHrixP4,xw-GlFkfFfY,{2}
4IGzSHrixP4,MCQ63dRAPA8,{2}
4IGzSHrixP4,8Sv6afYIVUU,{2}
4IGzSHrixP4,Q0yTDwRAB5Q,{2}
4IGzSHrixP4,F1Zl1TRDJs0,{2}
vXl_KwgNpC0,XWh0zKHKTvY,{2}
vXl_KwgNpC0,k9AL_T-sOFQ,{2}
vXl_KwgNpC0,yOPphBWEvC8,{2}
yOPphBWEvC8,zU-Axn3wGRU,{2}
yOPphBWEvC8,MCQ63dRAPA8,{2}
yOPphBWEvC8,HGiuheQozfU,{2}
yOPphBWEvC8,KKGjANiHm_o,{2}
yOPphBWEvC8,LyuK4hxeoco,{2}
yOPphBWEvC8,vXl_KwgNpC0,{2}
yOPphBWEvC8,8oIh7OVZDhU,{2}
yOPphBWEvC8,k9AL_T-sOFQ,{2}
o1gBFwAP6X8,l_gakoM82-c,{2}
o1gBFwAP6X8,8oIh7OVZDhU,{2}
o1gBFwAP6X8,fIgr-Jt-KkY,{2}
8oIh7OVZDhU,HGiuheQozfU,{2}
8oIh7OVZDhU,k7gNlcF7v3c,{2}
8oIh7OVZDhU,xw-GlFkfFfY,{2}
8oIh7OVZDhU,vXl_KwgNpC0,{2}
8oIh7OVZDhU,jJhxrxvwGrA,{2}
DwbXXrXW7BQ,agAf8ay4Ppg,{2}
DwbXXrXW7BQ,rsewl5cY6oQ,{2}
DwbXXrXW7BQ,2JIfgqXvGsM,{2}
DwbXXrXW7BQ,PMy018z697g,{2}
DwbXXrXW7BQ,XUr1PUSFosg,{2}
agAf8ay4Ppg,xw-GlFkfFfY,{2}
agAf8ay4Ppg,yQhqlWDf7K4,{2}
agAf8ay4Ppg,rsewl5cY6oQ,{2}
agAf8ay4Ppg,xmYaerKTiLA,{2}
agAf8ay4Ppg,IYNH9HePNXk,{2}
agAf8ay4Ppg,MCbtIft0Nlw,{2}
rsewl5cY6oQ,jIn5dEyv6yE,{2}
rsewl5cY6oQ,NHwxioMj8so,{2}
rsewl5cY6oQ,ekGW-WUqiQc,{2}
2JIfgqXvGsM,ppp5Q70PYPU,{2}
2JIfgqXvGsM,PRsQKsSX1TY,{2}
2JIfgqXvGsM,Bt7QWAMu0nw,{2}
PRsQKsSX1TY,PMy018z697g,{2}
PRsQKsSX1TY,UncrcyR60GU,{2}
PRsQKsSX1TY,amZsyQ2IuWo,{2}
KKGjANiHm_o,OSYzFy__yhM,{2}
KKGjANiHm_o,yOPphBWEvC8,{2}
KKGjANiHm_o,MCQ63dRAPA8,{2}
OSYzFy__yhM,k9AL_T-sOFQ,{2}
OSYzFy__yhM,cZCEE4TQcaM,{2}
OSYzFy__yhM,xw-GlFkfFfY,{2}
zU-Axn3wGRU,TTyNNu1mIgY,{2}
zU-Axn3wGRU,lU5RMeYSPXk,{2}
zU-Axn3wGRU,pq7gyvXV4ZU,{2}
HGiuheQozfU,MCQ63dRAPA8,{2}
HGiuheQozfU,W8ACN2UKUX8,{2}
HGiuheQozfU,dg8q-qmN0eA,{2}
LyuK4hxeoco,ET-ZwmYbkpU,{2}
LyuK4hxeoco,k7gNlcF7v3c,{2}
LyuK4hxeoco,xw-GlFkfFfY,{2}
ET-ZwmYbkpU,xw-GlFkfFfY,{2}
ET-ZwmYbkpU,HGiuheQozfU,{2}
ET-ZwmYbkpU,8oIh7OVZDhU,{2}
k7gNlcF7v3c,GphYmmAe-RQ,{2}
k7gNlcF7v3c,fxsI61fr3QE,{2}
k7gNlcF7v3c,NdLWpWkmKi0,{2}
k7gNlcF7v3c,mBfaXBqq_k8,{2}
k7gNlcF7v3c,k05_KBLPqD8,{2}
k7gNlcF7v3c,_UlC6TPQjno,{2}
iG6YaY_7ge0,lbMv0UkAswI,{2}
iG6YaY_7ge0,G1oCHsTgV0Q,{2}
iG6YaY_7ge0,Y4_YyaPt0-I,{2}
lbMv0UkAswI,H3Jw1DO_kFM,{2}
lbMv0UkAswI,G1oCHsTgV0Q,{2}
lbMv0UkAswI,bWK6xryuiHI,{2}
G1oCHsTgV0Q,ILlSWA1oq7g,{2}
G1oCHsTgV0Q,YhZH01wIwm0,{2}
G1oCHsTgV0Q,i-jZqhWfKho,{2}
Y4_YyaPt0-I,As2-JwaH3BE,{2}
Y4_YyaPt0-I,PCDiVfSBHFk,{2}
Y4_YyaPt0-I,QOBowbBVlaY,{2}
YcGoVXDh0Ts,k9AL_T-sOFQ,{2}
YcGoVXDh0Ts,MCQ63dRAPA8,{2}
YcGoVXDh0Ts,NHwxioMj8so,{2}
Dk3iQF8Dc4s,F1Zl1TRDJs0,{2}
Dk3iQF8Dc4s,xw-GlFkfFfY,{2}
Dk3iQF8Dc4s,MCQ63dRAPA8,{2}
CCa_jSCOKGA,OSYzFy__yhM,{2}
CCa_jSCOKGA,YcGoVXDh0Ts,{2}
CCa_jSCOKGA,8Sv6afYIVUU,{2}
F1Zl1TRDJs0,zU-Axn3wGRU,{2}
F1Zl1TRDJs0,3a65lrAstDw,{2}
F1Zl1TRDJs0,xw-GlFkfFfY,{2}
PFtfg1rxRHM,1vE8ExuuNZQ,{2}
PFtfg1rxRHM,1eEJKbu_0WU,{2}
PFtfg1rxRHM,mtvpouHcrz0,{2}
PFtfg1rxRHM,XUr1PUSFosg,{2}
PFtfg1rxRHM,uzFBfhRPKLE,{2}
PFtfg1rxRHM,MLywULVR-e4,{2}
PFtfg1rxRHM,AMuST7_r-mc,{2}
PFtfg1rxRHM,EPPALEtCPbo,{2}
1vE8ExuuNZQ,B94q7gUu75k,{2}
1vE8ExuuNZQ,dzJZLC3Br7I,{2}
1vE8ExuuNZQ,XZznj9siKY8,{2}
1vE8ExuuNZQ,_bWt__tV-Zg,{2}
1vE8ExuuNZQ,Hw16IjtowEM,{2}
1vE8ExuuNZQ,g-QEjSDtOdM,{2}
1vE8ExuuNZQ,5h1wnTMIIPA,{2}
1vE8ExuuNZQ,aXEMtjO7RQE,{2}
_bWt__tV-Zg,H5SbGwvXb5Y,{2}
_bWt__tV-Zg,1vE8ExuuNZQ,{2}
_bWt__tV-Zg,zdll1Ie4AW8,{2}
_bWt__tV-Zg,MkyP0WEr9As,{2}
_bWt__tV-Zg,MzeD57ISmxQ,{2}
H5SbGwvXb5Y,ladHhiTM6V4,{2}
H5SbGwvXb5Y,9BWNDa3xW7c,{2}
H5SbGwvXb5Y,L7s7X7E76b4,{2}
zdll1Ie4AW8,MzeD57ISmxQ,{2}
zdll1Ie4AW8,ewwh-9Bc-Ew,{2}
zdll1Ie4AW8,QBfhvCz6seY,{2}
MzeD57ISmxQ,H5SbGwvXb5Y,{2}
MzeD57ISmxQ,0-nF6bJDO4E,{2}
MzeD57ISmxQ,VVCr_OwdSBA,{2}
Hw16IjtowEM,P935avxIgpE,{2}
Hw16IjtowEM,FUuAAihjF90,{2}
Hw16IjtowEM,4TVzeKZ2X-A,{2}
P935avxIgpE,hRpTyxYGivQ,{2}
P935avxIgpE,HUkS-IQLDbA,{2}
P935avxIgpE,cIjD6xDaYcA,{2}
FUuAAihjF90,B94q7gUu75k,{2}
FUuAAihjF90,kgI3Y7gxMO4,{2}
FUuAAihjF90,UgL2QH-Jhs8,{2}
4TVzeKZ2X-A,v-g3v1Z34Hk,{2}
4TVzeKZ2X-A,pHtFkv9gpCQ,{2}
4TVzeKZ2X-A,057EebkGk_g,{2}
aXEMtjO7RQE,_bWt__tV-Zg,{2}
aXEMtjO7RQE,1vE8ExuuNZQ,{2}
aXEMtjO7RQE,BzEdpfFBg9M,{2}
BzEdpfFBg9M,cIjD6xDaYcA,{2}
BzEdpfFBg9M,ipaiLF7e-Ug,{2}
BzEdpfFBg9M,FU5BqUpJE_k,{2}
1eEJKbu_0WU,MkG3TwRgbSM,{2}
1eEJKbu_0WU,XUr1PUSFosg,{2}
1eEJKbu_0WU,Zhi4Sdj7cZk,{2}
1eEJKbu_0WU,GKghjqGQwXc,{2}
1eEJKbu_0WU,PRsQKsSX1TY,{2}
1eEJKbu_0WU,1uZumsTMRH4,{2}
MkG3TwRgbSM,np8p2-dD4YU,{2}
MkG3TwRgbSM,AWEYLYLw_mA,{2}
MkG3TwRgbSM,IJzgiVCDoqE,{2}
np8p2-dD4YU,gaSSaNiipjE,{2}
np8p2-dD4YU,GzcXoPSwQa0,{2}
np8p2-dD4YU,0C5sIJeNM8Q,{2}
AWEYLYLw_mA,xnbpbHwTX8I,{2}
AWEYLYLw_mA,ZdKtO-oR48I,{2}
AWEYLYLw_mA,IJzgiVCDoqE,{2}
IJzgiVCDoqE,3XdnfvWXKSM,{2}
IJzgiVCDoqE,jmVPTifElxg,{2}
IJzgiVCDoqE,MkG3TwRgbSM,{2}
XUr1PUSFosg,MzeD57ISmxQ,{2}
XUr1PUSFosg,MCQ63dRAPA8,{2}
XUr1PUSFosg,amZsyQ2IuWo,{2}
XUr1PUSFosg,8Sv6afYIVUU,{2}
XUr1PUSFosg,xuUnlQ3Uo10,{2}
amZsyQ2IuWo,2JIfgqXvGsM,{2}
amZsyQ2IuWo,PFtfg1rxRHM,{2}
amZsyQ2IuWo,nevs873NeOw,{2}
Zhi4Sdj7cZk,j9ESt1NYYms,{2}
Zhi4Sdj7cZk,QYf8D9FSqKc,{2}
Zhi4Sdj7cZk,VFWkI03lYm0,{2}
j9ESt1NYYms,NVatI7hBeG8,{2}
j9ESt1NYYms,y2Les4COJ8k,{2}
j9ESt1NYYms,muE-O7zKEkI,{2}
QYf8D9FSqKc,eW7xEYr85FM,{2}
QYf8D9FSqKc,yMkLcSaU8Eo,{2}
QYf8D9FSqKc,6JcWSC3Fbmw,{2}
VFWkI03lYm0,p93_qUgRoJ8,{2}
VFWkI03lYm0,TpJo7LaJwK8,{2}
VFWkI03lYm0,qSwU-DMN70o,{2}
mtvpouHcrz0,VUi8ebD-c28,{2}
mtvpouHcrz0,pdoyHFTzY28,{2}
mtvpouHcrz0,Q0yTDwRAB5Q,{2}
VUi8ebD-c28,oZSDsIgK85M,{2}
VUi8ebD-c28,7vIVCIylEkc,{2}
VUi8ebD-c28,GRsH7YHXTS4,{2}
oZSDsIgK85M,pTRwMUfAHng,{2}
oZSDsIgK85M,A36lnUD_fOg,{2}
oZSDsIgK85M,2c0RHXLZY3M,{2}
7vIVCIylEkc,UncrcyR60GU,{2}
7vIVCIylEkc,uUh17kv8OwU,{2}
7vIVCIylEkc,_VIz6WW1xDk,{2}
GRsH7YHXTS4,E1lWHlfO8c4,{2}
GRsH7YHXTS4,6vWo8iVrhxo,{2}
GRsH7YHXTS4,UncrcyR60GU,{2}
pdoyHFTzY28,4IGzSHrixP4,{2}
pdoyHFTzY28,Q0yTDwRAB5Q,{2}
pdoyHFTzY28,TK--8AcySzU,{2}
Q0yTDwRAB5Q,r-XRvEqZSMs,{2}
Q0yTDwRAB5Q,yLv3TQweQTA,{2}
Q0yTDwRAB5Q,TK--8AcySzU,{2}
Q0yTDwRAB5Q,4IGzSHrixP4,{2}
Q0yTDwRAB5Q,1Gdd2x9AIJw,{2}
yLv3TQweQTA,Q0yTDwRAB5Q,{2}
yLv3TQweQTA,ljtsvna46eQ,{2}
yLv3TQweQTA,lU5RMeYSPXk,{2}
TK--8AcySzU,r-XRvEqZSMs,{2}
TK--8AcySzU,Q0yTDwRAB5Q,{2}
TK--8AcySzU,Qxl6n789SNs,{2}
z41F5SIGzA0,Dk3iQF8Dc4s,{2}
z41F5SIGzA0,lstpuy3yDu0,{2}
z41F5SIGzA0,PFtfg1rxRHM,{2}
3a65lrAstDw,9eqqZBCPGX8,{2}
3a65lrAstDw,pr_0TiX1V_E,{2}
3a65lrAstDw,fBVawooXiK0,{2}
iPI3BUtIFeA,lU5RMeYSPXk,{2}
iPI3BUtIFeA,mtvpouHcrz0,{2}
iPI3BUtIFeA,F1Zl1TRDJs0,{2}
TTUNQAa-tzE,tJqahMWJCYg,{2}
TTUNQAa-tzE,8wdMrtRvizk,{2}
TTUNQAa-tzE,8Sv6afYIVUU,{2}
lstpuy3yDu0,M_CHC3hMVYs,{2}
lstpuy3yDu0,PpyNKmdvGVo,{2}
lstpuy3yDu0,rZtUfsswWwc,{2}
M_CHC3hMVYs,RKLyNSB2Vc8,{2}
M_CHC3hMVYs,mmBK9QZPJIY,{2}
M_CHC3hMVYs,jgu11t8IP5I,{2}
RKLyNSB2Vc8,MCQ63dRAPA8,{2}
RKLyNSB2Vc8,k9AL_T-sOFQ,{2}
RKLyNSB2Vc8,8oIh7OVZDhU,{2}
mmBK9QZPJIY,BoRK0QSXMuw,{2}
mmBK9QZPJIY,bZNGrAW1NNQ,{2}
mmBK9QZPJIY,vhJG_ALS4Ps,{2}
jgu11t8IP5I,OlxHbKiSYak,{2}
jgu11t8IP5I,IZG_IDOu_h8,{2}
jgu11t8IP5I,WS-ePxceX0c,{2}
GKghjqGQwXc,zXb0X_eM4sY,{2}
GKghjqGQwXc,XUr1PUSFosg,{2}
GKghjqGQwXc,2JIfgqXvGsM,{2}
GKghjqGQwXc,-Q1GM1oblKc,{2}
GKghjqGQwXc,3dxjH-qX1gI,{2}
GKghjqGQwXc,ppp5Q70PYPU,{2}
rZtUfsswWwc,LaLJ4QQspGM,{2}
rZtUfsswWwc,C7fw3jM-soo,{2}
rZtUfsswWwc,keP_eHRA9ls,{2}
LaLJ4QQspGM,2U4s17wejeA,{2}
LaLJ4QQspGM,PxWEuDhY-VU,{2}
LaLJ4QQspGM,YfctNAw_lAA,{2}
C7fw3jM-soo,tGp4qGNvb24,{2}
C7fw3jM-soo,djBxq2wBVis,{2}
C7fw3jM-soo,vjisFG8X5w8,{2}
keP_eHRA9ls,rZtUfsswWwc,{2}
keP_eHRA9ls,vx-6Dobhb74,{2}
keP_eHRA9ls,7wTgGXueYBA,{2}
1uZumsTMRH4,9CA_F-5nEtQ,{2}
1uZumsTMRH4,Iw1R8cbSaIc,{2}
1uZumsTMRH4,f_f7v-scAP8,{2}
AMuST7_r-mc,AAqj5tATg-Y,{2}
AMuST7_r-mc,DwbXXrXW7BQ,{2}
AMuST7_r-mc,1bIANjAm-so,{2}
AAqj5tATg-Y,2eutF1pTLko,{2}
AAqj5tATg-Y,ilfL8HCBTfk,{2}
AAqj5tATg-Y,3c3LfH7oxbo,{2}
1bIANjAm-so,1vE8ExuuNZQ,{2}
1bIANjAm-so,fQScZKcOWIg,{2}
1bIANjAm-so,xw-GlFkfFfY,{2}
EPPALEtCPbo,XUr1PUSFosg,{2}
EPPALEtCPbo,PpyNKmdvGVo,{2}
EPPALEtCPbo,HUyUV8_bbhg,{2}
HUyUV8_bbhg,TTyNNu1mIgY,{2}
HUyUV8_bbhg,_kH6E2jbnJQ,{2}
HUyUV8_bbhg,zXb0X_eM4sY,{2}
4JzwhcstTEA,wz3Fd_ekiIo,{1}
4JzwhcstTEA,rbiPOHJDoqs,{1}
4JzwhcstTEA,p5P6nlQUt1U,{1}
aTpgXOCk3iI,VR-SA0RKb9s,{1}
aTpgXOCk3iI,-jW8YynwsDc,{1}
aTpgXOCk3iI,I0Z2PdMzzhk,{1}
aTpgXOCk3iI,2_z7zW5fU9Q,{1}
I0Z2PdMzzhk,aTpgXOCk3iI,{1}
I0Z2PdMzzhk,4-OGtAs12ZQ,{1}
I0Z2PdMzzhk,qDYPGgjQmF4,{1}
I0Z2PdMzzhk,cVoQtSWZ2QM,{1}
I0Z2PdMzzhk,dwLWmoGh59g,{1}
I0Z2PdMzzhk,ZFFzmJfv5No,{1}
I0Z2PdMzzhk,x1hf2UILN80,{1}
-jW8YynwsDc,mk-UCTVjf7U,{1}
-jW8YynwsDc,eaf2bDcSEuw,{1}
-jW8YynwsDc,I0Z2PdMzzhk,{1}
4-OGtAs12ZQ,5CwIX6jE-qA,{1}
4-OGtAs12ZQ,I0Z2PdMzzhk,{1}
4-OGtAs12ZQ,QmpWNWofpC4,{1}
qDYPGgjQmF4,7zBphrOqBeU,{1}
qDYPGgjQmF4,mKairfMzc6Q,{1}
qDYPGgjQmF4,mk-UCTVjf7U,{1}
qDYPGgjQmF4,uBSOan7D1Ow,{1}
qDYPGgjQmF4,bsjnRcmC840,{1}
qDYPGgjQmF4,2_z7zW5fU9Q,{1}
mk-UCTVjf7U,cOPTam9r4eA,{1}
mk-UCTVjf7U,ZFFzmJfv5No,{1}
mk-UCTVjf7U,8f8VWwtaudU,{1}
eaf2bDcSEuw,qDYPGgjQmF4,{1}
eaf2bDcSEuw,k4-m2643a3c,{1}
eaf2bDcSEuw,EmyW8nFDLr4,{1}
2_z7zW5fU9Q,IltLiBNoP40,{1}
2_z7zW5fU9Q,qDYPGgjQmF4,{1}
2_z7zW5fU9Q,I0Z2PdMzzhk,{1}
IltLiBNoP40,usFRvasGW70,{1}
IltLiBNoP40,duDs7HImuUw,{1}
IltLiBNoP40,HOb7qr1X7dE,{1}
IdjdNgvF42o,dVo0v5yypW0,{1}
IdjdNgvF42o,ZF3cUjl2WG0,{1}
IdjdNgvF42o,JOEF5m6GaGs,{1}
IdjdNgvF42o,pIxCvNwAVGY,{1}
IdjdNgvF42o,dwgsbZ1MsAE,{1}
IdjdNgvF42o,knWCsonQVG4,{1}
dVo0v5yypW0,yyc5W4mmbCo,{1}
dVo0v5yypW0,p7MO1IgMty8,{1}
dVo0v5yypW0,oMV1idqACmQ,{1}
p7MO1IgMty8,M4pOF5oEHCE,{1}
p7MO1IgMty8,OTwEs1Jb11I,{1}
p7MO1IgMty8,eS92ygZpcdg,{1}
oMV1idqACmQ,bGG8i1oVJhw,{1}
oMV1idqACmQ,HeSELj9reck,{1}
oMV1idqACmQ,zUR_ME-kacY,{1}
ZF3cUjl2WG0,LEMPAj9ChLU,{1}
ZF3cUjl2WG0,rE0Z2k6BJI0,{1}
ZF3cUjl2WG0,Ixx-p-G0xxI,{1}
LEMPAj9ChLU,XgsqLLYy3JA,{1}
LEMPAj9ChLU,nLp0GNDOfN8,{1}
LEMPAj9ChLU,Agq9Jh3qqr0,{1}
rE0Z2k6BJI0,JOEF5m6GaGs,{1}
rE0Z2k6BJI0,aiRLejymIn8,{1}
rE0Z2k6BJI0,xiNRVMhiejk,{1}
JOEF5m6GaGs,-oAhmQCLNsE,{1}
JOEF5m6GaGs,aiRLejymIn8,{1}
JOEF5m6GaGs,ONuHCHks1yQ,{1}
aiRLejymIn8,5axNR8R7XI8,{1}
aiRLejymIn8,qdt7rYKQpwk,{1}
aiRLejymIn8,WSKYWu-S2G0,{1}
Ixx-p-G0xxI,LEMPAj9ChLU,{1}
Ixx-p-G0xxI,qdt7rYKQpwk,{1}
Ixx-p-G0xxI,zUR_ME-kacY,{1}
-oAhmQCLNsE,zUR_ME-kacY,{1}
-oAhmQCLNsE,MwhmB_9H42I,{1}
-oAhmQCLNsE,EdRGOUyu7-k,{1}
ONuHCHks1yQ,rqPsxXvvtNM,{1}
ONuHCHks1yQ,n7rD6GQ27Nk,{1}
ONuHCHks1yQ,1ogtMHH-9iA,{1}
hl0iNRXcUbE,NY3Zg37nIHo,{1}
hl0iNRXcUbE,d5XTDmm0KUQ,{1}
hl0iNRXcUbE,sCD9zjf_YRU,{1}
NY3Zg37nIHo,1mgN8r1mwvM,{1}
NY3Zg37nIHo,rY5jCvRHEFk,{1}
NY3Zg37nIHo,b9GWqfNlWHI,{1}
1mgN8r1mwvM,jdVso9FSkmE,{1}
1mgN8r1mwvM,LimytC6bNZ0,{1}
1mgN8r1mwvM,MfHWJaNJC74,{1}
jdVso9FSkmE,hl0iNRXcUbE,{1}
jdVso9FSkmE,-5yh2HcIlkU,{1}
jdVso9FSkmE,AJ0-VeWMr-A,{1}
rY5jCvRHEFk,uXyS-74sRTE,{1}
rY5jCvRHEFk,5Szj5jJeUec,{1}
rY5jCvRHEFk,-KQGZa773sI,{1}
rY5jCvRHEFk,yz0bjLk9rUo,{1}
rY5jCvRHEFk,qyRCQEum_vI,{1}
rY5jCvRHEFk,QmOF0crdyRU,{1}
b9GWqfNlWHI,AJ0-VeWMr-A,{1}
b9GWqfNlWHI,h9XzuUXj6Gc,{1}
b9GWqfNlWHI,4LIsLD3j0oQ,{1}
d5XTDmm0KUQ,XW_KhFq4LQo,{1}
d5XTDmm0KUQ,rY5jCvRHEFk,{1}
d5XTDmm0KUQ,efs3QRr8LWw,{1}
XW_KhFq4LQo,jdVso9FSkmE,{1}
XW_KhFq4LQo,ycPr5-27vSI,{1}
XW_KhFq4LQo,rY5jCvRHEFk,{1}
QmOF0crdyRU,xLORsLlcT48,{1}
QmOF0crdyRU,SwQhKFMxmDY,{1}
QmOF0crdyRU,q4zZ2ker1iI,{1}
efs3QRr8LWw,d5XTDmm0KUQ,{1}
efs3QRr8LWw,wieRZoJSVtw,{1}
efs3QRr8LWw,jdVso9FSkmE,{1}
sCD9zjf_YRU,jdVso9FSkmE,{1}
sCD9zjf_YRU,IdjdNgvF42o,{1}
sCD9zjf_YRU,6T7pUEZfgdI,{1}
6T7pUEZfgdI,hl0iNRXcUbE,{1}
6T7pUEZfgdI,-5RCmu-HuTg,{1}
6T7pUEZfgdI,aMcjxSThD54,{1}
rbiPOHJDoqs,avpxsR2wH7s,{1}
rbiPOHJDoqs,iVkM3Rmy0Qc,{1}
rbiPOHJDoqs,sHkZWC6_v8g,{1}
rbiPOHJDoqs,jNQn1NE49so,{1}
rbiPOHJDoqs,-BE7HeoSjpE,{1}
rbiPOHJDoqs,pRIjlsslMQk,{1}
jNQn1NE49so,E5MYtDDyJ_Y,{1}
jNQn1NE49so,53ezU_6YZP0,{1}
jNQn1NE49so,rbiPOHJDoqs,{1}
jNQn1NE49so,WmCmRMx9FfU,{1}
jNQn1NE49so,WnEdWqTa-ZI,{1}
E5MYtDDyJ_Y,WVYENrVN-AI,{1}
E5MYtDDyJ_Y,rbiPOHJDoqs,{1}
E5MYtDDyJ_Y,WmCmRMx9FfU,{1}
WVYENrVN-AI,8tnB2UyLUGM,{1}
WVYENrVN-AI,r1AJUoUiIgw,{1}
WVYENrVN-AI,W1rrCVPG31c,{1}
WVYENrVN-AI,hBS8NIDieeA,{1}
WVYENrVN-AI,CONzsh49pNk,{1}
r1AJUoUiIgw,pGrLV73ihF0,{1}
r1AJUoUiIgw,oVvQunZzOoQ,{1}
r1AJUoUiIgw,WVYENrVN-AI,{1}
avpxsR2wH7s,s2nFc1Ps5xA,{1}
avpxsR2wH7s,hQT6z7gMiFc,{1}
avpxsR2wH7s,ogXKk98UxGk,{1}
WmCmRMx9FfU,g0m5O64EUl0,{1}
WmCmRMx9FfU,rfRj64GvjNU,{1}
WmCmRMx9FfU,CP73_D8ToSQ,{1}
53ezU_6YZP0,woVqgLBa3j0,{1}
53ezU_6YZP0,jQBcKJWqdEE,{1}
53ezU_6YZP0,dbASN4C-peQ,{1}
woVqgLBa3j0,ScIgBqQPlZI,{1}
woVqgLBa3j0,3M2NCcSxKLY,{1}
woVqgLBa3j0,k9a5CbCIaaI,{1}
jQBcKJWqdEE,dbASN4C-peQ,{1}
jQBcKJWqdEE,AlUIALmvekk,{1}
jQBcKJWqdEE,Ukh44rNgZrw,{1}
dbASN4C-peQ,WVYENrVN-AI,{1}
dbASN4C-peQ,QWBoyvGTFV4,{1}
dbASN4C-peQ,FFtK8vKTcgE,{1}
WnEdWqTa-ZI,O_g278KkuG8,{1}
WnEdWqTa-ZI,jNQn1NE49so,{1}
WnEdWqTa-ZI,3BODO4SR-28,{1}
O_g278KkuG8,1A3t5I2Pd8w,{1}
O_g278KkuG8,n-FyYv4Db24,{1}
O_g278KkuG8,IegUMwnVJhA,{1}
3BODO4SR-28,uRhx-MzKxVc,{1}
3BODO4SR-28,hBS8NIDieeA,{1}
3BODO4SR-28,r1AJUoUiIgw,{1}
hBS8NIDieeA,vDij6GgUTmI,{1}
hBS8NIDieeA,9SCPi0CY8FM,{1}
hBS8NIDieeA,3BODO4SR-28,{1}
-BE7HeoSjpE,Fy3m_lyZ5T4,{1}
-BE7HeoSjpE,d1ng3mO1Sb8,{1}
-BE7HeoSjpE,mVuiAxX4Lvg,{1}
Fy3m_lyZ5T4,StPbaYxhAXE,{1}
Fy3m_lyZ5T4,dw1WtNuRWBk,{1}
Fy3m_lyZ5T4,rysLMaJDvgs,{1}
StPbaYxhAXE,YuJWCtM8pA4,{1}
StPbaYxhAXE,jb77igh9enw,{1}
StPbaYxhAXE,IGXpLXQ5OwE,{1}
dw1WtNuRWBk,AZfZSKJScLM,{1}
dw1WtNuRWBk,FvYmJOXcVhs,{1}
dw1WtNuRWBk,P-7lJ2APjIM,{1}
rysLMaJDvgs,w9oX3Pat_IE,{1}
rysLMaJDvgs,wgF54T5YUS8,{1}
rysLMaJDvgs,kqwaEhbkUNA,{1}
d1ng3mO1Sb8,8-TQvyesU-Y,{1}
d1ng3mO1Sb8,dCFpLRTSn-I,{1}
d1ng3mO1Sb8,d1GpO7pCnMo,{1}
8-TQvyesU-Y,LfAZ2RguWeg,{1}
8-TQvyesU-Y,pxvyoZW_aRc,{1}
8-TQvyesU-Y,6vm-r3tfqqk,{1}
dCFpLRTSn-I,XiZrb8iWBFg,{1}
dCFpLRTSn-I,vCM_8xljIZA,{1}
dCFpLRTSn-I,PAYtZpSI0xQ,{1}
d1GpO7pCnMo,EnnARNuVpBo,{1}
d1GpO7pCnMo,fktsr-pRiqA,{1}
d1GpO7pCnMo,XMMpHA0R1hU,{1}
mVuiAxX4Lvg,FAwH9BrHpXc,{1}
mVuiAxX4Lvg,0HDagPR885Y,{1}
mVuiAxX4Lvg,Ikxq58EMX4w,{1}
FAwH9BrHpXc,-BE7HeoSjpE,{1}
FAwH9BrHpXc,-_t_O5yaW1Y,{1}
FAwH9BrHpXc,_BKJr9a04lg,{1}
0HDagPR885Y,5weMPmHCcdQ,{1}
0HDagPR885Y,yiAXM2kQlqs,{1}
0HDagPR885Y,rX82f1LptOY,{1}
Ikxq58EMX4w,hMdIHxS2cqM,{1}
Ikxq58EMX4w,mVuiAxX4Lvg,{1}
Ikxq58EMX4w,O-2UqSkfQpc,{1}
pRIjlsslMQk,X-gM6lTm2qE,{1}
pRIjlsslMQk,8i1zJE7U54M,{1}
pRIjlsslMQk,vEi_azQQ618,{1}
pRIjlsslMQk,uWfBPDkPoTI,{1}
pRIjlsslMQk,avpxsR2wH7s,{1}
pRIjlsslMQk,WVYENrVN-AI,{1}
uWfBPDkPoTI,GuV70VVHDZI,{1}
uWfBPDkPoTI,ePg7UKYG-_4,{1}
uWfBPDkPoTI,pRIjlsslMQk,{1}
GuV70VVHDZI,-M7C83glZFI,{1}
GuV70VVHDZI,0dKjnKS8cvU,{1}
GuV70VVHDZI,ePg7UKYG-_4,{1}
ePg7UKYG-_4,pLhWhXAiECU,{1}
ePg7UKYG-_4,xyEYpIRKyXg,{1}
ePg7UKYG-_4,FDE8cpZqO7k,{1}
s2nFc1Ps5xA,YABX_zW-6Kc,{1}
s2nFc1Ps5xA,Mwk3a3nhJfw,{1}
s2nFc1Ps5xA,S5V2guj0xkk,{1}
hQT6z7gMiFc,r2L5B7ee0UQ,{1}
hQT6z7gMiFc,Mwk3a3nhJfw,{1}
hQT6z7gMiFc,PsBjzL1dqeM,{1}
ogXKk98UxGk,V0rIco_X6kw,{1}
ogXKk98UxGk,hpIs__45t5I,{1}
ogXKk98UxGk,fphDdSdqI28,{1}
CONzsh49pNk,Pzr44rxZFNU,{1}
CONzsh49pNk,d7GgI6nHhwo,{1}
CONzsh49pNk,AQkvljfOjLg,{1}
p5P6nlQUt1U,6VixqvOcK8E,{1}
p5P6nlQUt1U,SPqxcNRgL_8,{1}
p5P6nlQUt1U,HfYkAzIGvLA,{1}
6VixqvOcK8E,SiijS_9hPkM,{1}
6VixqvOcK8E,XhMRbWyfbMM,{1}
6VixqvOcK8E,QzdHoGhCipI,{1}
SiijS_9hPkM,_iudkPi4_sY,{1}
SiijS_9hPkM,yZYQpge1W5s,{1}
SiijS_9hPkM,SPN-YJRaOl4,{1}
yZYQpge1W5s,hKUffHXOb8U,{1}
yZYQpge1W5s,UZMIbo_DxJk,{1}
yZYQpge1W5s,Xg2psply4no,{1}
yZYQpge1W5s,-5RCmu-HuTg,{1}
yZYQpge1W5s,TmNSlF7lcaw,{1}
SPN-YJRaOl4,qTk-69f64KU,{1}
SPN-YJRaOl4,fjdlJBSp1lc,{1}
SPN-YJRaOl4,qnvsgtt3Xn0,{1}
XhMRbWyfbMM,3szFNxqPyqg,{1}
XhMRbWyfbMM,8MVCJPYfKcY,{1}
XhMRbWyfbMM,H0Li9dENmlQ,{1}
3szFNxqPyqg,Psu_skRx5Hc,{1}
3szFNxqPyqg,EPR3gd174KY,{1}
3szFNxqPyqg,HopBN8zkLME,{1}
8MVCJPYfKcY,7RJ3-BP8UFE,{1}
8MVCJPYfKcY,fv9qaiLzKAo,{1}
8MVCJPYfKcY,zpNqQ4JltQo,{1}
H0Li9dENmlQ,1vL-CX4K5o0,{1}
H0Li9dENmlQ,f9qMuiA7mwE,{1}
H0Li9dENmlQ,x6P6kMFA5_g,{1}
QzdHoGhCipI,m4gEZBz7e78,{1}
QzdHoGhCipI,FbzegGHkk8c,{1}
QzdHoGhCipI,kRZz-cwvqYs,{1}
m4gEZBz7e78,VFns39RXPrU,{1}
m4gEZBz7e78,i-l4JUH_kaI,{1}
m4gEZBz7e78,0hLjuVyIIrs,{1}
FbzegGHkk8c,ippYts_JvUk,{1}
FbzegGHkk8c,xLr0GStrnwQ,{1}
FbzegGHkk8c,vDwzmJpI4io,{1}
kRZz-cwvqYs,eKmXODDsRoQ,{1}
kRZz-cwvqYs,rw0zAEuDsu4,{1}
kRZz-cwvqYs,ErlS9x_EsbQ,{1}
SPqxcNRgL_8,pKBwuNb10hs,{1}
SPqxcNRgL_8,xSoTX8xzqDI,{1}
SPqxcNRgL_8,jey_CzIOfYE,{1}
pKBwuNb10hs,-3m6Pqa34AQ,{1}
pKBwuNb10hs,R9cknbigbWo,{1}
pKBwuNb10hs,xALnjROj1JE,{1}
-3m6Pqa34AQ,le8wBQcNpGc,{1}
-3m6Pqa34AQ,rw5uiGjk5aw,{1}
-3m6Pqa34AQ,HZVD47TL9Lo,{1}
R9cknbigbWo,mj9VylKts5c,{1}
R9cknbigbWo,-3m6Pqa34AQ,{1}
R9cknbigbWo,BR0SzV_ZdB8,{1}
xALnjROj1JE,dnGM5QeKA0I,{1}
xALnjROj1JE,HZVD47TL9Lo,{1}
xALnjROj1JE,AzwT-gEsZBg,{1}
xSoTX8xzqDI,VeznvyQEGI8,{1}
xSoTX8xzqDI,IxEEGm-CkrE,{1}
xSoTX8xzqDI,oFxIvODgiSw,{1}
VeznvyQEGI8,SPqxcNRgL_8,{1}
VeznvyQEGI8,8Y-Ag-ocB-Q,{1}
VeznvyQEGI8,e9m8zqBICeo,{1}
IxEEGm-CkrE,s3FfGRhpDDg,{1}
IxEEGm-CkrE,kqjJ3gl_m0g,{1}
IxEEGm-CkrE,2uS8A0TVE9A,{1}
oFxIvODgiSw,m8Jbmo3CYb0,{1}
oFxIvODgiSw,pbCvDQvLdMc,{1}
oFxIvODgiSw,7KMYXDGj6e0,{1}
HfYkAzIGvLA,MnUfXYGtT5Q,{1}
HfYkAzIGvLA,qsHJ3LvUWTs,{1}
HfYkAzIGvLA,kasiov0ytEc,{1}
Zm5tpQp6sT4,SXidEQGvvsg,{1}
Zm5tpQp6sT4,CId1iOWQUuo,{1}
Zm5tpQp6sT4,4z3mu63yxII,{1}
