Source,Target,{weight}
9lFkNHn8dYQ,SELEQGX89eQ,{1}
9lFkNHn8dYQ,oC_ZHFiueCc,{2}
9lFkNHn8dYQ,y1mz5E8IAW0,{1}
9lFkNHn8dYQ,xRmbFCFEOKc,{1}
9lFkNHn8dYQ,kDyNQ0qKELQ,{1}
9lFkNHn8dYQ,6fxLOz16mvo,{1}
9lFkNHn8dYQ,0mIagHycicE,{1}
9lFkNHn8dYQ,eTmx23Euu7Y,{1}
xRmbFCFEOKc,7WsEDQeoFlI,{1}
xRmbFCFEOKc,eTmx23Euu7Y,{1}
xRmbFCFEOKc,ip-2UhFr1pg,{2}
xRmbFCFEOKc,6fxLOz16mvo,{1}
xRmbFCFEOKc,g9o0xve8nfI,{2}
xRmbFCFEOKc,oC_ZHFiueCc,{1}
xRmbFCFEOKc,bJVGlrkgT6c,{1}
xRmbFCFEOKc,SKBlyYj3W5o,{1}
xRmbFCFEOKc,FQOFpDdg5rQ,{1}
xRmbFCFEOKc,2c3XGtSrWu8,{1}
6fxLOz16mvo,g9o0xve8nfI,{1}
6fxLOz16mvo,xRmbFCFEOKc,{2}
6fxLOz16mvo,KWWs8J_BPtQ,{1}
6fxLOz16mvo,V301He6VzoY,{1}
6fxLOz16mvo,mO3ovyOwiLE,{2}
6fxLOz16mvo,9lFkNHn8dYQ,{1}
6fxLOz16mvo,VIJLYV1x3uM,{1}
g9o0xve8nfI,ip-2UhFr1pg,{1}
g9o0xve8nfI,7WsEDQeoFlI,{1}
g9o0xve8nfI,EY1H31iSguo,{1}
g9o0xve8nfI,6fxLOz16mvo,{1}
g9o0xve8nfI,bJVGlrkgT6c,{1}
g9o0xve8nfI,0vfc5eduoC0,{1}
g9o0xve8nfI,9lFkNHn8dYQ,{1}
g9o0xve8nfI,GmXpxga2huc,{1}
g9o0xve8nfI,D8ZAtkKo4tU,{1}
ip-2UhFr1pg,6fxLOz16mvo,{3}
ip-2UhFr1pg,D1tpDxdbxp8,{1}
ip-2UhFr1pg,xRmbFCFEOKc,{2}
ip-2UhFr1pg,n1DLqPQ_JAc,{2}
ip-2UhFr1pg,bJVGlrkgT6c,{2}
ip-2UhFr1pg,WRWbfOwIfrA,{1}
ip-2UhFr1pg,GmXpxga2huc,{1}
7WsEDQeoFlI,EYK9j7ZvFr8,{1}
7WsEDQeoFlI,dMizE7kj4Ok,{1}
7WsEDQeoFlI,foUD4nMCrqw,{1}
7WsEDQeoFlI,18WjEBpmEGE,{1}
7WsEDQeoFlI,uLeC-hLQ2G0,{3}
7WsEDQeoFlI,Tg7OVSIP6cg,{3}
7WsEDQeoFlI,TE4n2lsIwWA,{1}
7WsEDQeoFlI,hBOTQ_hrf9I,{1}
7WsEDQeoFlI,0mIagHycicE,{3}
7WsEDQeoFlI,gvFM5b-6x3s,{1}
7WsEDQeoFlI,rl6aIVU1838,{1}
7WsEDQeoFlI,xRmbFCFEOKc,{1}
7WsEDQeoFlI,oC_ZHFiueCc,{2}
7WsEDQeoFlI,-RcFSiQrmg8,{1}
EYK9j7ZvFr8,Ska4Xxyz6Zc,{1}
EYK9j7ZvFr8,IlVrHXF0Ikc,{1}
EYK9j7ZvFr8,pfCNgcyvs6g,{1}
foUD4nMCrqw,Nb0twM0c_l4,{2}
foUD4nMCrqw,xRmbFCFEOKc,{1}
foUD4nMCrqw,3WKeQgHvTQU,{1}
foUD4nMCrqw,7WsEDQeoFlI,{1}
foUD4nMCrqw,9lFkNHn8dYQ,{1}
EY1H31iSguo,0bD71-L99YY,{1}
EY1H31iSguo,z0XeGO7nSxg,{1}
EY1H31iSguo,g9o0xve8nfI,{1}
uLeC-hLQ2G0,U7RzoIEoSMY,{1}
uLeC-hLQ2G0,QbDA_OqzZCo,{1}
uLeC-hLQ2G0,MxT6IwUtLSU,{1}
Tg7OVSIP6cg,37dcBEEYC3g,{1}
Tg7OVSIP6cg,ENBhUOTNSm8,{1}
Tg7OVSIP6cg,iXNvqs8rYc0,{1}
eTmx23Euu7Y,adu5L0rD3to,{1}
eTmx23Euu7Y,7WsEDQeoFlI,{3}
eTmx23Euu7Y,gZaiAr408Zs,{1}
eTmx23Euu7Y,oC_ZHFiueCc,{2}
eTmx23Euu7Y,bJVGlrkgT6c,{1}
eTmx23Euu7Y,kDyNQ0qKELQ,{1}
bJVGlrkgT6c,N4P6U8A3U40,{2}
bJVGlrkgT6c,mDZjJ0OREaA,{2}
bJVGlrkgT6c,L5aQzCJW5-s,{4}
bJVGlrkgT6c,3WKeQgHvTQU,{2}
bJVGlrkgT6c,xRmbFCFEOKc,{3}
bJVGlrkgT6c,CGa2CR9-q5s,{1}
bJVGlrkgT6c,6HZ-nfMfu8o,{1}
bJVGlrkgT6c,RvC667FIGXE,{2}
bJVGlrkgT6c,kK_LJ9qgPnw,{1}
bJVGlrkgT6c,h7DL69GrepA,{2}
bJVGlrkgT6c,ip-2UhFr1pg,{1}
KWWs8J_BPtQ,wiYwsWR2crk,{1}
KWWs8J_BPtQ,9lFkNHn8dYQ,{1}
KWWs8J_BPtQ,D5SODc2UUk0,{1}
wiYwsWR2crk,-RcFSiQrmg8,{1}
wiYwsWR2crk,NdJ53CmONuw,{1}
wiYwsWR2crk,0mIagHycicE,{1}
NdJ53CmONuw,WLb4aBJsY3I,{1}
NdJ53CmONuw,TDjDz0NtB4k,{1}
NdJ53CmONuw,7WsEDQeoFlI,{1}
0mIagHycicE,foUD4nMCrqw,{1}
0mIagHycicE,mO3ovyOwiLE,{1}
0mIagHycicE,7WsEDQeoFlI,{1}
oC_ZHFiueCc,kXYuHVatK8w,{1}
oC_ZHFiueCc,7WsEDQeoFlI,{2}
oC_ZHFiueCc,pM224SZsBc0,{1}
oC_ZHFiueCc,ip-2UhFr1pg,{2}
oC_ZHFiueCc,bJVGlrkgT6c,{2}
oC_ZHFiueCc,-RcFSiQrmg8,{1}
oC_ZHFiueCc,J_ThIt5foFs,{2}
oC_ZHFiueCc,g9o0xve8nfI,{1}
D5SODc2UUk0,z0XeGO7nSxg,{1}
D5SODc2UUk0,KWWs8J_BPtQ,{1}
D5SODc2UUk0,ksb_-y9W1vQ,{1}
3WKeQgHvTQU,nhjucF9Td9w,{1}
3WKeQgHvTQU,bJVGlrkgT6c,{1}
3WKeQgHvTQU,foUD4nMCrqw,{1}
nhjucF9Td9w,HzlqVbXU6po,{1}
nhjucF9Td9w,IFKNur_8LVQ,{1}
nhjucF9Td9w,m0J9PsHjGjc,{1}
L5aQzCJW5-s,uiI5f86lmr4,{1}
L5aQzCJW5-s,Q-VZG0H4M8M,{1}
L5aQzCJW5-s,MZ7qUswMsPA,{1}
6HZ-nfMfu8o,bJVGlrkgT6c,{1}
6HZ-nfMfu8o,7zvFjesUu50,{1}
6HZ-nfMfu8o,mDu30sX4K3g,{1}
7zvFjesUu50,6HZ-nfMfu8o,{1}
7zvFjesUu50,3V7CVimRCRw,{1}
7zvFjesUu50,4le6BgsyjPQ,{1}
mDu30sX4K3g,ahyd-tw2s0Q,{1}
mDu30sX4K3g,xurNjWulIo0,{1}
mDu30sX4K3g,Ia6fUErG8qI,{1}
RvC667FIGXE,dD3CGghskeM,{2}
RvC667FIGXE,8VG_P5fwpqg,{1}
RvC667FIGXE,xRmbFCFEOKc,{1}
RvC667FIGXE,hDFT7R1sTEg,{1}
RvC667FIGXE,0F-4jpu7y7s,{1}
dD3CGghskeM,ip-2UhFr1pg,{1}
dD3CGghskeM,XTqxaMORK9M,{1}
dD3CGghskeM,0mIagHycicE,{1}
8VG_P5fwpqg,Q-VZG0H4M8M,{1}
8VG_P5fwpqg,zsGavaxHm1Q,{1}
8VG_P5fwpqg,6WFNlsj3h3M,{1}
SKBlyYj3W5o,KfV_Chbb7oY,{1}
SKBlyYj3W5o,TPXgh-AQ2Lw,{1}
SKBlyYj3W5o,xRmbFCFEOKc,{1}
SKBlyYj3W5o,3qGen2IMsAQ,{1}
SKBlyYj3W5o,KgROJZ55GL0,{1}
SKBlyYj3W5o,g__r0WrMRAU,{1}
KfV_Chbb7oY,qakVKpJ5Jtc,{1}
KfV_Chbb7oY,TPXgh-AQ2Lw,{1}
KfV_Chbb7oY,mLS0MCuqBkM,{1}
qakVKpJ5Jtc,QDk5qKc9vjQ,{1}
qakVKpJ5Jtc,S12BqBXK2FQ,{1}
qakVKpJ5Jtc,Sb0-I8FkUWU,{1}
QDk5qKc9vjQ,rwOWWnAH1W8,{1}
QDk5qKc9vjQ,_7FGooAI93Y,{1}
QDk5qKc9vjQ,vphR8z-Y7b8,{1}
TPXgh-AQ2Lw,1ao-eTy1pSM,{1}
TPXgh-AQ2Lw,KfV_Chbb7oY,{1}
TPXgh-AQ2Lw,5Wr1OkisWLM,{1}
5Wr1OkisWLM,bLdkPSG-XEs,{1}
5Wr1OkisWLM,KfV_Chbb7oY,{1}
5Wr1OkisWLM,daDMEUiGEcw,{1}
mLS0MCuqBkM,S12BqBXK2FQ,{1}
mLS0MCuqBkM,9qNIWb6AEJo,{1}
mLS0MCuqBkM,ssRvBqYujyE,{1}
9qNIWb6AEJo,g__r0WrMRAU,{1}
9qNIWb6AEJo,adu5L0rD3to,{1}
9qNIWb6AEJo,lZtkRi9QkdE,{1}
KgROJZ55GL0,SKBlyYj3W5o,{1}
KgROJZ55GL0,g__r0WrMRAU,{1}
KgROJZ55GL0,FQOFpDdg5rQ,{1}
g__r0WrMRAU,vphR8z-Y7b8,{1}
g__r0WrMRAU,9qNIWb6AEJo,{2}
g__r0WrMRAU,as6a0gKVGog,{1}
g__r0WrMRAU,pXi3WehiJg4,{1}
g__r0WrMRAU,QDk5qKc9vjQ,{1}
FQOFpDdg5rQ,MZ7qUswMsPA,{1}
FQOFpDdg5rQ,AFrQ1_2bbsI,{1}
FQOFpDdg5rQ,7WsEDQeoFlI,{1}
pXi3WehiJg4,S12BqBXK2FQ,{1}
pXi3WehiJg4,nvqZUcZ5AbQ,{1}
pXi3WehiJg4,qakVKpJ5Jtc,{1}
kXYuHVatK8w,aSlstPpIW-E,{1}
kXYuHVatK8w,Ska4Xxyz6Zc,{1}
kXYuHVatK8w,VrFrT7-19JI,{1}
aSlstPpIW-E,V1RO2DUAQ2U,{1}
aSlstPpIW-E,GrxEfpFKJJY,{1}
aSlstPpIW-E,lDXyD3xrWgw,{1}
V1RO2DUAQ2U,e-3R3RipnfI,{1}
V1RO2DUAQ2U,7rIJNT7dCmE,{1}
V1RO2DUAQ2U,UuzUKT2Shn8,{1}
GrxEfpFKJJY,Z3u7RKUEs90,{1}
GrxEfpFKJJY,NB7UXkotzuA,{1}
GrxEfpFKJJY,nf1tQSKBbEU,{1}
lDXyD3xrWgw,Q-uR_6-OuPo,{1}
lDXyD3xrWgw,kXYuHVatK8w,{1}
lDXyD3xrWgw,KKw26GSPesE,{1}
Ska4Xxyz6Zc,EYK9j7ZvFr8,{1}
Ska4Xxyz6Zc,fK61fHcsHd0,{1}
Ska4Xxyz6Zc,fIuFUYmiejY,{1}
fK61fHcsHd0,ltLL5SUiAU8,{1}
fK61fHcsHd0,Mr_FUqxltmA,{1}
fK61fHcsHd0,KEa2v12vprM,{1}
fIuFUYmiejY,oTiE3AZ4kYA,{1}
fIuFUYmiejY,zbgCo2LsI7I,{1}
fIuFUYmiejY,7WsEDQeoFlI,{1}
VrFrT7-19JI,i7y-c0gncZY,{1}
VrFrT7-19JI,3A8oYoh7Z6U,{1}
VrFrT7-19JI,p3vF1aOW1RM,{1}
i7y-c0gncZY,_tadZUqGNH4,{1}
i7y-c0gncZY,Du0AAnlbdB0,{1}
i7y-c0gncZY,EQrZX1lEKnc,{1}
3A8oYoh7Z6U,wKkgAETRpbA,{1}
3A8oYoh7Z6U,GY38MP3TJSc,{1}
3A8oYoh7Z6U,fyf1f7T-GwY,{1}
p3vF1aOW1RM,KKw26GSPesE,{1}
p3vF1aOW1RM,s4TTEai4iNc,{1}
p3vF1aOW1RM,Ydu1-aN_gUE,{1}
TE4n2lsIwWA,kfpbKQ_34yU,{1}
TE4n2lsIwWA,bJVGlrkgT6c,{1}
TE4n2lsIwWA,Bc9o0jeRa48,{1}
kfpbKQ_34yU,aPNp0ixjb1Y,{1}
kfpbKQ_34yU,Mr2iL7quTic,{1}
kfpbKQ_34yU,VbcB4CL344s,{1}
Bc9o0jeRa48,1DT8daaNu_4,{1}
Bc9o0jeRa48,tHa5u6g0mU8,{1}
Bc9o0jeRa48,KiLlgcIgocs,{1}
KiLlgcIgocs,_riS243r1aw,{1}
KiLlgcIgocs,Vyw-pe_Nvxc,{1}
KiLlgcIgocs,z0XeGO7nSxg,{1}
hBOTQ_hrf9I,NdJ53CmONuw,{1}
hBOTQ_hrf9I,bnqoZiE3mbQ,{2}
hBOTQ_hrf9I,g9o0xve8nfI,{1}
hBOTQ_hrf9I,azz0Et0HtmA,{1}
hBOTQ_hrf9I,foUD4nMCrqw,{1}
bnqoZiE3mbQ,7WsEDQeoFlI,{1}
bnqoZiE3mbQ,iWcQBUpx0jI,{1}
bnqoZiE3mbQ,_R671un02qE,{1}
gvFM5b-6x3s,wpUUzxXbIOQ,{1}
gvFM5b-6x3s,7WsEDQeoFlI,{1}
gvFM5b-6x3s,uLeC-hLQ2G0,{1}
wpUUzxXbIOQ,uLeC-hLQ2G0,{1}
wpUUzxXbIOQ,TNkKWqHg9PI,{1}
wpUUzxXbIOQ,Zc2Urt-Kj8M,{1}
pM224SZsBc0,iH7JplVXbrE,{1}
pM224SZsBc0,g9o0xve8nfI,{1}
pM224SZsBc0,3WZIVLK13bI,{1}
iH7JplVXbrE,t4OFQu0WYMI,{1}
iH7JplVXbrE,KiLlgcIgocs,{1}
iH7JplVXbrE,idgXlOH7Fvo,{1}
t4OFQu0WYMI,OHENqq8WO3E,{1}
t4OFQu0WYMI,g9o0xve8nfI,{1}
t4OFQu0WYMI,D5SODc2UUk0,{1}
idgXlOH7Fvo,ip-2UhFr1pg,{1}
idgXlOH7Fvo,LrlF9Y40WI8,{1}
idgXlOH7Fvo,aPNp0ixjb1Y,{1}
kDyNQ0qKELQ,pALTozNnqdc,{1}
kDyNQ0qKELQ,3lBTjbeFOJo,{1}
kDyNQ0qKELQ,WRWbfOwIfrA,{2}
kDyNQ0qKELQ,i8569kf2JKg,{1}
kDyNQ0qKELQ,TeBK7InSmoA,{1}
GmXpxga2huc,J_ThIt5foFs,{1}
GmXpxga2huc,7WsEDQeoFlI,{1}
GmXpxga2huc,n1DLqPQ_JAc,{1}
GmXpxga2huc,ip-2UhFr1pg,{1}
GmXpxga2huc,xRmbFCFEOKc,{1}
GmXpxga2huc,VIJLYV1x3uM,{1}
J_ThIt5foFs,gg53LTPwSaU,{1}
J_ThIt5foFs,oC_ZHFiueCc,{1}
J_ThIt5foFs,6fxLOz16mvo,{1}
D8ZAtkKo4tU,erIUUK63rZo,{1}
D8ZAtkKo4tU,ip-2UhFr1pg,{1}
D8ZAtkKo4tU,_riS243r1aw,{1}
3WZIVLK13bI,IzbxJMVfTOc,{1}
3WZIVLK13bI,hBOTQ_hrf9I,{1}
3WZIVLK13bI,5Wr1OkisWLM,{1}
IzbxJMVfTOc,msY0zJV1UaM,{1}
IzbxJMVfTOc,EDmGMr00Fs8,{1}
IzbxJMVfTOc,adu5L0rD3to,{1}
WRWbfOwIfrA,n5m7vs-fwKQ,{1}
WRWbfOwIfrA,BWoc1gY4vCs,{1}
WRWbfOwIfrA,rqyJb71ANtQ,{1}
mO3ovyOwiLE,0mIagHycicE,{1}
mO3ovyOwiLE,5Wr1OkisWLM,{1}
mO3ovyOwiLE,WBtmvUr_y-A,{1}
37dcBEEYC3g,q0SD3D3ZfBs,{1}
37dcBEEYC3g,wiYwsWR2crk,{1}
37dcBEEYC3g,Tg7OVSIP6cg,{1}
ENBhUOTNSm8,iXNvqs8rYc0,{1}
ENBhUOTNSm8,a83mZOzx1OE,{1}
ENBhUOTNSm8,Tg7OVSIP6cg,{1}
iXNvqs8rYc0,ENBhUOTNSm8,{1}
iXNvqs8rYc0,Md7JgzEVjrc,{1}
iXNvqs8rYc0,Tg7OVSIP6cg,{1}
gg53LTPwSaU,61cDgORQkqE,{1}
gg53LTPwSaU,2c3XGtSrWu8,{1}
gg53LTPwSaU,_nrjRdfu4Zs,{1}
i8569kf2JKg,BWoc1gY4vCs,{1}
i8569kf2JKg,Y3SR6LLOd5Y,{1}
i8569kf2JKg,kDyNQ0qKELQ,{1}
BWoc1gY4vCs,gZaiAr408Zs,{1}
BWoc1gY4vCs,bERGzeyroAo,{1}
BWoc1gY4vCs,kMDNJvTwhMY,{1}
BWoc1gY4vCs,exKLBWpxsdE,{1}
BWoc1gY4vCs,06BJ8ZmU3pw,{1}
BWoc1gY4vCs,eTmx23Euu7Y,{1}
Y3SR6LLOd5Y,rl6aIVU1838,{1}
Y3SR6LLOd5Y,bLdkPSG-XEs,{1}
Y3SR6LLOd5Y,Daf6CFibyaw,{1}
n5m7vs-fwKQ,ig9quPJ-8l0,{1}
n5m7vs-fwKQ,WRWbfOwIfrA,{1}
n5m7vs-fwKQ,vCJTHFn_494,{1}
rqyJb71ANtQ,tiVxVR78Jss,{1}
rqyJb71ANtQ,W3saTF_M0uA,{1}
rqyJb71ANtQ,GmXpxga2huc,{1}
TeBK7InSmoA,5juBmmXoW7I,{1}
TeBK7InSmoA,77OLqAZnpdw,{1}
TeBK7InSmoA,eTmx23Euu7Y,{1}
5juBmmXoW7I,AJ-19_ymgcw,{1}
5juBmmXoW7I,L6GiPS_KZos,{1}
5juBmmXoW7I,Dk8Qy7L5ZaI,{1}
77OLqAZnpdw,BPQHTKXMeCA,{1}
77OLqAZnpdw,e-o2nmqNutc,{1}
77OLqAZnpdw,AD25gad4Gjw,{1}
FbG6Vg_d4Mc,xKBcF1-puG8,{1}
FbG6Vg_d4Mc,mj9VylKts5c,{1}
FbG6Vg_d4Mc,pPRphE2kj3E,{1}
FbG6Vg_d4Mc,EdFJHMQnnME,{1}
FbG6Vg_d4Mc,0_irT0Ttlrg,{2}
xKBcF1-puG8,uxJe1cEr1Ts,{2}
xKBcF1-puG8,N3oH54REBxc,{1}
xKBcF1-puG8,yuC7Lm-MXZc,{1}
xKBcF1-puG8,-xiHSSl8rbw,{1}
xKBcF1-puG8,Y2GuJ9sDwO4,{2}
xKBcF1-puG8,wwep4LDKRf8,{1}
xKBcF1-puG8,6JadG1eYwi8,{1}
uxJe1cEr1Ts,qtUZoKyQFb4,{1}
uxJe1cEr1Ts,izAm3Ie9mNo,{1}
uxJe1cEr1Ts,UX0fcKTEFC4,{1}
uxJe1cEr1Ts,sn2vSehRHZQ,{1}
uxJe1cEr1Ts,HAbK252ICdg,{1}
uxJe1cEr1Ts,3thVFDXaB2o,{1}
qtUZoKyQFb4,izAm3Ie9mNo,{1}
qtUZoKyQFb4,4FUf2qcIpIU,{1}
qtUZoKyQFb4,dOES56VjzJg,{1}
izAm3Ie9mNo,yuC7Lm-MXZc,{1}
izAm3Ie9mNo,UIOW18kRDEA,{1}
izAm3Ie9mNo,lYrI6jbU6yU,{1}
yuC7Lm-MXZc,xKBcF1-puG8,{1}
yuC7Lm-MXZc,rJLtWAGSL1U,{1}
yuC7Lm-MXZc,Y2GuJ9sDwO4,{1}
4FUf2qcIpIU,s7sfmmYTafM,{1}
4FUf2qcIpIU,bf_h1LQ0e5c,{1}
4FUf2qcIpIU,izAm3Ie9mNo,{1}
dOES56VjzJg,p3EwVIpzFjI,{1}
dOES56VjzJg,UN7P2IcSbXw,{1}
dOES56VjzJg,fdQqDl_edFc,{1}
HAbK252ICdg,L_sDgKqIXbY,{1}
HAbK252ICdg,uxJe1cEr1Ts,{1}
HAbK252ICdg,UX0fcKTEFC4,{1}
L_sDgKqIXbY,YU5H0LVFZR4,{1}
L_sDgKqIXbY,biqzCM4aKfk,{1}
L_sDgKqIXbY,nC4t1LDDt4A,{1}
UX0fcKTEFC4,sn2vSehRHZQ,{1}
UX0fcKTEFC4,qtUZoKyQFb4,{1}
UX0fcKTEFC4,2o54_EEOvbY,{1}
3thVFDXaB2o,l62fX0NZfDw,{1}
3thVFDXaB2o,Ak_rESL4TfQ,{1}
3thVFDXaB2o,DHwXsElFVlM,{1}
l62fX0NZfDw,CCVQ0iLH2sw,{1}
l62fX0NZfDw,f_EMObo10sY,{1}
l62fX0NZfDw,2E-1xFYBUNk,{1}
Ak_rESL4TfQ,6fKdfKHGeP0,{1}
Ak_rESL4TfQ,hIUR_pDLuUU,{1}
Ak_rESL4TfQ,7NnZzOw8Wvs,{1}
DHwXsElFVlM,gBaiuvrhRzg,{1}
DHwXsElFVlM,o-GbkHFFJiI,{1}
DHwXsElFVlM,U88FyuuYzbY,{1}
-xiHSSl8rbw,tVgyauoUvKQ,{1}
-xiHSSl8rbw,Y2GuJ9sDwO4,{1}
-xiHSSl8rbw,SbpIWRfQKkc,{1}
-xiHSSl8rbw,tlBLpd5W-o4,{1}
-xiHSSl8rbw,-xRRdKt3_tk,{1}
-xiHSSl8rbw,68BDUsfJ-2c,{1}
tVgyauoUvKQ,mh2AXh1eRmE,{1}
tVgyauoUvKQ,2dlLQ6L4it4,{1}
tVgyauoUvKQ,Y-06GmP98rk,{1}
mh2AXh1eRmE,BoFkDmTm2uc,{1}
mh2AXh1eRmE,LNzrlMmecHs,{1}
mh2AXh1eRmE,JRlmQdRN0G8,{1}
2dlLQ6L4it4,2LUz01QXRiE,{1}
2dlLQ6L4it4,xKBcF1-puG8,{1}
2dlLQ6L4it4,Q-aOxmKv2Vs,{1}
Y-06GmP98rk,KTABK8Il4Ko,{1}
Y-06GmP98rk,PnSZ1fN2RNM,{2}
Y-06GmP98rk,1duMWwT_u2k,{1}
Y-06GmP98rk,GpizdnmngJQ,{1}
Y-06GmP98rk,aZ5gZHj4jJM,{1}
PnSZ1fN2RNM,qHl1MoXPXz0,{1}
PnSZ1fN2RNM,xKBcF1-puG8,{1}
PnSZ1fN2RNM,z7EBv6LMhN4,{1}
Y2GuJ9sDwO4,iIes8pQWSFQ,{1}
Y2GuJ9sDwO4,yuC7Lm-MXZc,{1}
Y2GuJ9sDwO4,xKBcF1-puG8,{1}
Y2GuJ9sDwO4,Y-06GmP98rk,{1}
Y2GuJ9sDwO4,P-WNLRsLlvE,{2}
Y2GuJ9sDwO4,F2b47rRHOJw,{1}
Y2GuJ9sDwO4,tVgyauoUvKQ,{1}
Y2GuJ9sDwO4,uu9B006ZF14,{1}
iIes8pQWSFQ,P-WNLRsLlvE,{1}
iIes8pQWSFQ,xKBcF1-puG8,{1}
iIes8pQWSFQ,WGXxcbgujWs,{1}
P-WNLRsLlvE,atdGfm9At_c,{1}
P-WNLRsLlvE,uu9B006ZF14,{1}
P-WNLRsLlvE,X_FSjRYbsd8,{1}
68BDUsfJ-2c,w0XfxojF_nY,{1}
68BDUsfJ-2c,-xiHSSl8rbw,{1}
68BDUsfJ-2c,QerxkwRlqhQ,{1}
w0XfxojF_nY,-xBqJ0bsN3o,{1}
w0XfxojF_nY,xKBcF1-puG8,{1}
w0XfxojF_nY,vM-cXLaP4dc,{1}
QerxkwRlqhQ,rJLtWAGSL1U,{1}
QerxkwRlqhQ,ej_JciBMCf0,{1}
QerxkwRlqhQ,yuC7Lm-MXZc,{1}
GpizdnmngJQ,WCXHVm4ZwvU,{1}
GpizdnmngJQ,VHsVoa8rdI8,{1}
GpizdnmngJQ,Y-06GmP98rk,{1}
aZ5gZHj4jJM,GpizdnmngJQ,{1}
aZ5gZHj4jJM,S5Z7LnCU3Q0,{1}
aZ5gZHj4jJM,ASVGMkjgxHI,{1}
atdGfm9At_c,icQ5S8FU9ss,{1}
atdGfm9At_c,zGJcnqiQt_8,{1}
atdGfm9At_c,rgVdloVnAl4,{1}
uu9B006ZF14,KoIPK3gHFCs,{1}
uu9B006ZF14,_zCTS3RzHE4,{1}
uu9B006ZF14,_GN1lh9q5WE,{1}
X_FSjRYbsd8,ZyZh_FIhGlU,{1}
X_FSjRYbsd8,qNnHS62uDHQ,{1}
X_FSjRYbsd8,t4e_hHjLgN8,{1}
F2b47rRHOJw,LdY2cALM6-4,{1}
F2b47rRHOJw,r1ZLSbQ0r0I,{1}
F2b47rRHOJw,LLtZvppQRc4,{1}
LdY2cALM6-4,NhwVHl7ILBQ,{1}
LdY2cALM6-4,JoU6WdT0aVM,{1}
LdY2cALM6-4,yS5o_FsX1SY,{1}
r1ZLSbQ0r0I,l7NUssiZTPk,{1}
r1ZLSbQ0r0I,wV3np8sQvS4,{1}
r1ZLSbQ0r0I,6cFAYjQw2CA,{1}
LLtZvppQRc4,aNPXoynTP5s,{1}
LLtZvppQRc4,t4t1Vj5-NLQ,{1}
LLtZvppQRc4,cbdYQXE_4Zw,{1}
mj9VylKts5c,eGKUIYrqVPU,{2}
mj9VylKts5c,SryHqlmxE2s,{1}
mj9VylKts5c,WmOLv44pKZE,{1}
mj9VylKts5c,5zWcSw1lsIw,{1}
mj9VylKts5c,IJJj2MW5FxA,{1}
mj9VylKts5c,SBrmcs7q22w,{1}
mj9VylKts5c,_fjZ21gY-HQ,{1}
mj9VylKts5c,MHrU8ZvOWWA,{1}
5zWcSw1lsIw,mj9VylKts5c,{1}
5zWcSw1lsIw,_v_ci4g0rss,{1}
5zWcSw1lsIw,n-a7wBvW2Hg,{1}
eGKUIYrqVPU,CfWi5x0Ste4,{1}
eGKUIYrqVPU,WmOLv44pKZE,{1}
eGKUIYrqVPU,hk5GtdiTWq8,{1}
eGKUIYrqVPU,ZrkkLXpjicQ,{1}
eGKUIYrqVPU,lb-4Ie77YrU,{1}
eGKUIYrqVPU,o4JO-eHJuTc,{1}
WmOLv44pKZE,Q-zt_HkbSqM,{1}
WmOLv44pKZE,E9oKEJ1pXPw,{1}
WmOLv44pKZE,Zsg8rpUEFKY,{1}
SryHqlmxE2s,EUDrf2Svt8o,{1}
SryHqlmxE2s,60VaAy36Slc,{1}
SryHqlmxE2s,kO39nIcuPhQ,{1}
_v_ci4g0rss,ttGi9F2MeWA,{1}
_v_ci4g0rss,3YX9egbUNX4,{1}
_v_ci4g0rss,5nEixrMK4qo,{1}
ttGi9F2MeWA,7HuACfqT9EA,{1}
ttGi9F2MeWA,mvSo_yHYTvk,{1}
ttGi9F2MeWA,WXI9-pAovgg,{1}
3YX9egbUNX4,AeGXYYoSO1U,{1}
3YX9egbUNX4,2ERb87Zphhc,{1}
3YX9egbUNX4,1AfzUot3WU0,{1}
5nEixrMK4qo,OWT37PiJ5vY,{1}
5nEixrMK4qo,ARg9B_vm4zM,{1}
5nEixrMK4qo,4WFzK8qgZOM,{1}
n-a7wBvW2Hg,ggYUq0GUtX0,{1}
n-a7wBvW2Hg,GC1io3qNlDg,{1}
n-a7wBvW2Hg,KWTk9sMJvDY,{1}
ggYUq0GUtX0,vMKtKNZw4Bo,{1}
ggYUq0GUtX0,Ym8PB64em2I,{1}
ggYUq0GUtX0,3c3LfH7oxbo,{1}
GC1io3qNlDg,-jV4zjY66pc,{1}
GC1io3qNlDg,jNaS-lZlShw,{1}
GC1io3qNlDg,ZrkkLXpjicQ,{1}
KWTk9sMJvDY,qUVufn41BKs,{1}
KWTk9sMJvDY,ICC1lGs-ESc,{1}
KWTk9sMJvDY,OX_0FmFs1mk,{1}
_fjZ21gY-HQ,StgfQ2gWm9U,{1}
_fjZ21gY-HQ,5nqLzZrwwcs,{1}
_fjZ21gY-HQ,mj9VylKts5c,{1}
StgfQ2gWm9U,adjdXhAwA14,{1}
StgfQ2gWm9U,EdFJHMQnnME,{1}
StgfQ2gWm9U,V82TwJisWbs,{1}
adjdXhAwA14,bDovLven0sU,{1}
adjdXhAwA14,eGKUIYrqVPU,{1}
adjdXhAwA14,Hlmr8TRRSEQ,{1}
EdFJHMQnnME,ys80Xc-esrU,{1}
EdFJHMQnnME,l6WSoijb8cY,{1}
EdFJHMQnnME,CwGXE4xH9ho,{1}
EdFJHMQnnME,Qd_OiiPvpXE,{1}
EdFJHMQnnME,IFRA9Srk930,{1}
EdFJHMQnnME,bf7Bu_mdO1k,{2}
EdFJHMQnnME,lLXrNH4lXZc,{1}
EdFJHMQnnME,2BOBqXYNlc4,{1}
V82TwJisWbs,kA2KaEKs1LA,{1}
V82TwJisWbs,aiwp3oZ8rX8,{1}
V82TwJisWbs,adjdXhAwA14,{1}
5nqLzZrwwcs,g9bMFUadjuA,{1}
5nqLzZrwwcs,ybtl9qVFAjc,{1}
5nqLzZrwwcs,TSkczvWzDes,{1}
g9bMFUadjuA,HEzSDK747yc,{1}
g9bMFUadjuA,tLMJIfmaVzM,{1}
g9bMFUadjuA,jCsng1rJUHY,{1}
ybtl9qVFAjc,4cia_v4vxfE,{1}
ybtl9qVFAjc,sNfpPKoTHZs,{1}
ybtl9qVFAjc,vzWbCD67YFY,{1}
TSkczvWzDes,12O9RVTyTwY,{1}
TSkczvWzDes,2h4DdpTfLYI,{1}
TSkczvWzDes,TiX8Rz5C3LY,{1}
IJJj2MW5FxA,wuAbLIexkAw,{1}
IJJj2MW5FxA,As4jp0Cgopo,{1}
IJJj2MW5FxA,tZpmDQodi1U,{1}
SBrmcs7q22w,eGKUIYrqVPU,{1}
SBrmcs7q22w,YXbiDpgtmk4,{1}
SBrmcs7q22w,a3LGOAFGX9g,{1}
MHrU8ZvOWWA,rMGaQhWxtXU,{2}
MHrU8ZvOWWA,Nrad7_tkMfI,{1}
MHrU8ZvOWWA,PIAoJleBV7U,{1}
MHrU8ZvOWWA,dSwj_eQUng0,{1}
MHrU8ZvOWWA,iIa86wHo74M,{1}
rMGaQhWxtXU,qjspERjTFf0,{1}
rMGaQhWxtXU,BTFB8jmuAwc,{1}
rMGaQhWxtXU,D3-AP127fPc,{1}
qjspERjTFf0,zZzjOU5xD1g,{1}
qjspERjTFf0,ZrwcvnNC_7E,{1}
qjspERjTFf0,h9Ag2kC_Fe4,{1}
BTFB8jmuAwc,Nrad7_tkMfI,{1}
BTFB8jmuAwc,dSwj_eQUng0,{1}
BTFB8jmuAwc,rcP1UFYl38I,{1}
Nrad7_tkMfI,-sCq720vumY,{1}
Nrad7_tkMfI,-NV1uhAYdbc,{1}
Nrad7_tkMfI,aMoQ9ss11BM,{1}
Nrad7_tkMfI,iIa86wHo74M,{1}
Nrad7_tkMfI,uSPWZCA66d0,{1}
Nrad7_tkMfI,rMGaQhWxtXU,{1}
D3-AP127fPc,-qmnXduMQIU,{1}
D3-AP127fPc,4B4RVgVHg9c,{1}
D3-AP127fPc,ZMTUWGgnI10,{1}
-sCq720vumY,mOsv0jpK3Nc,{1}
-sCq720vumY,Nrad7_tkMfI,{1}
-sCq720vumY,iIa86wHo74M,{1}
iIa86wHo74M,OcWMoMDjiHo,{1}
iIa86wHo74M,MHrU8ZvOWWA,{1}
iIa86wHo74M,Nrad7_tkMfI,{1}
-NV1uhAYdbc,Nrad7_tkMfI,{1}
-NV1uhAYdbc,iIa86wHo74M,{1}
-NV1uhAYdbc,BTFB8jmuAwc,{1}
aMoQ9ss11BM,Nrad7_tkMfI,{1}
aMoQ9ss11BM,iIa86wHo74M,{1}
aMoQ9ss11BM,rMGaQhWxtXU,{1}
OcWMoMDjiHo,X3NF5mbPbZU,{1}
OcWMoMDjiHo,JqBrfqgVYU4,{1}
OcWMoMDjiHo,o97qWHAwqYc,{1}
0_irT0Ttlrg,NzvaDOecjgs,{1}
0_irT0Ttlrg,CZBLT3OCxk4,{1}
0_irT0Ttlrg,pPRphE2kj3E,{1}
0_irT0Ttlrg,xInvuwCM2Uc,{3}
0_irT0Ttlrg,EdFJHMQnnME,{2}
0_irT0Ttlrg,l2Y4ID_0BAU,{1}
NzvaDOecjgs,9VHZpN86oQ0,{1}
NzvaDOecjgs,O3IuNDITzIs,{1}
NzvaDOecjgs,XEflASnfA4Y,{2}
NzvaDOecjgs,zSYPshPMFiY,{1}
NzvaDOecjgs,VhQ7Pekgh7E,{1}
zSYPshPMFiY,sh88mA7148Y,{1}
zSYPshPMFiY,_NOtQyHPics,{1}
zSYPshPMFiY,NzvaDOecjgs,{1}
sh88mA7148Y,3t3niuCCw4g,{1}
sh88mA7148Y,2TNwn3uXrMI,{1}
sh88mA7148Y,xYsJLjf8jt0,{1}
_NOtQyHPics,4gYit7XxCaM,{1}
_NOtQyHPics,5hytOHmQ9sA,{1}
_NOtQyHPics,sh88mA7148Y,{1}
XEflASnfA4Y,R3FWzpfMaMs,{1}
XEflASnfA4Y,o3TWj6C7aIc,{1}
XEflASnfA4Y,ToXcf-Nj2XE,{1}
R3FWzpfMaMs,9VHZpN86oQ0,{1}
R3FWzpfMaMs,3t3niuCCw4g,{1}
R3FWzpfMaMs,TdfvsU6IwsA,{1}
o3TWj6C7aIc,ptG_4rEXcek,{1}
o3TWj6C7aIc,4gYit7XxCaM,{1}
o3TWj6C7aIc,9VHZpN86oQ0,{1}
ToXcf-Nj2XE,bqjkRHFe97U,{1}
ToXcf-Nj2XE,1HbwP0GmpTY,{1}
ToXcf-Nj2XE,-1XNWQMOObU,{1}
VhQ7Pekgh7E,tmXPArToCnU,{1}
VhQ7Pekgh7E,JOF4tusUt6k,{1}
VhQ7Pekgh7E,yoBVBWhgwZI,{1}
tmXPArToCnU,hkeP7dLkh04,{1}
tmXPArToCnU,hslPcKlo_-I,{1}
tmXPArToCnU,jIeZkc5AYjE,{1}
JOF4tusUt6k,pgrlYg2xW80,{1}
JOF4tusUt6k,TNCJHeT3-QE,{1}
JOF4tusUt6k,FncTDZxNbM4,{1}
yoBVBWhgwZI,9JTVuQ6AJEo,{1}
yoBVBWhgwZI,454tAKEV3k0,{1}
yoBVBWhgwZI,nnW1PPK2qrE,{1}
CZBLT3OCxk4,1Vh-IBXLYK4,{1}
CZBLT3OCxk4,9LiZuivD_yg,{1}
CZBLT3OCxk4,orJSJGHjBLI,{1}
1Vh-IBXLYK4,CMrEiU35bCQ,{1}
1Vh-IBXLYK4,NZfya3QK1z0,{1}
1Vh-IBXLYK4,5w3UxZbWe-M,{1}
CMrEiU35bCQ,CMtfm1xaubQ,{1}
CMrEiU35bCQ,IlWzCFhEwIQ,{1}
CMrEiU35bCQ,JDjcBq9nPRU,{1}
NZfya3QK1z0,FkvpjdT6ZgA,{1}
NZfya3QK1z0,yyc5W4mmbCo,{1}
NZfya3QK1z0,5dPz4JRFgsQ,{1}
yyc5W4mmbCo,PdFB7q89_3U,{1}
yyc5W4mmbCo,OnZ9CLlXWpk,{1}
yyc5W4mmbCo,aux7NOLq3sY,{1}
5w3UxZbWe-M,5GONlwJWh3w,{1}
5w3UxZbWe-M,ikjZTJIubb4,{1}
5w3UxZbWe-M,noUH5aYUBx4,{1}
9LiZuivD_yg,mGHcrCTnXio,{1}
9LiZuivD_yg,0D3DPepWaqE,{1}
9LiZuivD_yg,ctx4YBEdOxo,{1}
mGHcrCTnXio,I6i9KDTw8xQ,{1}
mGHcrCTnXio,ges5AdZIv_s,{1}
mGHcrCTnXio,p1wdnUaFjlU,{1}
0D3DPepWaqE,-srudZAM3U4,{1}
0D3DPepWaqE,fzDwiw7xIHE,{1}
0D3DPepWaqE,6Omf2Kpz-lM,{1}
ctx4YBEdOxo,O7ACNMj8NW0,{1}
ctx4YBEdOxo,OX1xG0a4TVo,{1}
ctx4YBEdOxo,MevKTPN4ozw,{1}
orJSJGHjBLI,XXYlFuWEuKI,{1}
orJSJGHjBLI,Il0S8BoucSA,{1}
orJSJGHjBLI,jZNWEPqZ7zw,{1}
XXYlFuWEuKI,4NRXx6U8ABQ,{1}
XXYlFuWEuKI,E3QiD99jPAg,{1}
XXYlFuWEuKI,q7mGMX7crVk,{1}
Il0S8BoucSA,2Vv-BfVoq4g,{1}
Il0S8BoucSA,ckdsJ-LaCvM,{1}
Il0S8BoucSA,RTfSR5j6NJY,{1}
jZNWEPqZ7zw,TQGkZ5oGmuw,{1}
jZNWEPqZ7zw,ODTKedRXxwA,{1}
jZNWEPqZ7zw,orJSJGHjBLI,{1}
xInvuwCM2Uc,xKBcF1-puG8,{2}
xInvuwCM2Uc,FbG6Vg_d4Mc,{1}
xInvuwCM2Uc,lDVdqleKwbU,{1}
xInvuwCM2Uc,p5qehY2I06k,{1}
xInvuwCM2Uc,0_irT0Ttlrg,{1}
wwep4LDKRf8,aBj-HhFR4eo,{1}
wwep4LDKRf8,aZ5gZHj4jJM,{1}
wwep4LDKRf8,PeESgOLpisE,{1}
6JadG1eYwi8,2ypk0-zH8Oc,{1}
6JadG1eYwi8,w0XfxojF_nY,{1}
6JadG1eYwi8,-xRRdKt3_tk,{1}
pPRphE2kj3E,GwYeBtGgxBY,{1}
pPRphE2kj3E,xUBj6z2Aq5g,{1}
pPRphE2kj3E,IhyYPpX6mF8,{1}
l2Y4ID_0BAU,W16gF4Cqeb0,{1}
l2Y4ID_0BAU,MYgBs8SnqoM,{1}
l2Y4ID_0BAU,mFcM-OS3a_8,{1}
PpyNKmdvGVo,xw-GlFkfFfY,{2}
PpyNKmdvGVo,PFtfg1rxRHM,{2}
PpyNKmdvGVo,GKghjqGQwXc,{1}
PpyNKmdvGVo,agAf8ay4Ppg,{1}
PpyNKmdvGVo,6-Z4761HhkU,{1}
PpyNKmdvGVo,TslN3H558U0,{1}
PpyNKmdvGVo,z41F5SIGzA0,{1}
xw-GlFkfFfY,gO72mOOWZnI,{2}
xw-GlFkfFfY,8Sv6afYIVUU,{6}
xw-GlFkfFfY,NHwxioMj8so,{3}
xw-GlFkfFfY,nkjt65EhLiU,{2}
xw-GlFkfFfY,k9AL_T-sOFQ,{2}
xw-GlFkfFfY,mBfaXBqq_k8,{1}
xw-GlFkfFfY,yOPphBWEvC8,{1}
xw-GlFkfFfY,HGiuheQozfU,{2}
xw-GlFkfFfY,iPI3BUtIFeA,{1}
xw-GlFkfFfY,TTUNQAa-tzE,{1}
8Sv6afYIVUU,MCQ63dRAPA8,{1}
8Sv6afYIVUU,k9AL_T-sOFQ,{1}
8Sv6afYIVUU,DwbXXrXW7BQ,{1}
MCQ63dRAPA8,mBfaXBqq_k8,{3}
MCQ63dRAPA8,xw-GlFkfFfY,{2}
MCQ63dRAPA8,9eqqZBCPGX8,{1}
MCQ63dRAPA8,4IGzSHrixP4,{2}
MCQ63dRAPA8,8Sv6afYIVUU,{2}
MCQ63dRAPA8,NHwxioMj8so,{2}
MCQ63dRAPA8,8oIh7OVZDhU,{2}
MCQ63dRAPA8,CCa_jSCOKGA,{2}
MCQ63dRAPA8,HGiuheQozfU,{1}
MCQ63dRAPA8,5WsKFgypUDE,{1}
mBfaXBqq_k8,nkjt65EhLiU,{1}
mBfaXBqq_k8,ljtsvna46eQ,{2}
mBfaXBqq_k8,vMGKIM8Kw6c,{1}
mBfaXBqq_k8,SBOO5MBy3AY,{1}
mBfaXBqq_k8,qD3-NFSv-fY,{1}
nkjt65EhLiU,8oIh7OVZDhU,{1}
nkjt65EhLiU,iG6YaY_7ge0,{1}
nkjt65EhLiU,YcGoVXDh0Ts,{1}
NHwxioMj8so,6-Z4761HhkU,{2}
NHwxioMj8so,F1Zl1TRDJs0,{1}
NHwxioMj8so,k9AL_T-sOFQ,{1}
NHwxioMj8so,xw-GlFkfFfY,{1}
NHwxioMj8so,8R8M9zDDvRA,{1}
9eqqZBCPGX8,0W-Y-HYTsA4,{1}
9eqqZBCPGX8,pHtFkv9gpCQ,{1}
9eqqZBCPGX8,1Gdd2x9AIJw,{1}
1Gdd2x9AIJw,FJyN2G-t85Q,{1}
1Gdd2x9AIJw,hehEFfnT_xI,{1}
1Gdd2x9AIJw,PnCL4_lhh7M,{1}
k9AL_T-sOFQ,MCQ63dRAPA8,{1}
k9AL_T-sOFQ,vXl_KwgNpC0,{1}
k9AL_T-sOFQ,o1gBFwAP6X8,{1}
k9AL_T-sOFQ,xw-GlFkfFfY,{2}
k9AL_T-sOFQ,yOPphBWEvC8,{1}
k9AL_T-sOFQ,mBfaXBqq_k8,{1}
k9AL_T-sOFQ,Dk3iQF8Dc4s,{1}
k9AL_T-sOFQ,PpyNKmdvGVo,{1}
4IGzSHrixP4,6-Z4761HhkU,{2}
4IGzSHrixP4,pdoyHFTzY28,{1}
4IGzSHrixP4,xw-GlFkfFfY,{2}
4IGzSHrixP4,MCQ63dRAPA8,{1}
4IGzSHrixP4,8Sv6afYIVUU,{1}
4IGzSHrixP4,Q0yTDwRAB5Q,{1}
4IGzSHrixP4,F1Zl1TRDJs0,{1}
vXl_KwgNpC0,XWh0zKHKTvY,{1}
vXl_KwgNpC0,k9AL_T-sOFQ,{1}
vXl_KwgNpC0,yOPphBWEvC8,{1}
yOPphBWEvC8,zU-Axn3wGRU,{1}
yOPphBWEvC8,MCQ63dRAPA8,{1}
yOPphBWEvC8,HGiuheQozfU,{2}
yOPphBWEvC8,KKGjANiHm_o,{1}
yOPphBWEvC8,LyuK4hxeoco,{1}
yOPphBWEvC8,vXl_KwgNpC0,{1}
yOPphBWEvC8,8oIh7OVZDhU,{1}
yOPphBWEvC8,k9AL_T-sOFQ,{1}
o1gBFwAP6X8,l_gakoM82-c,{1}
o1gBFwAP6X8,8oIh7OVZDhU,{1}
o1gBFwAP6X8,fIgr-Jt-KkY,{1}
8oIh7OVZDhU,HGiuheQozfU,{1}
8oIh7OVZDhU,k7gNlcF7v3c,{2}
8oIh7OVZDhU,xw-GlFkfFfY,{1}
8oIh7OVZDhU,vXl_KwgNpC0,{1}
8oIh7OVZDhU,jJhxrxvwGrA,{1}
DwbXXrXW7BQ,agAf8ay4Ppg,{1}
DwbXXrXW7BQ,rsewl5cY6oQ,{2}
DwbXXrXW7BQ,2JIfgqXvGsM,{1}
DwbXXrXW7BQ,PMy018z697g,{1}
DwbXXrXW7BQ,XUr1PUSFosg,{1}
agAf8ay4Ppg,xw-GlFkfFfY,{1}
agAf8ay4Ppg,yQhqlWDf7K4,{1}
agAf8ay4Ppg,rsewl5cY6oQ,{1}
agAf8ay4Ppg,xmYaerKTiLA,{1}
agAf8ay4Ppg,IYNH9HePNXk,{1}
agAf8ay4Ppg,MCbtIft0Nlw,{1}
rsewl5cY6oQ,jIn5dEyv6yE,{1}
rsewl5cY6oQ,NHwxioMj8so,{1}
rsewl5cY6oQ,ekGW-WUqiQc,{1}
2JIfgqXvGsM,ppp5Q70PYPU,{1}
2JIfgqXvGsM,PRsQKsSX1TY,{1}
2JIfgqXvGsM,Bt7QWAMu0nw,{1}
PRsQKsSX1TY,PMy018z697g,{1}
PRsQKsSX1TY,UncrcyR60GU,{1}
PRsQKsSX1TY,amZsyQ2IuWo,{1}
KKGjANiHm_o,OSYzFy__yhM,{1}
KKGjANiHm_o,yOPphBWEvC8,{1}
KKGjANiHm_o,MCQ63dRAPA8,{1}
OSYzFy__yhM,k9AL_T-sOFQ,{1}
OSYzFy__yhM,cZCEE4TQcaM,{1}
OSYzFy__yhM,xw-GlFkfFfY,{1}
zU-Axn3wGRU,TTyNNu1mIgY,{1}
zU-Axn3wGRU,lU5RMeYSPXk,{1}
zU-Axn3wGRU,pq7gyvXV4ZU,{1}
HGiuheQozfU,MCQ63dRAPA8,{1}
HGiuheQozfU,W8ACN2UKUX8,{1}
HGiuheQozfU,dg8q-qmN0eA,{1}
LyuK4hxeoco,ET-ZwmYbkpU,{1}
LyuK4hxeoco,k7gNlcF7v3c,{1}
LyuK4hxeoco,xw-GlFkfFfY,{1}
ET-ZwmYbkpU,xw-GlFkfFfY,{1}
ET-ZwmYbkpU,HGiuheQozfU,{1}
ET-ZwmYbkpU,8oIh7OVZDhU,{1}
k7gNlcF7v3c,GphYmmAe-RQ,{1}
k7gNlcF7v3c,fxsI61fr3QE,{1}
k7gNlcF7v3c,NdLWpWkmKi0,{1}
k7gNlcF7v3c,mBfaXBqq_k8,{1}
k7gNlcF7v3c,k05_KBLPqD8,{1}
k7gNlcF7v3c,_UlC6TPQjno,{1}
iG6YaY_7ge0,lbMv0UkAswI,{1}
iG6YaY_7ge0,G1oCHsTgV0Q,{1}
iG6YaY_7ge0,Y4_YyaPt0-I,{1}
lbMv0UkAswI,H3Jw1DO_kFM,{1}
lbMv0UkAswI,G1oCHsTgV0Q,{1}
lbMv0UkAswI,bWK6xryuiHI,{1}
G1oCHsTgV0Q,ILlSWA1oq7g,{1}
G1oCHsTgV0Q,YhZH01wIwm0,{1}
G1oCHsTgV0Q,i-jZqhWfKho,{1}
Y4_YyaPt0-I,As2-JwaH3BE,{1}
Y4_YyaPt0-I,PCDiVfSBHFk,{1}
Y4_YyaPt0-I,QOBowbBVlaY,{1}
YcGoVXDh0Ts,k9AL_T-sOFQ,{1}
YcGoVXDh0Ts,MCQ63dRAPA8,{1}
YcGoVXDh0Ts,NHwxioMj8so,{1}
Dk3iQF8Dc4s,F1Zl1TRDJs0,{1}
Dk3iQF8Dc4s,xw-GlFkfFfY,{1}
Dk3iQF8Dc4s,MCQ63dRAPA8,{1}
CCa_jSCOKGA,OSYzFy__yhM,{1}
CCa_jSCOKGA,YcGoVXDh0Ts,{1}
CCa_jSCOKGA,8Sv6afYIVUU,{1}
F1Zl1TRDJs0,zU-Axn3wGRU,{1}
F1Zl1TRDJs0,3a65lrAstDw,{1}
F1Zl1TRDJs0,xw-GlFkfFfY,{1}
PFtfg1rxRHM,1vE8ExuuNZQ,{1}
PFtfg1rxRHM,1eEJKbu_0WU,{2}
PFtfg1rxRHM,mtvpouHcrz0,{1}
PFtfg1rxRHM,XUr1PUSFosg,{1}
PFtfg1rxRHM,uzFBfhRPKLE,{1}
PFtfg1rxRHM,MLywULVR-e4,{1}
PFtfg1rxRHM,AMuST7_r-mc,{1}
PFtfg1rxRHM,EPPALEtCPbo,{1}
1vE8ExuuNZQ,B94q7gUu75k,{2}
1vE8ExuuNZQ,dzJZLC3Br7I,{1}
1vE8ExuuNZQ,XZznj9siKY8,{1}
1vE8ExuuNZQ,_bWt__tV-Zg,{1}
1vE8ExuuNZQ,Hw16IjtowEM,{1}
1vE8ExuuNZQ,g-QEjSDtOdM,{1}
1vE8ExuuNZQ,5h1wnTMIIPA,{1}
1vE8ExuuNZQ,aXEMtjO7RQE,{1}
_bWt__tV-Zg,H5SbGwvXb5Y,{1}
_bWt__tV-Zg,1vE8ExuuNZQ,{2}
_bWt__tV-Zg,zdll1Ie4AW8,{1}
_bWt__tV-Zg,MkyP0WEr9As,{1}
_bWt__tV-Zg,MzeD57ISmxQ,{1}
H5SbGwvXb5Y,ladHhiTM6V4,{1}
H5SbGwvXb5Y,9BWNDa3xW7c,{1}
H5SbGwvXb5Y,L7s7X7E76b4,{1}
zdll1Ie4AW8,MzeD57ISmxQ,{1}
zdll1Ie4AW8,ewwh-9Bc-Ew,{1}
zdll1Ie4AW8,QBfhvCz6seY,{1}
MzeD57ISmxQ,H5SbGwvXb5Y,{1}
MzeD57ISmxQ,0-nF6bJDO4E,{1}
MzeD57ISmxQ,VVCr_OwdSBA,{1}
Hw16IjtowEM,P935avxIgpE,{1}
Hw16IjtowEM,FUuAAihjF90,{1}
Hw16IjtowEM,4TVzeKZ2X-A,{1}
P935avxIgpE,hRpTyxYGivQ,{1}
P935avxIgpE,HUkS-IQLDbA,{1}
P935avxIgpE,cIjD6xDaYcA,{1}
FUuAAihjF90,B94q7gUu75k,{1}
FUuAAihjF90,kgI3Y7gxMO4,{1}
FUuAAihjF90,UgL2QH-Jhs8,{1}
4TVzeKZ2X-A,v-g3v1Z34Hk,{1}
4TVzeKZ2X-A,pHtFkv9gpCQ,{1}
4TVzeKZ2X-A,057EebkGk_g,{1}
aXEMtjO7RQE,_bWt__tV-Zg,{1}
aXEMtjO7RQE,1vE8ExuuNZQ,{1}
aXEMtjO7RQE,BzEdpfFBg9M,{1}
BzEdpfFBg9M,cIjD6xDaYcA,{1}
BzEdpfFBg9M,ipaiLF7e-Ug,{1}
BzEdpfFBg9M,FU5BqUpJE_k,{1}
1eEJKbu_0WU,MkG3TwRgbSM,{1}
1eEJKbu_0WU,XUr1PUSFosg,{1}
1eEJKbu_0WU,Zhi4Sdj7cZk,{1}
1eEJKbu_0WU,GKghjqGQwXc,{1}
1eEJKbu_0WU,PRsQKsSX1TY,{1}
1eEJKbu_0WU,1uZumsTMRH4,{1}
MkG3TwRgbSM,np8p2-dD4YU,{1}
MkG3TwRgbSM,AWEYLYLw_mA,{1}
MkG3TwRgbSM,IJzgiVCDoqE,{1}
np8p2-dD4YU,gaSSaNiipjE,{1}
np8p2-dD4YU,GzcXoPSwQa0,{1}
np8p2-dD4YU,0C5sIJeNM8Q,{1}
AWEYLYLw_mA,xnbpbHwTX8I,{1}
AWEYLYLw_mA,ZdKtO-oR48I,{1}
AWEYLYLw_mA,IJzgiVCDoqE,{1}
IJzgiVCDoqE,3XdnfvWXKSM,{1}
IJzgiVCDoqE,jmVPTifElxg,{1}
IJzgiVCDoqE,MkG3TwRgbSM,{1}
XUr1PUSFosg,MzeD57ISmxQ,{2}
XUr1PUSFosg,MCQ63dRAPA8,{1}
XUr1PUSFosg,amZsyQ2IuWo,{1}
XUr1PUSFosg,8Sv6afYIVUU,{1}
XUr1PUSFosg,xuUnlQ3Uo10,{1}
amZsyQ2IuWo,2JIfgqXvGsM,{1}
amZsyQ2IuWo,PFtfg1rxRHM,{1}
amZsyQ2IuWo,nevs873NeOw,{1}
Zhi4Sdj7cZk,j9ESt1NYYms,{1}
Zhi4Sdj7cZk,QYf8D9FSqKc,{1}
Zhi4Sdj7cZk,VFWkI03lYm0,{1}
j9ESt1NYYms,NVatI7hBeG8,{1}
j9ESt1NYYms,y2Les4COJ8k,{1}
j9ESt1NYYms,muE-O7zKEkI,{1}
QYf8D9FSqKc,eW7xEYr85FM,{1}
QYf8D9FSqKc,yMkLcSaU8Eo,{1}
QYf8D9FSqKc,6JcWSC3Fbmw,{1}
VFWkI03lYm0,p93_qUgRoJ8,{1}
VFWkI03lYm0,TpJo7LaJwK8,{1}
VFWkI03lYm0,qSwU-DMN70o,{1}
mtvpouHcrz0,VUi8ebD-c28,{1}
mtvpouHcrz0,pdoyHFTzY28,{1}
mtvpouHcrz0,Q0yTDwRAB5Q,{1}
VUi8ebD-c28,oZSDsIgK85M,{1}
VUi8ebD-c28,7vIVCIylEkc,{1}
VUi8ebD-c28,GRsH7YHXTS4,{1}
oZSDsIgK85M,pTRwMUfAHng,{1}
oZSDsIgK85M,A36lnUD_fOg,{1}
oZSDsIgK85M,2c0RHXLZY3M,{1}
7vIVCIylEkc,UncrcyR60GU,{1}
7vIVCIylEkc,uUh17kv8OwU,{1}
7vIVCIylEkc,_VIz6WW1xDk,{1}
GRsH7YHXTS4,E1lWHlfO8c4,{1}
GRsH7YHXTS4,6vWo8iVrhxo,{1}
GRsH7YHXTS4,UncrcyR60GU,{1}
pdoyHFTzY28,4IGzSHrixP4,{1}
pdoyHFTzY28,Q0yTDwRAB5Q,{1}
pdoyHFTzY28,TK--8AcySzU,{1}
Q0yTDwRAB5Q,r-XRvEqZSMs,{1}
Q0yTDwRAB5Q,yLv3TQweQTA,{2}
Q0yTDwRAB5Q,TK--8AcySzU,{1}
Q0yTDwRAB5Q,4IGzSHrixP4,{1}
Q0yTDwRAB5Q,1Gdd2x9AIJw,{1}
yLv3TQweQTA,Q0yTDwRAB5Q,{1}
yLv3TQweQTA,ljtsvna46eQ,{1}
yLv3TQweQTA,lU5RMeYSPXk,{1}
TK--8AcySzU,r-XRvEqZSMs,{1}
TK--8AcySzU,Q0yTDwRAB5Q,{1}
TK--8AcySzU,Qxl6n789SNs,{1}
z41F5SIGzA0,Dk3iQF8Dc4s,{1}
z41F5SIGzA0,lstpuy3yDu0,{1}
z41F5SIGzA0,PFtfg1rxRHM,{1}
3a65lrAstDw,9eqqZBCPGX8,{1}
3a65lrAstDw,pr_0TiX1V_E,{1}
3a65lrAstDw,fBVawooXiK0,{1}
iPI3BUtIFeA,lU5RMeYSPXk,{1}
iPI3BUtIFeA,mtvpouHcrz0,{1}
iPI3BUtIFeA,F1Zl1TRDJs0,{1}
TTUNQAa-tzE,tJqahMWJCYg,{1}
TTUNQAa-tzE,8wdMrtRvizk,{1}
TTUNQAa-tzE,8Sv6afYIVUU,{1}
lstpuy3yDu0,M_CHC3hMVYs,{1}
lstpuy3yDu0,PpyNKmdvGVo,{1}
lstpuy3yDu0,rZtUfsswWwc,{1}
M_CHC3hMVYs,RKLyNSB2Vc8,{1}
M_CHC3hMVYs,mmBK9QZPJIY,{1}
M_CHC3hMVYs,jgu11t8IP5I,{1}
RKLyNSB2Vc8,MCQ63dRAPA8,{1}
RKLyNSB2Vc8,k9AL_T-sOFQ,{1}
RKLyNSB2Vc8,8oIh7OVZDhU,{1}
mmBK9QZPJIY,BoRK0QSXMuw,{1}
mmBK9QZPJIY,bZNGrAW1NNQ,{1}
mmBK9QZPJIY,vhJG_ALS4Ps,{1}
jgu11t8IP5I,OlxHbKiSYak,{1}
jgu11t8IP5I,IZG_IDOu_h8,{1}
jgu11t8IP5I,WS-ePxceX0c,{1}
GKghjqGQwXc,zXb0X_eM4sY,{1}
GKghjqGQwXc,XUr1PUSFosg,{1}
GKghjqGQwXc,2JIfgqXvGsM,{1}
GKghjqGQwXc,-Q1GM1oblKc,{1}
GKghjqGQwXc,3dxjH-qX1gI,{1}
GKghjqGQwXc,ppp5Q70PYPU,{1}
rZtUfsswWwc,LaLJ4QQspGM,{1}
rZtUfsswWwc,C7fw3jM-soo,{1}
rZtUfsswWwc,keP_eHRA9ls,{1}
LaLJ4QQspGM,2U4s17wejeA,{1}
LaLJ4QQspGM,PxWEuDhY-VU,{1}
LaLJ4QQspGM,YfctNAw_lAA,{1}
C7fw3jM-soo,tGp4qGNvb24,{1}
C7fw3jM-soo,djBxq2wBVis,{1}
C7fw3jM-soo,vjisFG8X5w8,{1}
keP_eHRA9ls,rZtUfsswWwc,{1}
keP_eHRA9ls,vx-6Dobhb74,{1}
keP_eHRA9ls,7wTgGXueYBA,{1}
1uZumsTMRH4,9CA_F-5nEtQ,{1}
1uZumsTMRH4,Iw1R8cbSaIc,{1}
1uZumsTMRH4,f_f7v-scAP8,{1}
AMuST7_r-mc,AAqj5tATg-Y,{1}
AMuST7_r-mc,DwbXXrXW7BQ,{1}
AMuST7_r-mc,1bIANjAm-so,{1}
AAqj5tATg-Y,2eutF1pTLko,{1}
AAqj5tATg-Y,ilfL8HCBTfk,{1}
AAqj5tATg-Y,3c3LfH7oxbo,{1}
1bIANjAm-so,1vE8ExuuNZQ,{1}
1bIANjAm-so,fQScZKcOWIg,{1}
1bIANjAm-so,xw-GlFkfFfY,{1}
EPPALEtCPbo,XUr1PUSFosg,{1}
EPPALEtCPbo,PpyNKmdvGVo,{1}
EPPALEtCPbo,HUyUV8_bbhg,{1}
HUyUV8_bbhg,TTyNNu1mIgY,{1}
HUyUV8_bbhg,_kH6E2jbnJQ,{1}
HUyUV8_bbhg,zXb0X_eM4sY,{1}
4JzwhcstTEA,wz3Fd_ekiIo,{1}
4JzwhcstTEA,rbiPOHJDoqs,{1}
4JzwhcstTEA,p5P6nlQUt1U,{1}
wz3Fd_ekiIo,aTpgXOCk3iI,{1}
wz3Fd_ekiIo,IdjdNgvF42o,{1}
wz3Fd_ekiIo,hl0iNRXcUbE,{1}
aTpgXOCk3iI,VR-SA0RKb9s,{1}
aTpgXOCk3iI,-jW8YynwsDc,{2}
aTpgXOCk3iI,I0Z2PdMzzhk,{2}
aTpgXOCk3iI,2_z7zW5fU9Q,{1}
I0Z2PdMzzhk,aTpgXOCk3iI,{1}
I0Z2PdMzzhk,4-OGtAs12ZQ,{1}
I0Z2PdMzzhk,qDYPGgjQmF4,{2}
I0Z2PdMzzhk,cVoQtSWZ2QM,{1}
I0Z2PdMzzhk,dwLWmoGh59g,{2}
I0Z2PdMzzhk,ZFFzmJfv5No,{1}
I0Z2PdMzzhk,x1hf2UILN80,{1}
-jW8YynwsDc,mk-UCTVjf7U,{1}
-jW8YynwsDc,eaf2bDcSEuw,{1}
-jW8YynwsDc,I0Z2PdMzzhk,{1}
4-OGtAs12ZQ,5CwIX6jE-qA,{1}
4-OGtAs12ZQ,I0Z2PdMzzhk,{1}
4-OGtAs12ZQ,QmpWNWofpC4,{1}
qDYPGgjQmF4,7zBphrOqBeU,{1}
qDYPGgjQmF4,mKairfMzc6Q,{1}
qDYPGgjQmF4,mk-UCTVjf7U,{1}
qDYPGgjQmF4,uBSOan7D1Ow,{1}
qDYPGgjQmF4,bsjnRcmC840,{1}
qDYPGgjQmF4,2_z7zW5fU9Q,{1}
mk-UCTVjf7U,cOPTam9r4eA,{1}
mk-UCTVjf7U,ZFFzmJfv5No,{1}
mk-UCTVjf7U,8f8VWwtaudU,{1}
eaf2bDcSEuw,qDYPGgjQmF4,{1}
eaf2bDcSEuw,k4-m2643a3c,{1}
eaf2bDcSEuw,EmyW8nFDLr4,{1}
2_z7zW5fU9Q,IltLiBNoP40,{1}
2_z7zW5fU9Q,qDYPGgjQmF4,{1}
2_z7zW5fU9Q,I0Z2PdMzzhk,{1}
IltLiBNoP40,usFRvasGW70,{1}
IltLiBNoP40,duDs7HImuUw,{1}
IltLiBNoP40,HOb7qr1X7dE,{1}
IdjdNgvF42o,dVo0v5yypW0,{1}
IdjdNgvF42o,ZF3cUjl2WG0,{1}
IdjdNgvF42o,JOEF5m6GaGs,{1}
IdjdNgvF42o,pIxCvNwAVGY,{1}
IdjdNgvF42o,dwgsbZ1MsAE,{1}
IdjdNgvF42o,knWCsonQVG4,{1}
dVo0v5yypW0,yyc5W4mmbCo,{1}
dVo0v5yypW0,p7MO1IgMty8,{1}
dVo0v5yypW0,oMV1idqACmQ,{1}
p7MO1IgMty8,M4pOF5oEHCE,{1}
p7MO1IgMty8,OTwEs1Jb11I,{1}
p7MO1IgMty8,eS92ygZpcdg,{1}
oMV1idqACmQ,bGG8i1oVJhw,{1}
oMV1idqACmQ,HeSELj9reck,{1}
oMV1idqACmQ,zUR_ME-kacY,{1}
ZF3cUjl2WG0,LEMPAj9ChLU,{1}
ZF3cUjl2WG0,rE0Z2k6BJI0,{1}
ZF3cUjl2WG0,Ixx-p-G0xxI,{1}
LEMPAj9ChLU,XgsqLLYy3JA,{1}
LEMPAj9ChLU,nLp0GNDOfN8,{1}
LEMPAj9ChLU,Agq9Jh3qqr0,{1}
rE0Z2k6BJI0,JOEF5m6GaGs,{1}
rE0Z2k6BJI0,aiRLejymIn8,{1}
rE0Z2k6BJI0,xiNRVMhiejk,{1}
JOEF5m6GaGs,-oAhmQCLNsE,{1}
JOEF5m6GaGs,aiRLejymIn8,{1}
JOEF5m6GaGs,ONuHCHks1yQ,{1}
aiRLejymIn8,5axNR8R7XI8,{1}
aiRLejymIn8,qdt7rYKQpwk,{1}
aiRLejymIn8,WSKYWu-S2G0,{1}
Ixx-p-G0xxI,LEMPAj9ChLU,{1}
Ixx-p-G0xxI,qdt7rYKQpwk,{1}
Ixx-p-G0xxI,zUR_ME-kacY,{1}
-oAhmQCLNsE,zUR_ME-kacY,{1}
-oAhmQCLNsE,MwhmB_9H42I,{1}
-oAhmQCLNsE,EdRGOUyu7-k,{1}
ONuHCHks1yQ,rqPsxXvvtNM,{1}
ONuHCHks1yQ,n7rD6GQ27Nk,{1}
ONuHCHks1yQ,1ogtMHH-9iA,{1}
hl0iNRXcUbE,NY3Zg37nIHo,{1}
hl0iNRXcUbE,d5XTDmm0KUQ,{1}
hl0iNRXcUbE,sCD9zjf_YRU,{1}
NY3Zg37nIHo,1mgN8r1mwvM,{1}
NY3Zg37nIHo,rY5jCvRHEFk,{1}
NY3Zg37nIHo,b9GWqfNlWHI,{1}
1mgN8r1mwvM,jdVso9FSkmE,{1}
1mgN8r1mwvM,LimytC6bNZ0,{1}
1mgN8r1mwvM,MfHWJaNJC74,{1}
jdVso9FSkmE,hl0iNRXcUbE,{1}
jdVso9FSkmE,-5yh2HcIlkU,{1}
jdVso9FSkmE,AJ0-VeWMr-A,{1}
rY5jCvRHEFk,uXyS-74sRTE,{1}
rY5jCvRHEFk,5Szj5jJeUec,{1}
rY5jCvRHEFk,-KQGZa773sI,{1}
rY5jCvRHEFk,yz0bjLk9rUo,{1}
rY5jCvRHEFk,qyRCQEum_vI,{1}
rY5jCvRHEFk,QmOF0crdyRU,{1}
b9GWqfNlWHI,AJ0-VeWMr-A,{1}
b9GWqfNlWHI,h9XzuUXj6Gc,{1}
b9GWqfNlWHI,4LIsLD3j0oQ,{1}
d5XTDmm0KUQ,XW_KhFq4LQo,{1}
d5XTDmm0KUQ,rY5jCvRHEFk,{1}
d5XTDmm0KUQ,efs3QRr8LWw,{1}
XW_KhFq4LQo,jdVso9FSkmE,{1}
XW_KhFq4LQo,ycPr5-27vSI,{1}
XW_KhFq4LQo,rY5jCvRHEFk,{1}
QmOF0crdyRU,xLORsLlcT48,{1}
QmOF0crdyRU,SwQhKFMxmDY,{1}
QmOF0crdyRU,q4zZ2ker1iI,{1}
efs3QRr8LWw,d5XTDmm0KUQ,{1}
efs3QRr8LWw,wieRZoJSVtw,{1}
efs3QRr8LWw,jdVso9FSkmE,{1}
sCD9zjf_YRU,jdVso9FSkmE,{1}
sCD9zjf_YRU,IdjdNgvF42o,{1}
sCD9zjf_YRU,6T7pUEZfgdI,{1}
6T7pUEZfgdI,hl0iNRXcUbE,{1}
6T7pUEZfgdI,-5RCmu-HuTg,{1}
6T7pUEZfgdI,aMcjxSThD54,{1}
-5RCmu-HuTg,zXWGjbH1YlY,{1}
-5RCmu-HuTg,Ful-7jFCIXs,{1}
-5RCmu-HuTg,x9QHlEbO4OM,{1}
rbiPOHJDoqs,avpxsR2wH7s,{1}
rbiPOHJDoqs,iVkM3Rmy0Qc,{1}
rbiPOHJDoqs,sHkZWC6_v8g,{1}
rbiPOHJDoqs,jNQn1NE49so,{1}
rbiPOHJDoqs,-BE7HeoSjpE,{1}
rbiPOHJDoqs,pRIjlsslMQk,{1}
jNQn1NE49so,E5MYtDDyJ_Y,{1}
jNQn1NE49so,53ezU_6YZP0,{2}
jNQn1NE49so,rbiPOHJDoqs,{1}
jNQn1NE49so,WmCmRMx9FfU,{1}
jNQn1NE49so,WnEdWqTa-ZI,{1}
E5MYtDDyJ_Y,WVYENrVN-AI,{1}
E5MYtDDyJ_Y,rbiPOHJDoqs,{1}
E5MYtDDyJ_Y,WmCmRMx9FfU,{1}
WVYENrVN-AI,8tnB2UyLUGM,{1}
WVYENrVN-AI,r1AJUoUiIgw,{2}
WVYENrVN-AI,W1rrCVPG31c,{1}
WVYENrVN-AI,hBS8NIDieeA,{1}
WVYENrVN-AI,CONzsh49pNk,{1}
r1AJUoUiIgw,pGrLV73ihF0,{1}
r1AJUoUiIgw,oVvQunZzOoQ,{1}
r1AJUoUiIgw,WVYENrVN-AI,{1}
avpxsR2wH7s,s2nFc1Ps5xA,{1}
avpxsR2wH7s,hQT6z7gMiFc,{1}
avpxsR2wH7s,ogXKk98UxGk,{1}
WmCmRMx9FfU,g0m5O64EUl0,{1}
WmCmRMx9FfU,rfRj64GvjNU,{1}
WmCmRMx9FfU,CP73_D8ToSQ,{1}
53ezU_6YZP0,woVqgLBa3j0,{1}
53ezU_6YZP0,jQBcKJWqdEE,{1}
53ezU_6YZP0,dbASN4C-peQ,{1}
woVqgLBa3j0,ScIgBqQPlZI,{1}
woVqgLBa3j0,3M2NCcSxKLY,{1}
woVqgLBa3j0,k9a5CbCIaaI,{1}
jQBcKJWqdEE,dbASN4C-peQ,{1}
jQBcKJWqdEE,AlUIALmvekk,{1}
jQBcKJWqdEE,Ukh44rNgZrw,{1}
dbASN4C-peQ,WVYENrVN-AI,{1}
dbASN4C-peQ,QWBoyvGTFV4,{1}
dbASN4C-peQ,FFtK8vKTcgE,{1}
WnEdWqTa-ZI,O_g278KkuG8,{1}
WnEdWqTa-ZI,jNQn1NE49so,{1}
WnEdWqTa-ZI,3BODO4SR-28,{1}
O_g278KkuG8,1A3t5I2Pd8w,{1}
O_g278KkuG8,n-FyYv4Db24,{1}
O_g278KkuG8,IegUMwnVJhA,{1}
3BODO4SR-28,uRhx-MzKxVc,{1}
3BODO4SR-28,hBS8NIDieeA,{1}
3BODO4SR-28,r1AJUoUiIgw,{1}
hBS8NIDieeA,vDij6GgUTmI,{1}
hBS8NIDieeA,9SCPi0CY8FM,{1}
hBS8NIDieeA,3BODO4SR-28,{1}
-BE7HeoSjpE,Fy3m_lyZ5T4,{1}
-BE7HeoSjpE,d1ng3mO1Sb8,{1}
-BE7HeoSjpE,mVuiAxX4Lvg,{1}
Fy3m_lyZ5T4,StPbaYxhAXE,{1}
Fy3m_lyZ5T4,dw1WtNuRWBk,{1}
Fy3m_lyZ5T4,rysLMaJDvgs,{1}
StPbaYxhAXE,YuJWCtM8pA4,{1}
StPbaYxhAXE,jb77igh9enw,{1}
StPbaYxhAXE,IGXpLXQ5OwE,{1}
dw1WtNuRWBk,AZfZSKJScLM,{1}
dw1WtNuRWBk,FvYmJOXcVhs,{1}
dw1WtNuRWBk,P-7lJ2APjIM,{1}
rysLMaJDvgs,w9oX3Pat_IE,{1}
rysLMaJDvgs,wgF54T5YUS8,{1}
rysLMaJDvgs,kqwaEhbkUNA,{1}
d1ng3mO1Sb8,8-TQvyesU-Y,{1}
d1ng3mO1Sb8,dCFpLRTSn-I,{1}
d1ng3mO1Sb8,d1GpO7pCnMo,{1}
8-TQvyesU-Y,LfAZ2RguWeg,{1}
8-TQvyesU-Y,pxvyoZW_aRc,{1}
8-TQvyesU-Y,6vm-r3tfqqk,{1}
dCFpLRTSn-I,XiZrb8iWBFg,{1}
dCFpLRTSn-I,vCM_8xljIZA,{1}
dCFpLRTSn-I,PAYtZpSI0xQ,{1}
d1GpO7pCnMo,EnnARNuVpBo,{1}
d1GpO7pCnMo,fktsr-pRiqA,{1}
d1GpO7pCnMo,XMMpHA0R1hU,{1}
mVuiAxX4Lvg,FAwH9BrHpXc,{1}
mVuiAxX4Lvg,0HDagPR885Y,{1}
mVuiAxX4Lvg,Ikxq58EMX4w,{1}
FAwH9BrHpXc,-BE7HeoSjpE,{1}
FAwH9BrHpXc,-_t_O5yaW1Y,{1}
FAwH9BrHpXc,_BKJr9a04lg,{1}
0HDagPR885Y,5weMPmHCcdQ,{1}
0HDagPR885Y,yiAXM2kQlqs,{1}
0HDagPR885Y,rX82f1LptOY,{1}
Ikxq58EMX4w,hMdIHxS2cqM,{1}
Ikxq58EMX4w,mVuiAxX4Lvg,{1}
Ikxq58EMX4w,O-2UqSkfQpc,{1}
pRIjlsslMQk,X-gM6lTm2qE,{1}
pRIjlsslMQk,8i1zJE7U54M,{1}
pRIjlsslMQk,vEi_azQQ618,{1}
pRIjlsslMQk,uWfBPDkPoTI,{1}
pRIjlsslMQk,avpxsR2wH7s,{1}
pRIjlsslMQk,WVYENrVN-AI,{1}
uWfBPDkPoTI,GuV70VVHDZI,{1}
uWfBPDkPoTI,ePg7UKYG-_4,{1}
uWfBPDkPoTI,pRIjlsslMQk,{1}
GuV70VVHDZI,-M7C83glZFI,{1}
GuV70VVHDZI,0dKjnKS8cvU,{1}
GuV70VVHDZI,ePg7UKYG-_4,{1}
ePg7UKYG-_4,pLhWhXAiECU,{1}
ePg7UKYG-_4,xyEYpIRKyXg,{1}
ePg7UKYG-_4,FDE8cpZqO7k,{1}
s2nFc1Ps5xA,YABX_zW-6Kc,{1}
s2nFc1Ps5xA,Mwk3a3nhJfw,{1}
s2nFc1Ps5xA,S5V2guj0xkk,{1}
hQT6z7gMiFc,r2L5B7ee0UQ,{1}
hQT6z7gMiFc,Mwk3a3nhJfw,{1}
hQT6z7gMiFc,PsBjzL1dqeM,{1}
ogXKk98UxGk,V0rIco_X6kw,{1}
ogXKk98UxGk,hpIs__45t5I,{1}
ogXKk98UxGk,fphDdSdqI28,{1}
CONzsh49pNk,Pzr44rxZFNU,{1}
CONzsh49pNk,d7GgI6nHhwo,{1}
CONzsh49pNk,AQkvljfOjLg,{1}
p5P6nlQUt1U,6VixqvOcK8E,{1}
p5P6nlQUt1U,SPqxcNRgL_8,{1}
p5P6nlQUt1U,HfYkAzIGvLA,{1}
6VixqvOcK8E,SiijS_9hPkM,{1}
6VixqvOcK8E,XhMRbWyfbMM,{1}
6VixqvOcK8E,QzdHoGhCipI,{1}
SiijS_9hPkM,_iudkPi4_sY,{1}
SiijS_9hPkM,yZYQpge1W5s,{1}
SiijS_9hPkM,SPN-YJRaOl4,{1}
_iudkPi4_sY,qsHJ3LvUWTs,{1}
_iudkPi4_sY,jey_CzIOfYE,{1}
_iudkPi4_sY,vMSmUzDt-7U,{1}
qsHJ3LvUWTs,vdHJjbHwR38,{1}
qsHJ3LvUWTs,syP-OtdCIho,{1}
qsHJ3LvUWTs,Zm5tpQp6sT4,{1}
jey_CzIOfYE,-5RCmu-HuTg,{1}
jey_CzIOfYE,QmOF0crdyRU,{1}
jey_CzIOfYE,hKUffHXOb8U,{1}
yZYQpge1W5s,hKUffHXOb8U,{1}
yZYQpge1W5s,UZMIbo_DxJk,{2}
yZYQpge1W5s,Xg2psply4no,{1}
yZYQpge1W5s,-5RCmu-HuTg,{1}
yZYQpge1W5s,TmNSlF7lcaw,{1}
hKUffHXOb8U,kasiov0ytEc,{1}
hKUffHXOb8U,fFFSKedy9f4,{1}
hKUffHXOb8U,_iudkPi4_sY,{1}
hKUffHXOb8U,Xm_2zmX6Akc,{1}
hKUffHXOb8U,f5rUPatnXSE,{1}
hKUffHXOb8U,syP-OtdCIho,{1}
SPN-YJRaOl4,qTk-69f64KU,{1}
SPN-YJRaOl4,fjdlJBSp1lc,{1}
SPN-YJRaOl4,qnvsgtt3Xn0,{1}
XhMRbWyfbMM,3szFNxqPyqg,{1}
XhMRbWyfbMM,8MVCJPYfKcY,{1}
XhMRbWyfbMM,H0Li9dENmlQ,{1}
3szFNxqPyqg,Psu_skRx5Hc,{1}
3szFNxqPyqg,EPR3gd174KY,{1}
3szFNxqPyqg,HopBN8zkLME,{1}
8MVCJPYfKcY,7RJ3-BP8UFE,{1}
8MVCJPYfKcY,fv9qaiLzKAo,{1}
8MVCJPYfKcY,zpNqQ4JltQo,{1}
H0Li9dENmlQ,1vL-CX4K5o0,{1}
H0Li9dENmlQ,f9qMuiA7mwE,{1}
H0Li9dENmlQ,x6P6kMFA5_g,{1}
QzdHoGhCipI,m4gEZBz7e78,{1}
QzdHoGhCipI,FbzegGHkk8c,{1}
QzdHoGhCipI,kRZz-cwvqYs,{1}
m4gEZBz7e78,VFns39RXPrU,{1}
m4gEZBz7e78,i-l4JUH_kaI,{1}
m4gEZBz7e78,0hLjuVyIIrs,{1}
FbzegGHkk8c,ippYts_JvUk,{1}
FbzegGHkk8c,xLr0GStrnwQ,{1}
FbzegGHkk8c,vDwzmJpI4io,{1}
kRZz-cwvqYs,eKmXODDsRoQ,{1}
kRZz-cwvqYs,rw0zAEuDsu4,{1}
kRZz-cwvqYs,ErlS9x_EsbQ,{1}
SPqxcNRgL_8,pKBwuNb10hs,{1}
SPqxcNRgL_8,xSoTX8xzqDI,{1}
SPqxcNRgL_8,jey_CzIOfYE,{1}
pKBwuNb10hs,-3m6Pqa34AQ,{1}
pKBwuNb10hs,R9cknbigbWo,{1}
pKBwuNb10hs,xALnjROj1JE,{1}
-3m6Pqa34AQ,le8wBQcNpGc,{1}
-3m6Pqa34AQ,rw5uiGjk5aw,{1}
-3m6Pqa34AQ,HZVD47TL9Lo,{1}
R9cknbigbWo,mj9VylKts5c,{1}
R9cknbigbWo,-3m6Pqa34AQ,{1}
R9cknbigbWo,BR0SzV_ZdB8,{1}
xALnjROj1JE,dnGM5QeKA0I,{1}
xALnjROj1JE,HZVD47TL9Lo,{1}
xALnjROj1JE,AzwT-gEsZBg,{1}
xSoTX8xzqDI,VeznvyQEGI8,{1}
xSoTX8xzqDI,IxEEGm-CkrE,{1}
xSoTX8xzqDI,oFxIvODgiSw,{1}
VeznvyQEGI8,SPqxcNRgL_8,{1}
VeznvyQEGI8,8Y-Ag-ocB-Q,{1}
VeznvyQEGI8,e9m8zqBICeo,{1}
IxEEGm-CkrE,s3FfGRhpDDg,{1}
IxEEGm-CkrE,kqjJ3gl_m0g,{1}
IxEEGm-CkrE,2uS8A0TVE9A,{1}
oFxIvODgiSw,m8Jbmo3CYb0,{1}
oFxIvODgiSw,pbCvDQvLdMc,{1}
oFxIvODgiSw,7KMYXDGj6e0,{1}
kasiov0ytEc,Iy4vq8RdPGU,{1}
kasiov0ytEc,yZYQpge1W5s,{1}
kasiov0ytEc,hKUffHXOb8U,{1}
HfYkAzIGvLA,MnUfXYGtT5Q,{1}
HfYkAzIGvLA,qsHJ3LvUWTs,{1}
HfYkAzIGvLA,kasiov0ytEc,{1}
MnUfXYGtT5Q,TmNSlF7lcaw,{1}
MnUfXYGtT5Q,f-wWBGo6a2w,{1}
MnUfXYGtT5Q,tMPUOm7s7jI,{1}
TmNSlF7lcaw,_iudkPi4_sY,{1}
TmNSlF7lcaw,q4zZ2ker1iI,{1}
TmNSlF7lcaw,Iy4vq8RdPGU,{1}
Iy4vq8RdPGU,g8GSlP2yCD8,{1}
Iy4vq8RdPGU,aiRLejymIn8,{1}
Iy4vq8RdPGU,kasiov0ytEc,{1}
f-wWBGo6a2w,R_GPAl_q2QQ,{1}
f-wWBGo6a2w,wNjbasba-Qw,{1}
f-wWBGo6a2w,H9B5mYfBPlY,{1}
tMPUOm7s7jI,MV078z5fwds,{1}
tMPUOm7s7jI,-5RCmu-HuTg,{1}
tMPUOm7s7jI,Wm2R6MrJdyY,{1}
vdHJjbHwR38,qsHJ3LvUWTs,{1}
vdHJjbHwR38,dvBbxbjFRw4,{1}
vdHJjbHwR38,rmd8Zbz_JYg,{1}
syP-OtdCIho,jey_CzIOfYE,{1}
syP-OtdCIho,dvBbxbjFRw4,{1}
syP-OtdCIho,TmNSlF7lcaw,{1}
Zm5tpQp6sT4,SXidEQGvvsg,{1}
Zm5tpQp6sT4,CId1iOWQUuo,{1}
Zm5tpQp6sT4,4z3mu63yxII,{1}
