Source,Target,weight
L7B7csYZUuU,Tfp4ZQoYiZs,1
L7B7csYZUuU,K8JXjgLoFR8,1
L7B7csYZUuU,UrA8wINIxXk,1
L7B7csYZUuU,W0xBjNPwAbY,1
L7B7csYZUuU,xiwrpXTURY4,1
L7B7csYZUuU,2THMsVjq5gY,1
X_N-BgQW58E,G4sbfz-iXJI,1
X_N-BgQW58E,fM3MrPi39co,1
X_N-BgQW58E,B8v7x8ctFRs,1
2THMsVjq5gY,MyW9FZskhko,1
2THMsVjq5gY,2qJFOFGUW98,2
2THMsVjq5gY,gBWNd0TMjZg,1
2THMsVjq5gY,-lhHNMFamco,1
2THMsVjq5gY,AWACAnGNWO4,1
008fbUYJ4Vw,VPIF9XrecbE,1
008fbUYJ4Vw,zH74g3l7eH4,1
008fbUYJ4Vw,ufdTuRqhpjQ,1
008fbUYJ4Vw,uRDB-WcVbKM,1
008fbUYJ4Vw,JhWMaYfG7fg,1
008fbUYJ4Vw,jF9H7x4-DQU,1
tLsmuHk1QTU,_yd0v9fcBik,1
tLsmuHk1QTU,ujEc4uqut9Y,1
tLsmuHk1QTU,P4nBRe4uA9s,1
8uCLXSYBzT8,hhcH4DZurQA,1
8uCLXSYBzT8,QWBoyvGTFV4,1
8uCLXSYBzT8,lu-lkFgUNPk,1
05XlDhCF-Tc,k_AB87LWMGE,1
05XlDhCF-Tc,sXGmIhK2cbo,1
05XlDhCF-Tc,5fP38dHmImI,1
fhlya7Ya4ZE,beZI0jm3b4Y,1
fhlya7Ya4ZE,opX0Pa-3B7M,1
fhlya7Ya4ZE,M6a2JnIzPrE,1
G8buQemtPrw,TJ3M-2z_FVo,1
G8buQemtPrw,FR3kYWZ-274,2
G8buQemtPrw,bYJPswt6S8g,2
G8buQemtPrw,kzcHEt_Z6cg,1
G8buQemtPrw,3Qiz6HjxiKk,1
G8buQemtPrw,hTaGHblq3cQ,1
G8buQemtPrw,SjdnpAT96yI,1
G8buQemtPrw,ZN7q59HFK1g,1
G8buQemtPrw,mvf829N9vTk,1
G8buQemtPrw,P19UieRRv60,1
DbgGFxYcmZ0,6yq1sO8hTQ0,1
DbgGFxYcmZ0,9e3KJnHBboE,1
ZWlFqWoD_3c,_yd0v9fcBik,1
ZWlFqWoD_3c,Tfp4ZQoYiZs,1
ZWlFqWoD_3c,1j1C3dlwh7E,1
cCvj_zIyegA,Qqc9B4CVx88,1
cCvj_zIyegA,cfFOel019HQ,1
cCvj_zIyegA,3PDU7ToLA4o,1
NUuL5-RH-4c,isNRZJ6icwc,1
NUuL5-RH-4c,KDiEIqD4MJ8,1
NUuL5-RH-4c,YmdJliwDmgc,1
vePy0gm8fOE,03SIaJoeSNU,1
vePy0gm8fOE,mRmMGeyruB0,1
vePy0gm8fOE,us5_cfhOsYs,1
3z3kwAFTCw8,gQxxMVEFzlw,1
3z3kwAFTCw8,zCPun-uqPwI,1
3z3kwAFTCw8,kOGJ9qewL7o,1
wTdRiedQJPI,kabsFD3X4Gs,1
wTdRiedQJPI,XDd7z6RG_ko,1
wTdRiedQJPI,bYJPswt6S8g,1
wTdRiedQJPI,jDu-cGFbFrA,1
wTdRiedQJPI,ZzTxstr4_VY,1
wTdRiedQJPI,ji-7r4v5Bzs,1
wTdRiedQJPI,-nHuK75NV0Q,1
wTdRiedQJPI,hTaGHblq3cQ,1
hTaGHblq3cQ,ujEc4uqut9Y,1
hTaGHblq3cQ,DWPia79SoPg,2
hTaGHblq3cQ,6yq1sO8hTQ0,2
hTaGHblq3cQ,sUswafU2CaM,1
hTaGHblq3cQ,J0SD9-_zLVM,1
hTaGHblq3cQ,C6Vz5ENORiw,1
hTaGHblq3cQ,Zxkprwg6gzk,3
hTaGHblq3cQ,kM464Vr4atw,1
vUO3a1XSNCU,GoAA0sYkLI0,1
vUO3a1XSNCU,Au_MkoCkIDg,1
-ltCcdXrB-Y,GzCyvfaLUwo,1
-ltCcdXrB-Y,dMGPWQ_CExw,1
-ltCcdXrB-Y,Z9yhnQUai34,1
EQVhYDJo9zE,-MhJd1-83dM,1
EQVhYDJo9zE,2cc4i6lUSUQ,1
EQVhYDJo9zE,XbTJPUlmygo,1
vmfDlWWsgls,HKdZ482LnNU,2
vmfDlWWsgls,Zxkprwg6gzk,2
vmfDlWWsgls,kq_GwM27AlI,1
vmfDlWWsgls,-nHuK75NV0Q,1
2edO0oaX_eU,Fx8pJ6kXIco,1
2edO0oaX_eU,WZWkl_uo-ok,1
2edO0oaX_eU,djOmcjOpZ3c,1
rwmwMU9rjF4,-MhJd1-83dM,1
rwmwMU9rjF4,Eh9vApMZnbk,1
rwmwMU9rjF4,TJ3M-2z_FVo,1
rwmwMU9rjF4,HAss4ZSsXsQ,1
rwmwMU9rjF4,Lgu6-CWGUhs,1
rwmwMU9rjF4,rHWm3J1sy8M,1
rwmwMU9rjF4,va6YPD4MCOw,1
rwmwMU9rjF4,omS_4xxVqFA,1
rwmwMU9rjF4,rkufM433cRU,1
fHUaZRq60wk,YJ1gjsK98nI,1
fHUaZRq60wk,6v4MLowB8s4,1
fHUaZRq60wk,T6W5_CSk044,1
WZWkl_uo-ok,4jHg90HxjEk,1
WZWkl_uo-ok,G_vvuvjiFiQ,1
WZWkl_uo-ok,LmBfNr-Yc6M,1
QO4ghAdrEJI,b5G71XWQ72Q,1
QO4ghAdrEJI,eerjv4TSZXc,1
QO4ghAdrEJI,Zxkprwg6gzk,1
nps_93OB7sQ,r-oWs8Qe-1A,1
nps_93OB7sQ,AeSK9AOnmXA,1
nps_93OB7sQ,uoqdcj3riDQ,1
5ctdZNamfCw,XYZ8d9uSpfs,1
5ctdZNamfCw,rkOBO4YcRKU,1
5ctdZNamfCw,4AL1wCHrEpI,1
eFzLSMYGaMM,__JFeoChvu8,1
eFzLSMYGaMM,xD60ScJFLd4,1
eFzLSMYGaMM,tJ9XeZU6miE,2
eFzLSMYGaMM,1F9rc3sGG7Q,1
eFzLSMYGaMM,CgLMIbf2YRU,1
8ONQrY2IaV0,-BqoTQv1PFA,1
8ONQrY2IaV0,S0nlw4c5nf8,1
8ONQrY2IaV0,9z5CwqNwkKE,1
xF7z6OiGgVc,znbx2vZCM14,2
xF7z6OiGgVc,G4sbfz-iXJI,1
xF7z6OiGgVc,fM3MrPi39co,1
xF7z6OiGgVc,34UMaMS7YKk,1
xF7z6OiGgVc,QJRPileFrR0,1
qbSjk6oGg9s,9e3KJnHBboE,4
qbSjk6oGg9s,6yq1sO8hTQ0,1
qbSjk6oGg9s,DbgGFxYcmZ0,1
qbSjk6oGg9s,C6Vz5ENORiw,2
qbSjk6oGg9s,FQIDff1G1JQ,1
qbSjk6oGg9s,8uoro9PoOyM,1
affeO0xNRDE,jeg_L_C_Xfs,1
affeO0xNRDE,YxOtCHy8lq4,1
affeO0xNRDE,3c0YzItlJ5Q,1
YtQTxjIsNY8,qbSjk6oGg9s,1
YtQTxjIsNY8,vUO3a1XSNCU,1
YtQTxjIsNY8,Gk8Gp7aQyYs,1
3rJmmzPXJvo,dHlc6fiiXwA,1
3rJmmzPXJvo,6yq1sO8hTQ0,1
3rJmmzPXJvo,C6Vz5ENORiw,1
IVRJbaQieUs,2v2vACoZOGU,1
IVRJbaQieUs,Bow3nFiB3j4,1
IVRJbaQieUs,G5rQvdCvCSY,1
LNATna_u3gE,bAfhaCo4oqE,1
LNATna_u3gE,pVGIleY1-0E,1
LNATna_u3gE,ckB3PxUrV5A,1
N9uEph5Hf9E,XMXr6C1LdUo,1
N9uEph5Hf9E,NNnbZEpGw8E,1
N9uEph5Hf9E,io0TUgPGbqM,1
4SgIH4tTtRo,-TlDvH1EjgE,1
4SgIH4tTtRo,LyGcnGn7mRk,1
uwbI15Ucl8s,b2m4sXJtu3I,1
uwbI15Ucl8s,IpKZ8Oy_0z8,1
uwbI15Ucl8s,-Ythtg8ZVbY,1
OWDcxxLTjS4,c9h9Qc3Y6gQ,1
OWDcxxLTjS4,S0nlw4c5nf8,1
OWDcxxLTjS4,fdVn6MiUuPw,1
OWDcxxLTjS4,-MhJd1-83dM,2
OWDcxxLTjS4,hj4yD4F6gYg,1
OWDcxxLTjS4,fqzVvmOqTns,1
OWDcxxLTjS4,va6YPD4MCOw,1
OWDcxxLTjS4,qGIjymfDy7c,1
OWDcxxLTjS4,omS_4xxVqFA,1
OWDcxxLTjS4,DRxvq0R6S5w,1
OWDcxxLTjS4,Eh9vApMZnbk,1
OWDcxxLTjS4,AXWnzIRgvFk,1
Rv9BvfIExog,VIcMAsQglDU,1
Rv9BvfIExog,TuOHd6eUbGY,1
Rv9BvfIExog,Hw7064YkIo4,1
tBy7kXqtsSg,xA04srNz16g,1
tBy7kXqtsSg,_aSboJpeWZM,1
tBy7kXqtsSg,Y2U2D8KBFes,1
f2h3zhGyXtw,oapBu02mpu0,1
f2h3zhGyXtw,-BqoTQv1PFA,1
f2h3zhGyXtw,FDWHHWhoelQ,1
VDVXno86wIQ,mPdqbA19n90,1
VDVXno86wIQ,-nHuK75NV0Q,1
VDVXno86wIQ,rx4z4wfr36s,1
3-uD_VRlWEw,AXWnzIRgvFk,2
3-uD_VRlWEw,9z5CwqNwkKE,2
3-uD_VRlWEw,2Aa3c20eFGw,1
3-uD_VRlWEw,0Ges2WFOnZ4,1
8hWFeGS2xiE,Qn2anexHPiI,1
8hWFeGS2xiE,QO4ghAdrEJI,2
8hWFeGS2xiE,9tldFKMymZE,1
8hWFeGS2xiE,ZzTxstr4_VY,2
8hWFeGS2xiE,T3oz0XtQXng,1
8hWFeGS2xiE,zSbgRvgrTk8,1
8hWFeGS2xiE,GnZItKGqz5w,1
8hWFeGS2xiE,k-ERUYN6AOo,1
8hWFeGS2xiE,UOhp1qmBITA,1
8hWFeGS2xiE,rHWm3J1sy8M,1
dHlc6fiiXwA,6yq1sO8hTQ0,2
dHlc6fiiXwA,qbSjk6oGg9s,3
dHlc6fiiXwA,9e3KJnHBboE,2
dHlc6fiiXwA,xiwrpXTURY4,1
dHlc6fiiXwA,C6Vz5ENORiw,2
dHlc6fiiXwA,DWPia79SoPg,1
Wo7uWWqjsJA,uZ3THND3e7U,1
Wo7uWWqjsJA,K8JXjgLoFR8,2
Wo7uWWqjsJA,dkQ-UFrNRds,1
Wo7uWWqjsJA,ylqVudWf3fQ,1
Wo7uWWqjsJA,jAuB3V7aIyQ,1
rwiKFho6qYc,zMJowIB7c_A,1
rwiKFho6qYc,0nDGTyvuYQE,1
rwiKFho6qYc,4_ACpcZbB04,1
717asdaFuXI,vAf4MYlkbK0,1
717asdaFuXI,kMu5lgecPU0,1
717asdaFuXI,BD3mwxkcVC4,1
9z5CwqNwkKE,pJtYFuFk21Y,1
9z5CwqNwkKE,Qv_sB1uzEUc,1
9z5CwqNwkKE,M00LQGPAYsg,1
9z5CwqNwkKE,f2h3zhGyXtw,1
9z5CwqNwkKE,-MhJd1-83dM,1
9z5CwqNwkKE,aoiplzDL3tM,1
9z5CwqNwkKE,lZ0aRpuOaBQ,1
9z5CwqNwkKE,qbSjk6oGg9s,1
9z5CwqNwkKE,tOJbuKyAqOw,1
5lYdglXzxI0,fYnhgSL6Qsg,1
5lYdglXzxI0,IjzsPGykKoE,1
5lYdglXzxI0,2n7emAUMPh4,1
J0SD9-_zLVM,b5G71XWQ72Q,3
J0SD9-_zLVM,XyQAQeHZwAs,1
J0SD9-_zLVM,hTaGHblq3cQ,2
J0SD9-_zLVM,bYJPswt6S8g,3
J0SD9-_zLVM,ZzTxstr4_VY,3
J0SD9-_zLVM,Qn2anexHPiI,1
J0SD9-_zLVM,rHWm3J1sy8M,1
J0SD9-_zLVM,SCk7pm8zV4k,1
J0SD9-_zLVM,-MhJd1-83dM,2
J0SD9-_zLVM,sUswafU2CaM,1
ASpoFYqsI6o,8hWFeGS2xiE,1
ASpoFYqsI6o,Qn2anexHPiI,1
ASpoFYqsI6o,ZFTMsxKUaUk,1
fM3MrPi39co,J_TOraZyEwE,1
fM3MrPi39co,nlOFGRfNNoY,1
fM3MrPi39co,cVa82Rky3Z8,1
du6uhO4sUC0,fDN9FVrlU24,1
du6uhO4sUC0,-bA1rbzXqrk,1
du6uhO4sUC0,vmfDlWWsgls,1
VPfjbgyPbVA,DLNiAA01HHU,1
VPfjbgyPbVA,8JtHlKyM0QY,1
VPfjbgyPbVA,PQ8LW0dmGBU,1
Zxkprwg6gzk,ceebeY_9XEw,1
Zxkprwg6gzk,hTaGHblq3cQ,2
Zxkprwg6gzk,QkhelExlewk,1
Zxkprwg6gzk,du6uhO4sUC0,1
Zxkprwg6gzk,znbx2vZCM14,1
Zxkprwg6gzk,SuCwCV0MOmc,1
Zxkprwg6gzk,P19UieRRv60,2
Zxkprwg6gzk,bYJPswt6S8g,1
Zxkprwg6gzk,K8JXjgLoFR8,1
Zxkprwg6gzk,k-ERUYN6AOo,1
E7xqJ89wy6w,69qUeLtzhOA,1
E7xqJ89wy6w,53gEN4M1IqI,1
E7xqJ89wy6w,gDIuFyJclk4,1
VAjNyn7Rp38,d_VlJaX2-rU,1
VAjNyn7Rp38,nIGw9QmqYJA,1
VAjNyn7Rp38,7l76iD-g1Ec,2
VAjNyn7Rp38,9vti73XEGsw,1
VAjNyn7Rp38,TJ3M-2z_FVo,2
VAjNyn7Rp38,ZQGFr_AMG9A,1
VAjNyn7Rp38,-nHuK75NV0Q,1
SwWoX0rWL3o,VYtyuxiZMs4,1
SwWoX0rWL3o,DdN55KJV7Ss,1
SwWoX0rWL3o,3zd0qauWzzg,1
5GMe-CnUeAM,perE99F7rg4,1
5GMe-CnUeAM,ZQGFr_AMG9A,1
5GMe-CnUeAM,XbTJPUlmygo,1
Q0UB6xuwv_8,tfLpU60p0Qk,1
Q0UB6xuwv_8,Vw9KbBKgJHE,1
Q0UB6xuwv_8,__JFeoChvu8,1
uS7QDK3x1SM,69qUeLtzhOA,1
uS7QDK3x1SM,3sVpPXKNY2g,1
uS7QDK3x1SM,-MhJd1-83dM,1
34UMaMS7YKk,fGaDeWxlQ70,1
34UMaMS7YKk,6vNVTqdWI18,1
34UMaMS7YKk,QkhelExlewk,1
KA593SeJRBg,FtrcN3fk4LY,1
KA593SeJRBg,rHeNWBqvzss,1
KA593SeJRBg,xtCZbUutrSU,1
KA593SeJRBg,ZQGFr_AMG9A,1
KA593SeJRBg,RQ1dEISgcJc,1
KA593SeJRBg,FT67Hq66TLI,1
NuE-2yHiCm0,XSewSzvWU_g,1
NuE-2yHiCm0,gJnH_4pJkUk,1
NuE-2yHiCm0,8D3riv3RhRc,1
NuE-2yHiCm0,an3G7F6k6GU,1
NuE-2yHiCm0,wqIhyCmThiw,1
Rdqeld9w3xk,MlsZ3UkDPoc,1
Rdqeld9w3xk,EQVhYDJo9zE,1
Rdqeld9w3xk,-MhJd1-83dM,1
fdVn6MiUuPw,c9h9Qc3Y6gQ,1
fdVn6MiUuPw,_MJYQFegElM,1
fdVn6MiUuPw,uZmQoewppl0,1
ZQGFr_AMG9A,eerjv4TSZXc,1
ZQGFr_AMG9A,-MhJd1-83dM,4
ZQGFr_AMG9A,fDN9FVrlU24,2
ZQGFr_AMG9A,K8JXjgLoFR8,2
ZQGFr_AMG9A,Qn2anexHPiI,1
ZQGFr_AMG9A,MlsZ3UkDPoc,1
ZQGFr_AMG9A,OWDcxxLTjS4,1
ZQGFr_AMG9A,VAjNyn7Rp38,1
ZQGFr_AMG9A,wK8J17Xpf4E,1
bRsteMGtCOQ,lZ0aRpuOaBQ,1
bRsteMGtCOQ,Kyl34a29t9M,1
bRsteMGtCOQ,ArpDGoJXotg,1
eaMbERZabyo,FyLPJ5JWZYk,1
eaMbERZabyo,6s5oGhrUCA8,1
cZrdbVkPwYk,3WRtb0wRy7w,1
cZrdbVkPwYk,lavBsWdkZNM,1
cZrdbVkPwYk,0gNvxGEHKU8,1
cZrdbVkPwYk,yK-Uz-bJwv0,1
cZrdbVkPwYk,T3oz0XtQXng,1
cZrdbVkPwYk,0yNFOdeCCd8,1
z270ur12uzk,IVRJbaQieUs,1
z270ur12uzk,sDSho9IK7n4,1
z270ur12uzk,N9uEph5Hf9E,1
zCPun-uqPwI,CIi4HNaFt3s,1
zCPun-uqPwI,P6_foJSkroo,1
zCPun-uqPwI,ob717b-oDQA,1
hpIjj_Gtdfw,ywQH5pbFbsU,1
hpIjj_Gtdfw,zoSK8jUIEYQ,1
hpIjj_Gtdfw,71G09VLDFwE,1
7l76iD-g1Ec,9vti73XEGsw,1
7l76iD-g1Ec,OAhylgz1uOA,1
7l76iD-g1Ec,u_RMuVKUy3E,1
7l76iD-g1Ec,WNbEaWzydyM,1
7l76iD-g1Ec,B8v7x8ctFRs,1
7l76iD-g1Ec,CgLMIbf2YRU,1
QDNfBg1aLXY,zoSK8jUIEYQ,1
QDNfBg1aLXY,GxS8hqMI7r0,1
QDNfBg1aLXY,bg1vcs2Nvfs,1
bJ49_PmVxL8,ASpoFYqsI6o,1
bJ49_PmVxL8,y6sKksh8zlQ,1
bJ49_PmVxL8,OWDcxxLTjS4,1
tm-k8zedByQ,ZN7q59HFK1g,2
tm-k8zedByQ,WVE6DGsBsHk,1
tm-k8zedByQ,69qUeLtzhOA,1
tm-k8zedByQ,VEkj9FgjlW8,1
va6YPD4MCOw,hTaGHblq3cQ,1
va6YPD4MCOw,ji-7r4v5Bzs,1
va6YPD4MCOw,0Ges2WFOnZ4,1
va6YPD4MCOw,6yq1sO8hTQ0,1
va6YPD4MCOw,OnSxpbQ4fqE,1
va6YPD4MCOw,VAjNyn7Rp38,1
tEcOoRdnRFA,bQaoiqLgovw,1
tEcOoRdnRFA,n0B536JAzvg,1
tEcOoRdnRFA,b2m4sXJtu3I,1
-bA1rbzXqrk,tJ9XeZU6miE,1
-bA1rbzXqrk,k-ERUYN6AOo,1
-bA1rbzXqrk,B_a_P-lY6lo,1
znbx2vZCM14,ceebeY_9XEw,1
znbx2vZCM14,QkhelExlewk,2
znbx2vZCM14,6vNVTqdWI18,1
znbx2vZCM14,NCq5i9y7w1s,1
znbx2vZCM14,34UMaMS7YKk,1
znbx2vZCM14,k7q6qTTjvDs,3
znbx2vZCM14,xUqXYmoYMqc,1
znbx2vZCM14,fGaDeWxlQ70,2
4ULIWtBbkHc,1VWbqAYWlmE,1
4ULIWtBbkHc,C-IiiFvfdVo,1
4ULIWtBbkHc,BUX828HFq8Y,1
DWPia79SoPg,6yq1sO8hTQ0,3
DWPia79SoPg,9e3KJnHBboE,1
DWPia79SoPg,gPsw0afmCfs,1
DWPia79SoPg,qbSjk6oGg9s,1
DWPia79SoPg,fUznAo3ccbs,1
DWPia79SoPg,C6Vz5ENORiw,1
DWPia79SoPg,2ZEYAOdDPNA,1
Eh9vApMZnbk,S0nlw4c5nf8,1
Eh9vApMZnbk,rkufM433cRU,2
Eh9vApMZnbk,f0QSDa2FGpI,1
Eh9vApMZnbk,OWDcxxLTjS4,1
Eh9vApMZnbk,kM464Vr4atw,1
o3JeZVOZB8k,CRFkMqRXjLs,2
o3JeZVOZB8k,d_VlJaX2-rU,2
o3JeZVOZB8k,9e3KJnHBboE,1
o3JeZVOZB8k,0TEaQbKP7PQ,1
9gwlt02akQc,S0nlw4c5nf8,1
9gwlt02akQc,3PDU7ToLA4o,1
9gwlt02akQc,sHbjUjwn7cg,1
xGqEQKgO27o,JAdkw1AaeLM,1
xGqEQKgO27o,bQCZVkLjCFc,1
xGqEQKgO27o,nKhnCGUK1gc,1
lavBsWdkZNM,S0nlw4c5nf8,1
lavBsWdkZNM,sy6n-OgR6YM,1
lavBsWdkZNM,haLs3E2jVZI,1
W0xBjNPwAbY,vSKrLR34dOM,1
W0xBjNPwAbY,tlY7sL8qP8U,1
W0xBjNPwAbY,ZRyw8jbyoHQ,1
6Y5qtbLY8EQ,9e3KJnHBboE,1
6Y5qtbLY8EQ,dHlc6fiiXwA,1
6Y5qtbLY8EQ,gvcpfiEr3mo,1
Y7riNnh-2ns,vmfDlWWsgls,1
Y7riNnh-2ns,B8v7x8ctFRs,2
Y7riNnh-2ns,eFzLSMYGaMM,1
Y7riNnh-2ns,tJ9XeZU6miE,1
Y7riNnh-2ns,DPGz1bVqEqk,1
Y7riNnh-2ns,HKdZ482LnNU,1
5regbpRJm5I,9CmJtii32Ig,1
5regbpRJm5I,2oKfABJfO5I,1
5regbpRJm5I,ZQGFr_AMG9A,1
ZhinGpju69I,o3JeZVOZB8k,1
ZhinGpju69I,2ljkDAEWEGU,1
ZhinGpju69I,G_vvuvjiFiQ,1
PCpdfZl4aXg,T-4EbZsFFiU,1
PCpdfZl4aXg,__JFeoChvu8,1
PCpdfZl4aXg,Zxkprwg6gzk,1
_yd0v9fcBik,MWMnTOWh-pw,1
_yd0v9fcBik,Go8753iMBIQ,1
_yd0v9fcBik,8avNI5Tgzfs,1
d-BfEoBPenw,q4syeLydTUg,1
d-BfEoBPenw,ywQH5pbFbsU,1
d-BfEoBPenw,ayMkqWr4MA8,1
SCk7pm8zV4k,kknVfOJZ1w0,1
SCk7pm8zV4k,rx0cTkSItpQ,2
SCk7pm8zV4k,V5YyYpbqpaI,1
SCk7pm8zV4k,r_IGlUNKSRo,1
SCk7pm8zV4k,08VKy8FTmDk,1
SCk7pm8zV4k,fDN9FVrlU24,1
V2B9jyZTp4w,NUuL5-RH-4c,1
V2B9jyZTp4w,YUTfJRNDOA8,1
V2B9jyZTp4w,fHUaZRq60wk,1
V2B9jyZTp4w,Y434mL2B1Zg,1
V2B9jyZTp4w,UGi5uGfpV2M,1
V2B9jyZTp4w,5NsNBMdZhq4,1
z6ewpcDZEh8,SuCwCV0MOmc,1
z6ewpcDZEh8,25FFTi9lcZo,1
z6ewpcDZEh8,uS7QDK3x1SM,1
fDN9FVrlU24,x8yNSCtviKA,2
fDN9FVrlU24,eerjv4TSZXc,1
fDN9FVrlU24,rx0cTkSItpQ,2
fDN9FVrlU24,0ANvDMKS56A,1
fDN9FVrlU24,gAS_yrzWbH0,2
fDN9FVrlU24,V5YyYpbqpaI,1
fDN9FVrlU24,-lhHNMFamco,1
fDN9FVrlU24,us5_cfhOsYs,1
fDN9FVrlU24,r_IGlUNKSRo,1
yK-Uz-bJwv0,3WRtb0wRy7w,1
yK-Uz-bJwv0,V9IrE3AEnPA,3
yK-Uz-bJwv0,9z5CwqNwkKE,2
yK-Uz-bJwv0,z7iAtjkxYiE,1
yK-Uz-bJwv0,S0nlw4c5nf8,1
yK-Uz-bJwv0,sy6n-OgR6YM,1
gkvr4GeInmY,6Tu2dIFP6dI,1
gkvr4GeInmY,-Oo4rTrdFHg,1
gkvr4GeInmY,LuuzT9eTQR0,1
VoIA_0Ktk7o,qLFXX5yYClk,1
VoIA_0Ktk7o,0UXkjsXcsnM,1
VoIA_0Ktk7o,dg1XfTsjo9k,1
9CmJtii32Ig,XbTJPUlmygo,1
9CmJtii32Ig,o3JeZVOZB8k,1
9CmJtii32Ig,YDgQJFiIaj4,1
b5G71XWQ72Q,Zxkprwg6gzk,1
b5G71XWQ72Q,5cUjgTRBOUc,1
b5G71XWQ72Q,z6ewpcDZEh8,2
b5G71XWQ72Q,tNiuZHsXDas,2
b5G71XWQ72Q,__JFeoChvu8,3
b5G71XWQ72Q,srnI_fxmQa0,2
b5G71XWQ72Q,T-4EbZsFFiU,1
b5G71XWQ72Q,SuCwCV0MOmc,1
b5G71XWQ72Q,V9IrE3AEnPA,1
b5G71XWQ72Q,fYnhgSL6Qsg,1
b5G71XWQ72Q,8SXYw7heiSU,1
b5G71XWQ72Q,dHlc6fiiXwA,1
b5G71XWQ72Q,-rmkpsiFQ-Q,1
b5G71XWQ72Q,C6Vz5ENORiw,1
b5G71XWQ72Q,-MhJd1-83dM,1
b5G71XWQ72Q,tLsmuHk1QTU,1
b5G71XWQ72Q,PCpdfZl4aXg,1
b5G71XWQ72Q,setn9NsNXBw,1
K8JXjgLoFR8,fYnhgSL6Qsg,1
K8JXjgLoFR8,ZWlFqWoD_3c,1
K8JXjgLoFR8,nIGw9QmqYJA,1
K8JXjgLoFR8,Wo7uWWqjsJA,1
K8JXjgLoFR8,L7B7csYZUuU,2
K8JXjgLoFR8,m4_fPCT0Vd4,1
K8JXjgLoFR8,SCk7pm8zV4k,1
K8JXjgLoFR8,0fyqEYQQW2U,1
K8JXjgLoFR8,97e8iw2-lsM,1
K8JXjgLoFR8,ujEc4uqut9Y,1
K8JXjgLoFR8,Sy6WcDFRFTo,1
9vti73XEGsw,ZE4PoABHYGY,1
9vti73XEGsw,zfuIzcEuS_c,1
9vti73XEGsw,7l76iD-g1Ec,1
QARvYRrpi-k,DRxvq0R6S5w,1
QARvYRrpi-k,zSbgRvgrTk8,1
QARvYRrpi-k,TJ3M-2z_FVo,1
VIcMAsQglDU,ZQGFr_AMG9A,1
VIcMAsQglDU,sXGmIhK2cbo,1
VIcMAsQglDU,hygYpWsVMKA,1
RlKiYeERt34,GpD8xR8TC14,1
RlKiYeERt34,UkHoBZpFdw4,1
RlKiYeERt34,E1-8x1mSZ3Y,1
RlKiYeERt34,RcJStNqXpWI,1
RlKiYeERt34,gE09bnGT7fU,1
RlKiYeERt34,4SgIH4tTtRo,1
mvf829N9vTk,008fbUYJ4Vw,1
mvf829N9vTk,Hw7064YkIo4,1
mvf829N9vTk,y33fKsliaGM,1
mvf829N9vTk,7-RSC37SRz4,1
mvf829N9vTk,G8buQemtPrw,1
mvf829N9vTk,BxGB5fXlqzg,1
mvf829N9vTk,rHWm3J1sy8M,1
mvf829N9vTk,FTw5rbRHN-M,1
mvf829N9vTk,UkD0rjXOqFc,1
QkhelExlewk,kvbzxLNjNyg,1
QkhelExlewk,mPdqbA19n90,1
zoSK8jUIEYQ,QDNfBg1aLXY,2
zoSK8jUIEYQ,gkvr4GeInmY,1
zoSK8jUIEYQ,hpIjj_Gtdfw,1
zoSK8jUIEYQ,m-sJCfQHCr0,1
zoSK8jUIEYQ,GxS8hqMI7r0,1
gE09bnGT7fU,Eh9vApMZnbk,1
gE09bnGT7fU,fNZK85xoqKo,1
gE09bnGT7fU,zobYg58c1RU,1
G4sbfz-iXJI,2n7emAUMPh4,1
G4sbfz-iXJI,6Sm0MJiY-08,1
G4sbfz-iXJI,IVS0DTcyqXM,1
vyvu1nWjOlI,YUTfJRNDOA8,1
vyvu1nWjOlI,fDkKDayk8YQ,1
-ica9Wn7470,6yq1sO8hTQ0,1
-ica9Wn7470,NuE-2yHiCm0,1
59zz-7q4jfs,uzelLK2KcDA,1
59zz-7q4jfs,YClDmcc6OwU,1
59zz-7q4jfs,HwFkU6q41NA,1
ji-7r4v5Bzs,__JFeoChvu8,1
ji-7r4v5Bzs,SCk7pm8zV4k,1
ji-7r4v5Bzs,VAjNyn7Rp38,1
ji-7r4v5Bzs,dHlc6fiiXwA,1
ji-7r4v5Bzs,setn9NsNXBw,1
ji-7r4v5Bzs,9e3KJnHBboE,2
ji-7r4v5Bzs,J0SD9-_zLVM,1
ji-7r4v5Bzs,m4_fPCT0Vd4,1
ZzTxstr4_VY,jDu-cGFbFrA,1
ZzTxstr4_VY,FTw5rbRHN-M,1
ZzTxstr4_VY,P19UieRRv60,1
fGaDeWxlQ70,534UEsaHCJU,1
fGaDeWxlQ70,34UMaMS7YKk,1
fGaDeWxlQ70,C4AtvmYX3sI,1
69qUeLtzhOA,RlKiYeERt34,1
69qUeLtzhOA,-MhJd1-83dM,1
69qUeLtzhOA,dO3G2sOEkzE,1
omS_4xxVqFA,SBK4SCnQPyc,1
omS_4xxVqFA,Vz0QWweKVPs,1
omS_4xxVqFA,tNBm4DRTDLQ,1
omS_4xxVqFA,NnWEUlagOnQ,1
omS_4xxVqFA,mVoWq-TEd8I,1
omS_4xxVqFA,-MhJd1-83dM,1
4jHg90HxjEk,ylqVudWf3fQ,1
4jHg90HxjEk,71G09VLDFwE,1
4jHg90HxjEk,LmBfNr-Yc6M,1
DRxvq0R6S5w,8ONQrY2IaV0,1
DRxvq0R6S5w,3i4y3RPPUHo,1
DRxvq0R6S5w,3WRtb0wRy7w,2
DRxvq0R6S5w,ZFTMsxKUaUk,1
DRxvq0R6S5w,wfFcHx2sNY4,1
DRxvq0R6S5w,9z5CwqNwkKE,1
DRxvq0R6S5w,XZJSMPz95KI,1
jQ1l5zenaKY,Ygn1y2TlwAY,1
jQ1l5zenaKY,3G2_ruG44M4,1
jQ1l5zenaKY,zrdloYrCRYg,1
NCq5i9y7w1s,XaDKixkxddk,1
NCq5i9y7w1s,VDVXno86wIQ,1
NCq5i9y7w1s,znbx2vZCM14,1
DAZULbF94oY,tc0uqzXJSAc,1
DAZULbF94oY,0CICGiWflJw,2
DAZULbF94oY,Ganh698DaQc,1
DAZULbF94oY,-MhJd1-83dM,1
DAZULbF94oY,JNPgBL_NzAc,1
PQ8LW0dmGBU,68qAu3qQvyA,1
PQ8LW0dmGBU,_aSboJpeWZM,1
PQ8LW0dmGBU,jQ1l5zenaKY,1
-Ythtg8ZVbY,ZGwwd79sEH8,2
-Ythtg8ZVbY,Xu5FnusJD1Y,2
-Ythtg8ZVbY,V2B9jyZTp4w,2
-Ythtg8ZVbY,hqrlVeP6puQ,1
-Ythtg8ZVbY,Rar0LC0n6yI,1
-Ythtg8ZVbY,JKDtLc9Mzjc,1
URKyJURoSFE,cCvj_zIyegA,1
URKyJURoSFE,3PDU7ToLA4o,1
URKyJURoSFE,HkwJav2l_4U,1
fOnXDVSbmdM,lt3TkSI9EaE,1
fOnXDVSbmdM,G8buQemtPrw,1
fOnXDVSbmdM,rwmwMU9rjF4,1
NIiO8LUzRPY,zxxwvalOiVw,1
NIiO8LUzRPY,DPGz1bVqEqk,1
NIiO8LUzRPY,hBATTT9YeVI,1
tfLpU60p0Qk,3i4y3RPPUHo,1
tfLpU60p0Qk,IjzsPGykKoE,1
tfLpU60p0Qk,J0SD9-_zLVM,2
tfLpU60p0Qk,uS7QDK3x1SM,1
tfLpU60p0Qk,znbx2vZCM14,1
tfLpU60p0Qk,Q0UB6xuwv_8,1
tfLpU60p0Qk,kzcHEt_Z6cg,1
tfLpU60p0Qk,-MhJd1-83dM,1
IpKZ8Oy_0z8,uwbI15Ucl8s,1
IpKZ8Oy_0z8,temDNa6amIk,1
IpKZ8Oy_0z8,0btfnGL6yuk,1
-rmkpsiFQ-Q,XZJSMPz95KI,1
-rmkpsiFQ-Q,y33fKsliaGM,1
-rmkpsiFQ-Q,J0SD9-_zLVM,1
Xu5FnusJD1Y,0h19anH4MdE,1
Xu5FnusJD1Y,xn7C6jgl0RI,1
Xu5FnusJD1Y,vyvu1nWjOlI,1
9GpV-gFYkeM,6lF3XJ94sZA,1
9GpV-gFYkeM,pJTS4FI5Y7Q,1
9GpV-gFYkeM,mvLwfE-EfWc,1
eCyF7kJ3P1U,k7ZmpNuvW0Y,1
eCyF7kJ3P1U,Hg_iEB48TIY,1
o5fdhfVrg1I,SaWu4eK71Pc,2
o5fdhfVrg1I,eaMbERZabyo,1
o5fdhfVrg1I,FyLPJ5JWZYk,2
o5fdhfVrg1I,FmZofANQu74,1
JKDtLc9Mzjc,zoSK8jUIEYQ,1
JKDtLc9Mzjc,CEcRymLFxEM,1
JKDtLc9Mzjc,mWDgA2lwEK4,1
ZGwwd79sEH8,tEcOoRdnRFA,1
ZGwwd79sEH8,irHqpj8i7t0,1
ZGwwd79sEH8,CBfumXGoBpI,1
ZGwwd79sEH8,8uCLXSYBzT8,1
ZGwwd79sEH8,QHGHnLVUERg,1
ZGwwd79sEH8,MyW9FZskhko,1
xAqWuSKO5G4,z4X8wO1_mJM,1
xAqWuSKO5G4,du6uhO4sUC0,1
xAqWuSKO5G4,-nHuK75NV0Q,1
xAqWuSKO5G4,-wyEt_pJQVM,1
xAqWuSKO5G4,P19UieRRv60,1
xAqWuSKO5G4,34UMaMS7YKk,1
wlf_VaLoln4,-MhJd1-83dM,1
wlf_VaLoln4,vyhP1wEV4nY,1
wlf_VaLoln4,tCraywz7OYw,1
gBWNd0TMjZg,WXScnwaPgis,2
gBWNd0TMjZg,KN6oCzGz-TI,1
gBWNd0TMjZg,ZQGFr_AMG9A,1
gBWNd0TMjZg,ulZ9gd0BaVU,1
gBWNd0TMjZg,2THMsVjq5gY,1
mA4HSIgkJ-k,P0cevO7hcWQ,1
mA4HSIgkJ-k,YWUbBIi-VA8,1
mA4HSIgkJ-k,AiYZkRxLB4w,1
s4UB3vQvu3A,5lYdglXzxI0,1
s4UB3vQvu3A,VoquPShRyYs,1
s4UB3vQvu3A,-MhJd1-83dM,1
sUswafU2CaM,lavBsWdkZNM,1
sUswafU2CaM,J0SD9-_zLVM,3
sUswafU2CaM,-MhJd1-83dM,1
sUswafU2CaM,fqzVvmOqTns,1
sUswafU2CaM,rHWm3J1sy8M,2
sUswafU2CaM,4V3QHbXq2BM,1
sUswafU2CaM,nzLDDjocupI,1
sUswafU2CaM,b5G71XWQ72Q,1
sUswafU2CaM,zSbgRvgrTk8,1
sUswafU2CaM,K8JXjgLoFR8,1
sUswafU2CaM,fDN9FVrlU24,1
sUswafU2CaM,EgVGNw6F7eY,1
_YrTlBoHQ3o,O2w58wz2PJI,1
_YrTlBoHQ3o,PqGUJ5sMHmY,1
_YrTlBoHQ3o,rDmKjPqcjjI,1
SaWu4eK71Pc,f70ukNeoOUA,1
SaWu4eK71Pc,njlGLMYopLo,1
SaWu4eK71Pc,TTymQEuD--w,1
kvbzxLNjNyg,DPGz1bVqEqk,1
kvbzxLNjNyg,k7q6qTTjvDs,1
kvbzxLNjNyg,4wyDF80hMFM,1
kvbzxLNjNyg,eFzLSMYGaMM,1
kvbzxLNjNyg,MlsZ3UkDPoc,2
kvbzxLNjNyg,KA593SeJRBg,1
kvbzxLNjNyg,xhc_k0CbTyc,1
kvbzxLNjNyg,QO4ghAdrEJI,1
2oKfABJfO5I,5regbpRJm5I,1
2oKfABJfO5I,NIiO8LUzRPY,1
2oKfABJfO5I,zxxwvalOiVw,1
eerjv4TSZXc,r_IGlUNKSRo,1
eerjv4TSZXc,9GpV-gFYkeM,1
eerjv4TSZXc,WogwtcRA5bc,1
xJjBhpeNwss,ZQGFr_AMG9A,1
xJjBhpeNwss,tJ9XeZU6miE,1
0m-6U4y1YWQ,Px-S5QetTV4,1
0m-6U4y1YWQ,6G83GSFF14w,1
0m-6U4y1YWQ,hDWr8qGnuFg,1
FGNQ6Kq8zjk,52C5dY7RQaE,1
FGNQ6Kq8zjk,mA4HSIgkJ-k,1
FGNQ6Kq8zjk,Ov8S_lrT-zU,1
VObQMqpT_KY,GzzXdHYTGWk,1
VObQMqpT_KY,z7iAtjkxYiE,1
VObQMqpT_KY,JSn7inP2aL0,1
Jo5xou1D8uY,UEjHDTufVbk,1
Jo5xou1D8uY,9w9PiAkmeG4,1
Jo5xou1D8uY,c1XKoVnYvpc,1
8SXYw7heiSU,K17jSnXYEic,1
8SXYw7heiSU,-MhJd1-83dM,1
8SXYw7heiSU,JQZ0JiyjdQI,1
-lhHNMFamco,9wXSngqWPBQ,1
-lhHNMFamco,_n7IJEQ1jJc,1
-lhHNMFamco,4AjtlpKnHzk,1
Px-S5QetTV4,LJ61tmMYFyk,1
Px-S5QetTV4,pqcQCH6b_zw,1
Px-S5QetTV4,Meb0i5-Qcy0,1
0UXovdj9klI,GbZSbFMNiYk,1
0UXovdj9klI,Bh35W6Irbx8,1
fqzVvmOqTns,4V3QHbXq2BM,1
fqzVvmOqTns,Eh9vApMZnbk,1
fqzVvmOqTns,2a-DmXdZnuU,1
9tldFKMymZE,Eh9vApMZnbk,1
9tldFKMymZE,znbx2vZCM14,1
9tldFKMymZE,QO4ghAdrEJI,1
MWjAMCvKWZc,sFXvAJpoovY,1
MWjAMCvKWZc,ZU8ApQOApVE,1
MWjAMCvKWZc,O4EZBs9afkM,1
y6sKksh8zlQ,xF7z6OiGgVc,2
y6sKksh8zlQ,va6YPD4MCOw,1
y6sKksh8zlQ,xAqWuSKO5G4,1
y6sKksh8zlQ,0OwgIBtvztc,1
y6sKksh8zlQ,Q1y-MV1CJpE,1
DNpnqp2SCBE,69qUeLtzhOA,1
DNpnqp2SCBE,qErFJf93AsY,1
DNpnqp2SCBE,Yk8ZgkG1elg,1
Go8753iMBIQ,zlwskaF8Nrg,1
Go8753iMBIQ,CgLMIbf2YRU,1
Go8753iMBIQ,E4181Y4Qi0w,1
-if4-UIUWoA,ZQGFr_AMG9A,1
-if4-UIUWoA,CgLMIbf2YRU,1
-if4-UIUWoA,wh6c3cEZx0U,1
sPcuQ8UlmMU,4V3QHbXq2BM,1
sPcuQ8UlmMU,x4T6cBtLZDE,1
sPcuQ8UlmMU,2a-DmXdZnuU,1
bYJPswt6S8g,Lgu6-CWGUhs,1
bYJPswt6S8g,J0SD9-_zLVM,1
bYJPswt6S8g,3qH440xVOmI,2
bYJPswt6S8g,EgVGNw6F7eY,2
bYJPswt6S8g,kzcHEt_Z6cg,1
bYJPswt6S8g,VIcMAsQglDU,1
bYJPswt6S8g,TJ3M-2z_FVo,1
bYJPswt6S8g,P19UieRRv60,1
bYJPswt6S8g,wXHnoXvSJKY,1
bYJPswt6S8g,WvqGKBm2pCA,1
bYJPswt6S8g,6AREgmqPdro,1
bYJPswt6S8g,N7rJe2kNUn0,1
bYJPswt6S8g,ZQGFr_AMG9A,1
bYJPswt6S8g,hTaGHblq3cQ,1
bYJPswt6S8g,o5fdhfVrg1I,1
bYJPswt6S8g,sUswafU2CaM,1
bYJPswt6S8g,-MhJd1-83dM,1
bYJPswt6S8g,69qUeLtzhOA,1
RcJStNqXpWI,PQ8LW0dmGBU,2
RcJStNqXpWI,rkufM433cRU,1
RcJStNqXpWI,vAf4MYlkbK0,1
RcJStNqXpWI,T3oz0XtQXng,1
Wf_x4mE0wfc,wLgzuFvT2v8,1
Wf_x4mE0wfc,P-KDVcMBmz0,1
Wf_x4mE0wfc,0cBISWmolYU,1
V9IrE3AEnPA,0gzkKDnjLFg,1
V9IrE3AEnPA,9hxK4U2l1nc,1
V9IrE3AEnPA,Tfp4ZQoYiZs,1
djOmcjOpZ3c,HHVU4Tjm6fw,1
djOmcjOpZ3c,Wo7uWWqjsJA,1
ZFTMsxKUaUk,-MhJd1-83dM,1
ZFTMsxKUaUk,v5q1rerf-qw,1
ZFTMsxKUaUk,g_HYusGF6Uw,1
ZFTMsxKUaUk,KWPdlIhL_P4,2
ZFTMsxKUaUk,THoP9exHFPY,1
ZFTMsxKUaUk,smhLn9bSBIs,1
ZFTMsxKUaUk,717asdaFuXI,1
ZFTMsxKUaUk,RlKiYeERt34,1
ZFTMsxKUaUk,RcJStNqXpWI,1
ZFTMsxKUaUk,8Tfejwk5V74,1
qMtfqi43HdE,k-ERUYN6AOo,1
qMtfqi43HdE,-nHuK75NV0Q,1
qMtfqi43HdE,9CmJtii32Ig,1
8avNI5Tgzfs,9wwjTD6ZGr8,1
8avNI5Tgzfs,gO2ht8ZFu94,1
8avNI5Tgzfs,2THMsVjq5gY,1
XyQAQeHZwAs,rHWm3J1sy8M,1
XyQAQeHZwAs,kvbzxLNjNyg,1
XyQAQeHZwAs,tfLpU60p0Qk,1
XyQAQeHZwAs,P19UieRRv60,1
XyQAQeHZwAs,hTaGHblq3cQ,1
XyQAQeHZwAs,VAjNyn7Rp38,1
Gk8Gp7aQyYs,T8zcHSkCrr8,1
Gk8Gp7aQyYs,6yq1sO8hTQ0,1
Gk8Gp7aQyYs,pNeUVndZoLA,1
_TvPA7aLg5s,ZMoqp_BzDzY,1
_TvPA7aLg5s,CgLMIbf2YRU,1
_TvPA7aLg5s,XbTJPUlmygo,1
GZrKHf8O8zI,h8nsRyEhDJA,1
GZrKHf8O8zI,P7xplD5B518,1
hj4yD4F6gYg,EDYN-p4tZf4,1
hj4yD4F6gYg,bJ49_PmVxL8,1
hj4yD4F6gYg,tZNX-63hmA4,1
-K65gc8u_qQ,HKdZ482LnNU,1
-K65gc8u_qQ,VttArHzRuUY,1
-K65gc8u_qQ,u_RMuVKUy3E,1
uqu-lc-pIMA,0yNFOdeCCd8,1
uqu-lc-pIMA,Qv_sB1uzEUc,1
uqu-lc-pIMA,eCyF7kJ3P1U,1
Bh35W6Irbx8,LNATna_u3gE,1
Bh35W6Irbx8,uqu-lc-pIMA,1
Bh35W6Irbx8,rwmwMU9rjF4,1
MlsZ3UkDPoc,wK8J17Xpf4E,2
MlsZ3UkDPoc,Efk4IoMhSdI,1
MlsZ3UkDPoc,-0GmTWyplOc,1
MlsZ3UkDPoc,_TvPA7aLg5s,1
MlsZ3UkDPoc,-if4-UIUWoA,1
MlsZ3UkDPoc,mJrfyezAJ0Q,1
MlsZ3UkDPoc,ASpoFYqsI6o,1
MlsZ3UkDPoc,QO4ghAdrEJI,1
haLs3E2jVZI,Qn2anexHPiI,1
haLs3E2jVZI,lavBsWdkZNM,1
haLs3E2jVZI,9z5CwqNwkKE,1
71G09VLDFwE,PtF4U2RBLH0,1
71G09VLDFwE,z270ur12uzk,1
71G09VLDFwE,zoSK8jUIEYQ,1
nzLDDjocupI,ANS77oWei9M,1
nzLDDjocupI,fqzVvmOqTns,1
nzLDDjocupI,6AREgmqPdro,1
sDSho9IK7n4,QDNfBg1aLXY,1
sDSho9IK7n4,MUmqINj88d0,1
rHWm3J1sy8M,DRxvq0R6S5w,3
rHWm3J1sy8M,V6qwSNan0SI,1
rHWm3J1sy8M,Zxkprwg6gzk,2
rHWm3J1sy8M,Qn2anexHPiI,1
rHWm3J1sy8M,XyQAQeHZwAs,1
rHWm3J1sy8M,znbx2vZCM14,1
rHWm3J1sy8M,G8buQemtPrw,1
rHWm3J1sy8M,TJ3M-2z_FVo,1
rHWm3J1sy8M,K8JXjgLoFR8,1
9Kq53Shq1js,0FMctig3txg,1
9Kq53Shq1js,6lF3XJ94sZA,1
9Kq53Shq1js,lLjPRvCcsV0,1
zxxwvalOiVw,yGn8oTsvRKA,2
zxxwvalOiVw,k-ERUYN6AOo,1
zxxwvalOiVw,esl_xTZ3LSo,1
zxxwvalOiVw,KA593SeJRBg,1
zxxwvalOiVw,6p0BKtdqxZc,1
zxxwvalOiVw,Ag9P0-xS8Es,1
zxxwvalOiVw,ZYcilH75EVo,1
zxxwvalOiVw,-c1zPFd6SzQ,1
SuCwCV0MOmc,25FFTi9lcZo,1
SuCwCV0MOmc,7FXDMG81-gA,1
SuCwCV0MOmc,G9wh8n_Cjv0,1
4AL1wCHrEpI,kabsFD3X4Gs,1
4AL1wCHrEpI,68qAu3qQvyA,1
4AL1wCHrEpI,9z5CwqNwkKE,1
OahZgkJWncQ,0Pb4Pa7wRHo,1
OahZgkJWncQ,NKGXIEiruX8,1
T-4EbZsFFiU,__JFeoChvu8,1
T-4EbZsFFiU,kM464Vr4atw,2
T-4EbZsFFiU,m_LXMjXLpnw,1
T-4EbZsFFiU,VoquPShRyYs,1
T-4EbZsFFiU,PCpdfZl4aXg,1
6Lfj0vh-lCA,IVRJbaQieUs,1
6Lfj0vh-lCA,XMXr6C1LdUo,1
6Lfj0vh-lCA,16aCKdJq5os,1
uCH6ut-mCiI,wK8J17Xpf4E,1
uCH6ut-mCiI,-BqoTQv1PFA,2
uCH6ut-mCiI,ZN7q59HFK1g,1
uCH6ut-mCiI,5ctdZNamfCw,1
uCH6ut-mCiI,eIgL2ZyvBug,1
wK8J17Xpf4E,QO4ghAdrEJI,1
wK8J17Xpf4E,4VE97yTLP6Y,2
wK8J17Xpf4E,9-NbflV4yLA,1
wK8J17Xpf4E,eerjv4TSZXc,1
wK8J17Xpf4E,MlsZ3UkDPoc,1
6G83GSFF14w,So-nSwfGDuk,1
6G83GSFF14w,HSBuKqR7b5U,1
6G83GSFF14w,BoTwBSXXo_w,1
CBfumXGoBpI,pPMXpc8-rHY,1
CBfumXGoBpI,iszab4qyga0,1
CBfumXGoBpI,A3E3gS9Y_2A,1
4wyDF80hMFM,fYnhgSL6Qsg,1
4wyDF80hMFM,b5G71XWQ72Q,1
4wyDF80hMFM,NIiO8LUzRPY,1
fCkels27_9I,6Lfj0vh-lCA,1
fCkels27_9I,MUmqINj88d0,1
fCkels27_9I,FWBTxjTwX20,1
6yq1sO8hTQ0,9e3KJnHBboE,1
6yq1sO8hTQ0,YtQTxjIsNY8,1
6yq1sO8hTQ0,qbSjk6oGg9s,2
6yq1sO8hTQ0,dHlc6fiiXwA,2
6yq1sO8hTQ0,NuE-2yHiCm0,1
6yq1sO8hTQ0,dZxH139j6os,1
-MhJd1-83dM,cZrdbVkPwYk,6
-MhJd1-83dM,lavBsWdkZNM,2
-MhJd1-83dM,J0SD9-_zLVM,3
-MhJd1-83dM,yK-Uz-bJwv0,4
-MhJd1-83dM,3-uD_VRlWEw,4
-MhJd1-83dM,ZFTMsxKUaUk,2
-MhJd1-83dM,9z5CwqNwkKE,3
-MhJd1-83dM,8hWFeGS2xiE,4
-MhJd1-83dM,bQWZZehXBD8,2
-MhJd1-83dM,rHWm3J1sy8M,2
-MhJd1-83dM,WwitcZgcFOc,1
-MhJd1-83dM,0yNFOdeCCd8,1
-MhJd1-83dM,3i4y3RPPUHo,3
-MhJd1-83dM,3WRtb0wRy7w,1
-MhJd1-83dM,0Ges2WFOnZ4,2
-MhJd1-83dM,SFRXMeqfTbs,1
-MhJd1-83dM,Ji0OwLW5uyY,1
-MhJd1-83dM,S0nlw4c5nf8,1
-MhJd1-83dM,T3oz0XtQXng,1
-MhJd1-83dM,-BqoTQv1PFA,1
-MhJd1-83dM,uCH6ut-mCiI,1
-MhJd1-83dM,4ts8IWcxKRw,3
-MhJd1-83dM,ZQGFr_AMG9A,1
-MhJd1-83dM,lZ0aRpuOaBQ,2
-MhJd1-83dM,uuDZA0qaE7g,1
-MhJd1-83dM,u7FG8_qsxC8,1
-MhJd1-83dM,wK8J17Xpf4E,1
-MhJd1-83dM,Qn2anexHPiI,5
-MhJd1-83dM,FGNQ6Kq8zjk,1
-MhJd1-83dM,K8JXjgLoFR8,1
-MhJd1-83dM,TuOHd6eUbGY,2
-MhJd1-83dM,YUTfJRNDOA8,1
-MhJd1-83dM,setn9NsNXBw,2
4o2kBqNvQf4,WLK6uU4KLx8,1
4o2kBqNvQf4,sN2QzKMLQiw,1
4o2kBqNvQf4,rrLyujiHSXs,1
setn9NsNXBw,BxGB5fXlqzg,1
setn9NsNXBw,QGpNdXxnAy0,2
setn9NsNXBw,T3oz0XtQXng,2
setn9NsNXBw,mvf829N9vTk,1
setn9NsNXBw,igOVKR-p8Cw,3
setn9NsNXBw,Eh9vApMZnbk,1
setn9NsNXBw,TJ3M-2z_FVo,2
setn9NsNXBw,-MhJd1-83dM,1
setn9NsNXBw,WtL6pi-Rcwc,1
setn9NsNXBw,o5fdhfVrg1I,1
sy6n-OgR6YM,yK-Uz-bJwv0,1
sy6n-OgR6YM,3WRtb0wRy7w,1
sy6n-OgR6YM,mu3re1g7miA,1
sy6n-OgR6YM,uqu-lc-pIMA,1
sy6n-OgR6YM,S0nlw4c5nf8,1
T3oz0XtQXng,-MhJd1-83dM,3
T3oz0XtQXng,znbx2vZCM14,1
T3oz0XtQXng,Rv9BvfIExog,1
T3oz0XtQXng,DAZULbF94oY,1
T3oz0XtQXng,3z3kwAFTCw8,1
T3oz0XtQXng,sSvVazyykfM,2
T3oz0XtQXng,gQxxMVEFzlw,1
T3oz0XtQXng,BxGB5fXlqzg,1
T3oz0XtQXng,mPLTljReeTQ,1
HkwJav2l_4U,2B_c6Y6X_II,1
HkwJav2l_4U,Ap_DtJfLS-s,1
HkwJav2l_4U,PQ8LW0dmGBU,1
FyLPJ5JWZYk,Ls2WhmsMGfs,1
FyLPJ5JWZYk,oQXzeJ-zOCU,1
BxGB5fXlqzg,T3oz0XtQXng,2
BxGB5fXlqzg,JNPgBL_NzAc,1
BxGB5fXlqzg,wK8J17Xpf4E,2
BxGB5fXlqzg,uzelLK2KcDA,1
BxGB5fXlqzg,YClDmcc6OwU,1
BxGB5fXlqzg,9j3qhqGtOVc,1
BxGB5fXlqzg,bwvyZ3diNtE,1
BxGB5fXlqzg,setn9NsNXBw,1
BxGB5fXlqzg,DAZULbF94oY,1
38P6C8go_oo,Zk6FdpkrXig,1
38P6C8go_oo,pJwGBccwmwU,1
38P6C8go_oo,lR0BM3oVoxs,1
S0nlw4c5nf8,9z5CwqNwkKE,1
S0nlw4c5nf8,3WRtb0wRy7w,1
S0nlw4c5nf8,lavBsWdkZNM,2
S0nlw4c5nf8,Qv_sB1uzEUc,2
S0nlw4c5nf8,sy6n-OgR6YM,2
S0nlw4c5nf8,MWjAMCvKWZc,2
S0nlw4c5nf8,yK-Uz-bJwv0,2
S0nlw4c5nf8,Qn2anexHPiI,3
S0nlw4c5nf8,ZFTMsxKUaUk,2
S0nlw4c5nf8,wfFcHx2sNY4,1
S0nlw4c5nf8,bQWZZehXBD8,1
S0nlw4c5nf8,AXWnzIRgvFk,2
iT6QxtCEGdU,QNoZxRfCP0k,1
iT6QxtCEGdU,9z5CwqNwkKE,1
iT6QxtCEGdU,4J6H11IKEbg,1
qQKqraJpWy8,69qUeLtzhOA,1
qQKqraJpWy8,OWDcxxLTjS4,1
qQKqraJpWy8,XZJSMPz95KI,1
MWMnTOWh-pw,Q7iQgzFplHw,1
MWMnTOWh-pw,wBosnRbmVlA,1
MWMnTOWh-pw,mai-uxMsWnE,1
tNiuZHsXDas,T-4EbZsFFiU,1
tNiuZHsXDas,rHWm3J1sy8M,1
tNiuZHsXDas,QO4ghAdrEJI,1
tNiuZHsXDas,s4UB3vQvu3A,1
tNiuZHsXDas,b5G71XWQ72Q,1
tNiuZHsXDas,kzcHEt_Z6cg,1
bVwO5ccXCRM,OlD_g7kXpdM,1
bVwO5ccXCRM,zyX02FhDguE,1
bVwO5ccXCRM,9asRJA0wqY8,1
x946_q6ZfMo,-MhJd1-83dM,1
x946_q6ZfMo,__JFeoChvu8,2
x946_q6ZfMo,OKOjJcq07Gc,1
x946_q6ZfMo,J0SD9-_zLVM,1
x946_q6ZfMo,bYJPswt6S8g,1
lt3TkSI9EaE,xAqWuSKO5G4,1
lt3TkSI9EaE,tm-k8zedByQ,1
lt3TkSI9EaE,h8nsRyEhDJA,1
HKdZ482LnNU,-MhJd1-83dM,2
HKdZ482LnNU,WQIxUNJybKo,1
HKdZ482LnNU,weYoza48p70,1
HKdZ482LnNU,b5G71XWQ72Q,1
HKdZ482LnNU,k7q6qTTjvDs,1
WtL6pi-Rcwc,OWDcxxLTjS4,1
WtL6pi-Rcwc,P7s8vJff3z4,1
WtL6pi-Rcwc,DIiebYFxp1I,1
Qv_sB1uzEUc,Qn2anexHPiI,1
Qv_sB1uzEUc,AXWnzIRgvFk,1
Qv_sB1uzEUc,Eh9vApMZnbk,1
A3E3gS9Y_2A,uwbI15Ucl8s,1
A3E3gS9Y_2A,ZGwwd79sEH8,1
A3E3gS9Y_2A,-Ythtg8ZVbY,3
A3E3gS9Y_2A,Rar0LC0n6yI,1
A3E3gS9Y_2A,KNpoT_O_yPw,1
A3E3gS9Y_2A,nMuqrnR9CzI,1
A3E3gS9Y_2A,XhaujNxohGw,1
6p0BKtdqxZc,b5G71XWQ72Q,1
6p0BKtdqxZc,zxxwvalOiVw,1
6p0BKtdqxZc,dFKSjcelBF4,1
yF_JJVVwZ_c,URKyJURoSFE,1
yF_JJVVwZ_c,9gwlt02akQc,1
yF_JJVVwZ_c,x946_q6ZfMo,1
euvoQzy7Kig,kzcHEt_Z6cg,1
euvoQzy7Kig,69qUeLtzhOA,1
euvoQzy7Kig,uCH6ut-mCiI,1
eIgL2ZyvBug,affeO0xNRDE,1
eIgL2ZyvBug,717asdaFuXI,1
eIgL2ZyvBug,VoquPShRyYs,1
0Ges2WFOnZ4,-BqoTQv1PFA,2
0Ges2WFOnZ4,V6qwSNan0SI,1
0Ges2WFOnZ4,ENeit7snIXE,1
0Ges2WFOnZ4,2Aa3c20eFGw,1
0Ges2WFOnZ4,AXWnzIRgvFk,1
FR3kYWZ-274,h8nsRyEhDJA,1
FR3kYWZ-274,pvje2UPCyJs,2
FR3kYWZ-274,hTaGHblq3cQ,1
FR3kYWZ-274,rHWm3J1sy8M,1
FR3kYWZ-274,3qH440xVOmI,1
FR3kYWZ-274,-MhJd1-83dM,1
FR3kYWZ-274,Gcz9Z32wWSQ,1
FR3kYWZ-274,79-tTP0F3SI,1
W65-INPMrQI,yAg3HafsITY,1
W65-INPMrQI,zSbgRvgrTk8,1
W65-INPMrQI,-L3aTPyZdRw,1
tc0uqzXJSAc,dwjnjDWZYtM,1
tc0uqzXJSAc,cluY9DatHLw,1
tc0uqzXJSAc,OFCFgUaLt1A,1
3i4y3RPPUHo,-MhJd1-83dM,1
3i4y3RPPUHo,RlKiYeERt34,1
3i4y3RPPUHo,78oWTV6zHBc,1
3i4y3RPPUHo,ZFTMsxKUaUk,1
3i4y3RPPUHo,9z5CwqNwkKE,1
3i4y3RPPUHo,7mWUc5dwvj8,1
3i4y3RPPUHo,byr00d5QrLI,1
3i4y3RPPUHo,SjVSfcfQUGQ,1
3i4y3RPPUHo,THoP9exHFPY,1
fxAzeuobV7k,b5G71XWQ72Q,1
fxAzeuobV7k,ih97Stt-S0g,1
fxAzeuobV7k,FR3kYWZ-274,1
B_a_P-lY6lo,Qn2anexHPiI,1
B_a_P-lY6lo,REcPP41bopM,1
B_a_P-lY6lo,J0SD9-_zLVM,1
2qJFOFGUW98,KN6oCzGz-TI,1
2qJFOFGUW98,WXScnwaPgis,1
2qJFOFGUW98,lbCpaz-z4uM,1
c9h9Qc3Y6gQ,fdVn6MiUuPw,1
c9h9Qc3Y6gQ,uZmQoewppl0,1
c9h9Qc3Y6gQ,Eh9vApMZnbk,1
k7q6qTTjvDs,znbx2vZCM14,1
k7q6qTTjvDs,6vNVTqdWI18,1
k7q6qTTjvDs,zxxwvalOiVw,1
k7q6qTTjvDs,GWbnx6EOapU,1
k7q6qTTjvDs,Xgdm2uEb_9U,1
k7q6qTTjvDs,BOK1R8X-4Vc,1
k7q6qTTjvDs,ji-7r4v5Bzs,2
k7q6qTTjvDs,MlsZ3UkDPoc,1
k7q6qTTjvDs,kvbzxLNjNyg,2
k7q6qTTjvDs,B_a_P-lY6lo,1
OKOjJcq07Gc,Rdqeld9w3xk,1
OKOjJcq07Gc,xhc_k0CbTyc,1
OKOjJcq07Gc,25FFTi9lcZo,1
nIGw9QmqYJA,_t9Zknmdkuk,1
nIGw9QmqYJA,rcgsu8B1uAg,1
nIGw9QmqYJA,XByJpQzl2DY,1
8Fu3cV7ibbE,-MhJd1-83dM,1
8Fu3cV7ibbE,srnI_fxmQa0,1
8Fu3cV7ibbE,tfLpU60p0Qk,1
7-RSC37SRz4,WQNIXDykm6s,1
7-RSC37SRz4,Lgu6-CWGUhs,1
7-RSC37SRz4,bQWZZehXBD8,1
b2m4sXJtu3I,US7VFL9cXTk,1
b2m4sXJtu3I,Xo5S7xJm594,1
b2m4sXJtu3I,v5-acctJnMs,1
USM4DVASpfU,Rx2inwUj_F0,1
USM4DVASpfU,zoSK8jUIEYQ,1
USM4DVASpfU,BEQ6dCfV-Ew,1
Ov8S_lrT-zU,wX_WEkEo4tM,1
Ov8S_lrT-zU,4DtrHy5M7gk,1
Ov8S_lrT-zU,Oy8ZTog6jVs,1
ZN7q59HFK1g,3i4y3RPPUHo,1
ZN7q59HFK1g,5WobSl_OLSQ,1
ZN7q59HFK1g,4V3QHbXq2BM,1
9e3KJnHBboE,NuE-2yHiCm0,2
9e3KJnHBboE,-ica9Wn7470,1
9e3KJnHBboE,qbSjk6oGg9s,2
9e3KJnHBboE,6yq1sO8hTQ0,1
9e3KJnHBboE,rDmKjPqcjjI,1
9e3KJnHBboE,AQm4UXCJzIw,1
9e3KJnHBboE,dHlc6fiiXwA,1
9e3KJnHBboE,DWPia79SoPg,1
-1fbxD_5jTw,rwmwMU9rjF4,1
-1fbxD_5jTw,PCpdfZl4aXg,1
-1fbxD_5jTw,ZMsZL0HSwXU,1
__JFeoChvu8,LuWJwfaT_fo,1
__JFeoChvu8,tLsmuHk1QTU,1
__JFeoChvu8,5z98FW0cbhs,1
__JFeoChvu8,Ed8uECQnVjk,1
__JFeoChvu8,Go8753iMBIQ,2
__JFeoChvu8,n0B536JAzvg,1
__JFeoChvu8,_yd0v9fcBik,1
__JFeoChvu8,znbx2vZCM14,1
__JFeoChvu8,d_VlJaX2-rU,1
__JFeoChvu8,_7IyRjapg3s,1
__JFeoChvu8,bGhsTRcbGok,1
__JFeoChvu8,71G09VLDFwE,1
__JFeoChvu8,CgLMIbf2YRU,1
LmBfNr-Yc6M,WXScnwaPgis,1
LmBfNr-Yc6M,WZWkl_uo-ok,1
LmBfNr-Yc6M,Go8753iMBIQ,1
V6qwSNan0SI,9z5CwqNwkKE,1
V6qwSNan0SI,l4wDByQEPaA,1
V6qwSNan0SI,3-uD_VRlWEw,1
DPGz1bVqEqk,QkhelExlewk,1
DPGz1bVqEqk,pCGCZMo7eQM,1
DPGz1bVqEqk,C4AtvmYX3sI,1
DPGz1bVqEqk,7l76iD-g1Ec,1
DPGz1bVqEqk,-K65gc8u_qQ,1
DPGz1bVqEqk,__JFeoChvu8,1
MUmqINj88d0,G5rQvdCvCSY,1
MUmqINj88d0,t8KwRHHdIXM,1
MUmqINj88d0,PtF4U2RBLH0,1
igOVKR-p8Cw,zobYg58c1RU,1
igOVKR-p8Cw,OWDcxxLTjS4,2
igOVKR-p8Cw,sPcuQ8UlmMU,1
igOVKR-p8Cw,setn9NsNXBw,1
igOVKR-p8Cw,Eh9vApMZnbk,1
x8yNSCtviKA,d_VlJaX2-rU,2
x8yNSCtviKA,BofOXnyQWZk,1
x8yNSCtviKA,SJcGP0OzcsM,1
x8yNSCtviKA,eExDd4rfWD0,1
x8yNSCtviKA,n0B536JAzvg,1
SjVSfcfQUGQ,RCJAeMSmtSY,1
SjVSfcfQUGQ,enlrW5KeQZw,1
SjVSfcfQUGQ,fb7kzSFwwyw,1
68qAu3qQvyA,ZGDnvdrQq2I,1
68qAu3qQvyA,iRU50nTFf_8,1
68qAu3qQvyA,9z5CwqNwkKE,1
-nHuK75NV0Q,znbx2vZCM14,1
-nHuK75NV0Q,X_N-BgQW58E,1
-nHuK75NV0Q,y6sKksh8zlQ,1
-nHuK75NV0Q,5cUjgTRBOUc,1
-nHuK75NV0Q,xhc_k0CbTyc,1
-nHuK75NV0Q,VAjNyn7Rp38,1
-nHuK75NV0Q,zxxwvalOiVw,1
-nHuK75NV0Q,Y7riNnh-2ns,1
-nHuK75NV0Q,ylqVudWf3fQ,1
0ANvDMKS56A,vePy0gm8fOE,1
0ANvDMKS56A,rwiKFho6qYc,1
0ANvDMKS56A,9Kq53Shq1js,1
C6Vz5ENORiw,SjVSfcfQUGQ,2
C6Vz5ENORiw,_YrTlBoHQ3o,1
C6Vz5ENORiw,3rJmmzPXJvo,2
C6Vz5ENORiw,hrSkkpHrtdc,1
C6Vz5ENORiw,DwtKDbpQ1R0,1
C6Vz5ENORiw,9uZ_HYwDoUU,1
C6Vz5ENORiw,QNf_co_siA4,1
M00LQGPAYsg,nnuLpoKD2s0,1
M00LQGPAYsg,JqpwEpMFoVc,1
M00LQGPAYsg,U3DQRlF_qnM,1
MyW9FZskhko,03SIaJoeSNU,1
MyW9FZskhko,pm702Pj0IBQ,1
MyW9FZskhko,GJrDfnONGcE,1
MyW9FZskhko,3nVnUaypUQs,1
MyW9FZskhko,tsMP7hL2Lrw,1
MyW9FZskhko,L4QoE9MHO0s,1
MyW9FZskhko,d-BfEoBPenw,1
MyW9FZskhko,zoSK8jUIEYQ,1
MyW9FZskhko,HRSr2zrsfNg,1
JBwVNnEmyzQ,Rv9BvfIExog,1
JBwVNnEmyzQ,9tldFKMymZE,1
JBwVNnEmyzQ,mvf829N9vTk,1
ANS77oWei9M,QARvYRrpi-k,1
ANS77oWei9M,fqzVvmOqTns,1
m4_fPCT0Vd4,NxpuT1SNurU,1
m4_fPCT0Vd4,tUArxJHPWLs,1
wfFcHx2sNY4,hygYpWsVMKA,2
wfFcHx2sNY4,wi3BOzgTMf8,1
wfFcHx2sNY4,p_VM9RyvLtU,1
wfFcHx2sNY4,WwitcZgcFOc,1
wfFcHx2sNY4,AXWnzIRgvFk,1
lUUHG4QDVEQ,ur6-A4kJeOo,1
lUUHG4QDVEQ,1ZXYUkX9Y6s,1
lUUHG4QDVEQ,d_VlJaX2-rU,1
3PDU7ToLA4o,Gvz-Y4UShk0,1
3PDU7ToLA4o,T3oz0XtQXng,2
3PDU7ToLA4o,Y1dOeY24Dfc,2
3PDU7ToLA4o,_kUGhn3zGBE,1
SM-DWJlNCyI,eQ7-Dm5ivl8,1
SM-DWJlNCyI,OeMVrtkH1oU,1
SM-DWJlNCyI,d_VlJaX2-rU,1
fYnhgSL6Qsg,m_LXMjXLpnw,1
fYnhgSL6Qsg,SZNn_vJagnQ,1
fYnhgSL6Qsg,5lYdglXzxI0,1
yTDl89NEA_U,0mxDTSSrDuM,1
yTDl89NEA_U,kM464Vr4atw,1
Hw7064YkIo4,OWDcxxLTjS4,1
Hw7064YkIo4,G8buQemtPrw,2
Hw7064YkIo4,tfLpU60p0Qk,1
Hw7064YkIo4,fqzVvmOqTns,1
Hw7064YkIo4,fdVn6MiUuPw,1
Hw7064YkIo4,2a-DmXdZnuU,1
Hw7064YkIo4,4V3QHbXq2BM,1
Hw7064YkIo4,FR3kYWZ-274,1
dFKSjcelBF4,HKdZ482LnNU,1
dFKSjcelBF4,sotIUkQRRzI,1
dFKSjcelBF4,5GMe-CnUeAM,1
rx0cTkSItpQ,SCk7pm8zV4k,1
rx0cTkSItpQ,0nDGTyvuYQE,1
rx0cTkSItpQ,WyvXHlsj4mM,1
omV1Moxi8pQ,z7iAtjkxYiE,1
omV1Moxi8pQ,dTHI3-gTOVg,1
omV1Moxi8pQ,Efk4IoMhSdI,1
_ugqZr7718Y,jlGJIXpaDqQ,1
_ugqZr7718Y,Zg-d9VBuBvI,1
_ugqZr7718Y,x8yNSCtviKA,1
G_vvuvjiFiQ,HOOnNw1OuaI,1
G_vvuvjiFiQ,MiCthn4aS1M,1
G_vvuvjiFiQ,FTw5rbRHN-M,1
G_vvuvjiFiQ,mvf829N9vTk,1
G_vvuvjiFiQ,WZWkl_uo-ok,1
VoquPShRyYs,DgxlQOJ25EY,1
VoquPShRyYs,fYnhgSL6Qsg,2
VoquPShRyYs,setn9NsNXBw,1
VoquPShRyYs,JBwVNnEmyzQ,1
VoquPShRyYs,-MhJd1-83dM,1
VoquPShRyYs,yF_JJVVwZ_c,1
VoquPShRyYs,PCpdfZl4aXg,1
VoquPShRyYs,Wyy47C9xTcQ,1
zobYg58c1RU,igOVKR-p8Cw,1
zobYg58c1RU,kM464Vr4atw,1
zobYg58c1RU,jDu-cGFbFrA,1
2ljkDAEWEGU,XbKqozO-kDI,1
2ljkDAEWEGU,az-L4O7SyYo,1
2ljkDAEWEGU,CRFkMqRXjLs,1
QHGHnLVUERg,ywQH5pbFbsU,1
QHGHnLVUERg,o5fdhfVrg1I,1
QHGHnLVUERg,2TCjK4jRDfw,1
F41kL3slk0w,sPIUOHxqiNM,1
F41kL3slk0w,KB1gwdjGNUA,1
F41kL3slk0w,QQY_IIdRxik,1
-BqoTQv1PFA,wfFcHx2sNY4,2
-BqoTQv1PFA,0yNFOdeCCd8,1
-BqoTQv1PFA,ZFTMsxKUaUk,1
-BqoTQv1PFA,9z5CwqNwkKE,2
-BqoTQv1PFA,S0nlw4c5nf8,3
-BqoTQv1PFA,Qn2anexHPiI,2
-BqoTQv1PFA,p_VM9RyvLtU,1
-BqoTQv1PFA,3i4y3RPPUHo,1
-BqoTQv1PFA,VObQMqpT_KY,1
-BqoTQv1PFA,7mWUc5dwvj8,1
0OwgIBtvztc,Hz9b4akRa5w,1
0OwgIBtvztc,cUJDTmOTYlI,1
0OwgIBtvztc,3sVpPXKNY2g,1
Sy6WcDFRFTo,o5fdhfVrg1I,1
Sy6WcDFRFTo,XyKegi4c7ig,1
Q1y-MV1CJpE,k_AB87LWMGE,1
Q1y-MV1CJpE,rwmwMU9rjF4,1
Q1y-MV1CJpE,DeAWr6qOaIg,1
DLNiAA01HHU,fhlya7Ya4ZE,1
DLNiAA01HHU,yxiOnaTUows,1
DLNiAA01HHU,tBy7kXqtsSg,1
P19UieRRv60,b5G71XWQ72Q,2
P19UieRRv60,VAjNyn7Rp38,1
P19UieRRv60,VoquPShRyYs,2
P19UieRRv60,-MhJd1-83dM,1
P19UieRRv60,rHWm3J1sy8M,1
P19UieRRv60,J0SD9-_zLVM,1
P19UieRRv60,ZQGFr_AMG9A,1
P19UieRRv60,Zxkprwg6gzk,2
P19UieRRv60,z4X8wO1_mJM,1
Rar0LC0n6yI,IixYDb3cwio,1
Rar0LC0n6yI,FFdTEsvCLGI,1
Rar0LC0n6yI,UpLjWU6m-0g,1
kabsFD3X4Gs,FR3kYWZ-274,1
kabsFD3X4Gs,P19UieRRv60,1
kabsFD3X4Gs,kzcHEt_Z6cg,1
mPdqbA19n90,bVwO5ccXCRM,1
mPdqbA19n90,VoIA_0Ktk7o,1
mPdqbA19n90,VDVXno86wIQ,1
Fx8pJ6kXIco,USM4DVASpfU,1
Fx8pJ6kXIco,71G09VLDFwE,1
Fx8pJ6kXIco,38P6C8go_oo,1
Ganh698DaQc,kPKlBcw8QmM,1
Ganh698DaQc,HwFkU6q41NA,1
Ganh698DaQc,vmMfq5IDtWo,1
Ganh698DaQc,fq-yZUgFZlk,1
Ganh698DaQc,DeAWr6qOaIg,1
Ganh698DaQc,9EEr1KELs94,1
79-tTP0F3SI,8ONQrY2IaV0,1
79-tTP0F3SI,0UXovdj9klI,1
79-tTP0F3SI,fOnXDVSbmdM,1
tJ9XeZU6miE,5cUjgTRBOUc,1
tJ9XeZU6miE,9wXSngqWPBQ,1
tJ9XeZU6miE,KO_kCzzotiw,1
tJ9XeZU6miE,o3JeZVOZB8k,1
tJ9XeZU6miE,Y7riNnh-2ns,1
tJ9XeZU6miE,SM-DWJlNCyI,1
IjzsPGykKoE,rEDwhs_Fmcw,1
IjzsPGykKoE,aM1DeQI7Nfo,1
IjzsPGykKoE,__JFeoChvu8,1
-c1zPFd6SzQ,qMtfqi43HdE,1
-c1zPFd6SzQ,2oKfABJfO5I,1
-c1zPFd6SzQ,Y7riNnh-2ns,1
kM464Vr4atw,008fbUYJ4Vw,1
kM464Vr4atw,OahZgkJWncQ,1
kM464Vr4atw,-MhJd1-83dM,1
HRSr2zrsfNg,pF8oPZYJp1k,1
HRSr2zrsfNg,D7Ihlx0v1nc,1
HRSr2zrsfNg,nRmJERrewRs,1
sotIUkQRRzI,Agr3OG6FTeY,1
sotIUkQRRzI,tXjhmPvRccQ,1
sotIUkQRRzI,iB4bfBGe5LE,1
SJW2YVArI9M,ZijOBSy-oaU,1
SJW2YVArI9M,1Tv7-sIRwMg,1
SJW2YVArI9M,D38INfcIMro,1
Xn2OL6lwWO8,-L3aTPyZdRw,1
Xn2OL6lwWO8,VPfjbgyPbVA,1
Xn2OL6lwWO8,hGXBk_4Gp4E,1
GbZSbFMNiYk,iT6QxtCEGdU,1
GbZSbFMNiYk,DNpnqp2SCBE,1
GbZSbFMNiYk,05XlDhCF-Tc,1
esl_xTZ3LSo,HOOnNw1OuaI,1
esl_xTZ3LSo,OUtG4ePdTvQ,1
esl_xTZ3LSo,FT67Hq66TLI,1
gQxxMVEFzlw,WQNIXDykm6s,1
gQxxMVEFzlw,mu3re1g7miA,1
gQxxMVEFzlw,RcFXfdndyI0,1
gQxxMVEFzlw,kO7iNTfoAyw,1
gQxxMVEFzlw,S0nlw4c5nf8,1
gQxxMVEFzlw,cDB2G-jZmFg,1
0yNFOdeCCd8,AXWnzIRgvFk,1
0yNFOdeCCd8,S0nlw4c5nf8,1
0yNFOdeCCd8,Qv_sB1uzEUc,1
0yNFOdeCCd8,3i4y3RPPUHo,1
0yNFOdeCCd8,-BqoTQv1PFA,1
0yNFOdeCCd8,ZFTMsxKUaUk,1
xiwrpXTURY4,VeMr0n4pvtM,1
xiwrpXTURY4,guMSGPrh8QU,1
Lgu6-CWGUhs,bYJPswt6S8g,1
Lgu6-CWGUhs,jd3fuKash80,1
Lgu6-CWGUhs,5Pza8R5xT74,1
4ts8IWcxKRw,lUUHG4QDVEQ,1
4ts8IWcxKRw,gBWNd0TMjZg,1
4ts8IWcxKRw,Qv_sB1uzEUc,1
hDWr8qGnuFg,8N9aDrlWVf0,1
hDWr8qGnuFg,CgLMIbf2YRU,1
hDWr8qGnuFg,XgqeMEVQLAk,1
08VKy8FTmDk,A3E3gS9Y_2A,1
08VKy8FTmDk,4o2kBqNvQf4,1
08VKy8FTmDk,9GpV-gFYkeM,1
rkufM433cRU,eCyF7kJ3P1U,2
rkufM433cRU,-MhJd1-83dM,1
rkufM433cRU,-1fbxD_5jTw,2
rkufM433cRU,bJ49_PmVxL8,1
y33fKsliaGM,-MhJd1-83dM,1
y33fKsliaGM,yTDl89NEA_U,1
y33fKsliaGM,TJ3M-2z_FVo,1
sSvVazyykfM,Ganh698DaQc,1
sSvVazyykfM,F41kL3slk0w,1
sSvVazyykfM,59zz-7q4jfs,1
3qH440xVOmI,Hw7064YkIo4,1
3qH440xVOmI,XyQAQeHZwAs,1
3qH440xVOmI,sUswafU2CaM,1
dO3G2sOEkzE,qQKqraJpWy8,1
dO3G2sOEkzE,tm-k8zedByQ,1
dO3G2sOEkzE,yTDl89NEA_U,1
TJ3M-2z_FVo,VAjNyn7Rp38,3
TJ3M-2z_FVo,K8JXjgLoFR8,2
TJ3M-2z_FVo,Zxkprwg6gzk,1
TJ3M-2z_FVo,setn9NsNXBw,1
TJ3M-2z_FVo,sUswafU2CaM,2
TJ3M-2z_FVo,OWDcxxLTjS4,1
TJ3M-2z_FVo,FTw5rbRHN-M,1
TJ3M-2z_FVo,ANS77oWei9M,2
TJ3M-2z_FVo,0m-6U4y1YWQ,1
TJ3M-2z_FVo,rwmwMU9rjF4,1
srnI_fxmQa0,b5G71XWQ72Q,2
srnI_fxmQa0,TJ3M-2z_FVo,1
srnI_fxmQa0,x946_q6ZfMo,1
srnI_fxmQa0,__JFeoChvu8,1
srnI_fxmQa0,ZQGFr_AMG9A,2
srnI_fxmQa0,QkhelExlewk,1
srnI_fxmQa0,ji-7r4v5Bzs,1
srnI_fxmQa0,T-4EbZsFFiU,1
srnI_fxmQa0,wTdRiedQJPI,1
srnI_fxmQa0,8Fu3cV7ibbE,1
gAS_yrzWbH0,SCk7pm8zV4k,2
gAS_yrzWbH0,_ugqZr7718Y,2
gAS_yrzWbH0,SwWoX0rWL3o,1
gAS_yrzWbH0,9GpV-gFYkeM,1
xn7C6jgl0RI,ISDgcB-J4fQ,1
xn7C6jgl0RI,E3ox6bOYxks,1
xn7C6jgl0RI,vmLGVbngsVc,1
Ji0OwLW5uyY,MlsZ3UkDPoc,1
Ji0OwLW5uyY,eiAMkDaV_O4,1
Ji0OwLW5uyY,4ts8IWcxKRw,1
yGn8oTsvRKA,ZQGFr_AMG9A,1
yGn8oTsvRKA,ZhinGpju69I,1
yGn8oTsvRKA,2THMsVjq5gY,1
Qn2anexHPiI,3-uD_VRlWEw,1
Qn2anexHPiI,DRxvq0R6S5w,2
Qn2anexHPiI,wfFcHx2sNY4,2
Qn2anexHPiI,9Zzm3KWaFec,1
Qn2anexHPiI,wK8J17Xpf4E,1
Qn2anexHPiI,7ihdNRu2u1Q,1
Qn2anexHPiI,S0nlw4c5nf8,1
Qn2anexHPiI,-BqoTQv1PFA,1
Qn2anexHPiI,8hWFeGS2xiE,1
Qn2anexHPiI,bRsteMGtCOQ,1
Qn2anexHPiI,FX_MNskVFTc,1
Qn2anexHPiI,4SgIH4tTtRo,1
Qn2anexHPiI,0yNFOdeCCd8,1
yIAKYxL1O2s,fCkels27_9I,1
yIAKYxL1O2s,z270ur12uzk,1
yIAKYxL1O2s,zoSK8jUIEYQ,1
HHVU4Tjm6fw,5cUjgTRBOUc,1
HHVU4Tjm6fw,cW6QLhAyAjQ,1
HHVU4Tjm6fw,V5YyYpbqpaI,1
HAss4ZSsXsQ,G8buQemtPrw,1
HAss4ZSsXsQ,rwqkT1n0XAk,1
HAss4ZSsXsQ,i1uScGt7zok,1
B8v7x8ctFRs,u_RMuVKUy3E,1
B8v7x8ctFRs,dIbCLexvocs,1
B8v7x8ctFRs,ZMoqp_BzDzY,1
B8v7x8ctFRs,XbTJPUlmygo,1
B8v7x8ctFRs,tJ9XeZU6miE,2
B8v7x8ctFRs,CgLMIbf2YRU,1
B8v7x8ctFRs,xJjBhpeNwss,1
B8v7x8ctFRs,dHlc6fiiXwA,1
kzcHEt_Z6cg,srnI_fxmQa0,2
kzcHEt_Z6cg,euvoQzy7Kig,2
kzcHEt_Z6cg,G8buQemtPrw,3
kzcHEt_Z6cg,XyQAQeHZwAs,1
kzcHEt_Z6cg,ZQGFr_AMG9A,2
kzcHEt_Z6cg,Zxkprwg6gzk,1
kzcHEt_Z6cg,TJ3M-2z_FVo,1
kzcHEt_Z6cg,BxGB5fXlqzg,2
kzcHEt_Z6cg,Rdqeld9w3xk,1
52C5dY7RQaE,5UNsOFfcb3Y,1
52C5dY7RQaE,YAQgxG4zgo0,1
52C5dY7RQaE,HkwJav2l_4U,1
QGpNdXxnAy0,setn9NsNXBw,1
QGpNdXxnAy0,lHgyHcewGYE,1
QGpNdXxnAy0,rwmwMU9rjF4,1
V5YyYpbqpaI,SCk7pm8zV4k,1
V5YyYpbqpaI,Wf_x4mE0wfc,1
V5YyYpbqpaI,4ULIWtBbkHc,1
rkOBO4YcRKU,RlKiYeERt34,1
rkOBO4YcRKU,ANS77oWei9M,1
rkOBO4YcRKU,vcKsFKBgmSk,1
irHqpj8i7t0,4SgIH4tTtRo,1
irHqpj8i7t0,sg97RkKlnaI,1
irHqpj8i7t0,o5fdhfVrg1I,1
TuOHd6eUbGY,-MhJd1-83dM,1
TuOHd6eUbGY,AXWnzIRgvFk,1
TuOHd6eUbGY,lZ0aRpuOaBQ,1
TuOHd6eUbGY,SJW2YVArI9M,1
TuOHd6eUbGY,omV1Moxi8pQ,1
TuOHd6eUbGY,-BqoTQv1PFA,1
tOJbuKyAqOw,mFuEpMzClZk,1
tOJbuKyAqOw,C68pNP2GCA0,1
tOJbuKyAqOw,tDe21cb1YHQ,1
yxiOnaTUows,AtW81jzLx2o,1
yxiOnaTUows,BsKtDfMjHEo,1
yxiOnaTUows,-HJeSs2XquQ,1
h8nsRyEhDJA,bYJPswt6S8g,1
h8nsRyEhDJA,fxAzeuobV7k,1
h8nsRyEhDJA,E7xqJ89wy6w,1
h8nsRyEhDJA,GZrKHf8O8zI,1
h8nsRyEhDJA,bJ49_PmVxL8,1
h8nsRyEhDJA,VPfjbgyPbVA,1
h8nsRyEhDJA,lt3TkSI9EaE,1
h8nsRyEhDJA,7TGc8mWl0Ks,1
h8nsRyEhDJA,PQ8LW0dmGBU,1
8JtHlKyM0QY,-ltCcdXrB-Y,1
8JtHlKyM0QY,nps_93OB7sQ,1
8JtHlKyM0QY,Xn2OL6lwWO8,1
kOGJ9qewL7o,MWtAHbVsuOU,1
kOGJ9qewL7o,CWTII7heji4,1
kOGJ9qewL7o,1Q3escfIXes,1
YUTfJRNDOA8,TnBupO_Kjto,2
YUTfJRNDOA8,NuE-2yHiCm0,2
YUTfJRNDOA8,LugIVfL6FbU,1
XYZ8d9uSpfs,affeO0xNRDE,1
XYZ8d9uSpfs,ZGSEh6wfBUg,1
XYZ8d9uSpfs,QV5GvGQHg34,1
sHbjUjwn7cg,-MhJd1-83dM,1
sHbjUjwn7cg,VoquPShRyYs,1
sHbjUjwn7cg,drM_3chdUzg,1
0h19anH4MdE,JkHXUydfcm0,1
0h19anH4MdE,TpBcwGOvO80,1
0h19anH4MdE,r3_nIbMfOrE,1
XyKegi4c7ig,KCbys2E7lLw,1
XyKegi4c7ig,vnzz0dyEUA0,1
XyKegi4c7ig,SbbOzyhl9Lk,1
P7xplD5B518,-MhJd1-83dM,1
P7xplD5B518,W65-INPMrQI,1
P7xplD5B518,wlf_VaLoln4,1
0CICGiWflJw,UGWSbayZ3gQ,1
0CICGiWflJw,59zz-7q4jfs,1
0CICGiWflJw,Ganh698DaQc,1
ujEc4uqut9Y,-Ythtg8ZVbY,1
ujEc4uqut9Y,yIAKYxL1O2s,1
ujEc4uqut9Y,A3E3gS9Y_2A,2
ujEc4uqut9Y,Jo5xou1D8uY,1
ujEc4uqut9Y,xGqEQKgO27o,1
k-ERUYN6AOo,waM1rkN2dy8,1
k-ERUYN6AOo,du6uhO4sUC0,2
k-ERUYN6AOo,WURowj54Z7E,1
k-ERUYN6AOo,5cUjgTRBOUc,1
k-ERUYN6AOo,_7IyRjapg3s,1
k-ERUYN6AOo,MyW9FZskhko,1
k-ERUYN6AOo,DPGz1bVqEqk,1
SFRXMeqfTbs,fYnhgSL6Qsg,1
SFRXMeqfTbs,J0SD9-_zLVM,1
SFRXMeqfTbs,DRxvq0R6S5w,1
_aSboJpeWZM,RCJAeMSmtSY,1
_aSboJpeWZM,byr00d5QrLI,1
_aSboJpeWZM,UnupLoK-v9Q,1
FWBTxjTwX20,eR6buh9BvTg,1
FWBTxjTwX20,MyW9FZskhko,1
FWBTxjTwX20,zoSK8jUIEYQ,1
ylqVudWf3fQ,2edO0oaX_eU,1
ylqVudWf3fQ,fDN9FVrlU24,1
8Tfejwk5V74,rfK0XxhFjGE,1
8Tfejwk5V74,FDEBwtDOxy8,1
8Tfejwk5V74,ceebeY_9XEw,1
xUqXYmoYMqc,qLFXX5yYClk,1
xUqXYmoYMqc,VDVXno86wIQ,1
xUqXYmoYMqc,XyQAQeHZwAs,1
