Source,Target,weight
bOuEJf8Dr_4,twSvd5bQLDw,1
bOuEJf8Dr_4,VNGFep6rncY,1
bOuEJf8Dr_4,OOG65rSM5fA,1
twSvd5bQLDw,L9UIF852Boo,2
twSvd5bQLDw,9vJRopau0g0,2
twSvd5bQLDw,g6TUZm5wzLs,2
twSvd5bQLDw,bZMJdhe4xhQ,2
twSvd5bQLDw,jOJLx4Du3vU,2
twSvd5bQLDw,JsC9ZHi79jo,1
twSvd5bQLDw,Exf125xEQKY,2
twSvd5bQLDw,MdZAMSyn_As,1
twSvd5bQLDw,4-079YIasck,1
twSvd5bQLDw,wtV5ev6813I,1
twSvd5bQLDw,46dDvcTXxxo,1
twSvd5bQLDw,WwTpfVQgkU0,1
bZMJdhe4xhQ,NWH8N-BvhAw,1
bZMJdhe4xhQ,twSvd5bQLDw,2
bZMJdhe4xhQ,1EHZAQmw2JA,1
bZMJdhe4xhQ,vLFxOOEyhUE,1
bZMJdhe4xhQ,SucvjUnhkGI,1
NWH8N-BvhAw,L9UIF852Boo,1
NWH8N-BvhAw,GwRzjFQa_Og,1
NWH8N-BvhAw,TFbv757kup4,1
L9UIF852Boo,IZLgWQkvIQg,5
L9UIF852Boo,vj-91dMvQQo,3
L9UIF852Boo,--mY5ruEhqI,2
L9UIF852Boo,Lp7E973zozc,3
L9UIF852Boo,H6n3iNh4XLI,2
L9UIF852Boo,wM82hE6oimw,4
L9UIF852Boo,gF5XztmijhQ,2
L9UIF852Boo,KDQrMoksJ4Q,6
L9UIF852Boo,bGBamfWasNQ,1
L9UIF852Boo,8so1WZ4j1oQ,1
L9UIF852Boo,44J3FGYKltI,1
IZLgWQkvIQg,L9UIF852Boo,2
IZLgWQkvIQg,4BZuWrdC-9Q,1
IZLgWQkvIQg,wRVWhFWiIaM,1
IZLgWQkvIQg,Ziwgj5cz0Uc,1
IZLgWQkvIQg,4-079YIasck,1
IZLgWQkvIQg,SEa14Q-KdwY,1
IZLgWQkvIQg,36m1o-tM05g,1
IZLgWQkvIQg,--mY5ruEhqI,1
4BZuWrdC-9Q,JD4O7ama3o8,1
4BZuWrdC-9Q,LnJwH_PZXnM,1
4BZuWrdC-9Q,tGdsOXZpyWE,1
vj-91dMvQQo,SemHh0n19LA,1
vj-91dMvQQo,1EHZAQmw2JA,3
vj-91dMvQQo,H2rG4Dg6xyI,2
vj-91dMvQQo,9vJRopau0g0,1
vj-91dMvQQo,7vZmOF11P9A,1
vj-91dMvQQo,LnJwH_PZXnM,1
vj-91dMvQQo,esPRsT-lmw8,1
vj-91dMvQQo,v1ojZKWfShQ,1
vj-91dMvQQo,sWp87GXDvEk,1
1EHZAQmw2JA,IeblJdB2-Vo,3
1EHZAQmw2JA,55FEuuOpthc,1
1EHZAQmw2JA,MY5SatbZMAo,1
1EHZAQmw2JA,u4ZoJKF_VuA,1
1EHZAQmw2JA,I4svF7J6MWg,1
1EHZAQmw2JA,v1ojZKWfShQ,1
1EHZAQmw2JA,F9b0fi7p3Ts,1
--mY5ruEhqI,4BZuWrdC-9Q,1
--mY5ruEhqI,XOU2ubWkoPw,1
--mY5ruEhqI,8so1WZ4j1oQ,1
--mY5ruEhqI,xp0O2vi8DX4,1
--mY5ruEhqI,IeblJdB2-Vo,1
--mY5ruEhqI,esPRsT-lmw8,1
XOU2ubWkoPw,aoRHq0TQnZM,1
XOU2ubWkoPw,esPRsT-lmw8,1
XOU2ubWkoPw,rkZl2gsLUp4,1
GwRzjFQa_Og,veEQQ-N9xWU,1
GwRzjFQa_Og,rKQLBiylsn8,1
GwRzjFQa_Og,L9UIF852Boo,1
veEQQ-N9xWU,LnJwH_PZXnM,1
veEQQ-N9xWU,L9UIF852Boo,1
veEQQ-N9xWU,4-079YIasck,1
LnJwH_PZXnM,TFbv757kup4,1
LnJwH_PZXnM,pi4JOlMSWjo,2
LnJwH_PZXnM,KDQrMoksJ4Q,3
LnJwH_PZXnM,L9UIF852Boo,1
LnJwH_PZXnM,jOJLx4Du3vU,1
LnJwH_PZXnM,w-HYZv6HzAs,2
LnJwH_PZXnM,Lp7E973zozc,1
LnJwH_PZXnM,4-079YIasck,1
4-079YIasck,lLY76-NBBxQ,2
4-079YIasck,4O2JK_94g3Y,2
4-079YIasck,xnLoToJVQH4,4
4-079YIasck,Lp7E973zozc,1
4-079YIasck,LnJwH_PZXnM,1
4-079YIasck,xk0-yebNA_o,2
4-079YIasck,lo0X2ZdElQ4,2
4-079YIasck,jOJLx4Du3vU,1
4-079YIasck,Yhn1Fe8cT0Q,1
4-079YIasck,ycB29FkoylE,2
4-079YIasck,LNHBMFCzznE,1
4-079YIasck,VaRO5-V1uK0,1
4-079YIasck,vuIlsN32WaE,1
rKQLBiylsn8,bZMJdhe4xhQ,1
rKQLBiylsn8,H2rG4Dg6xyI,1
rKQLBiylsn8,EirlZ7fy3bE,1
Lp7E973zozc,xp0O2vi8DX4,2
Lp7E973zozc,veEQQ-N9xWU,2
Lp7E973zozc,TFbv757kup4,1
Lp7E973zozc,L9UIF852Boo,2
Lp7E973zozc,sWp87GXDvEk,1
Lp7E973zozc,esPRsT-lmw8,1
Lp7E973zozc,RlSwsE22nX0,2
Lp7E973zozc,KDQrMoksJ4Q,2
Lp7E973zozc,JUedQ0_EGCQ,1
Lp7E973zozc,Ep2MAx95m20,1
TFbv757kup4,Lp7E973zozc,3
TFbv757kup4,xnLoToJVQH4,3
TFbv757kup4,njESlZa2b10,1
TFbv757kup4,L9UIF852Boo,1
TFbv757kup4,w-HYZv6HzAs,4
TFbv757kup4,pi4JOlMSWjo,3
TFbv757kup4,bRtBHF-WPpM,2
TFbv757kup4,nirKw3mWB3I,1
TFbv757kup4,Pg3P1U37Avs,1
TFbv757kup4,jOJLx4Du3vU,1
TFbv757kup4,tTb3d5cjSFI,2
TFbv757kup4,JUedQ0_EGCQ,1
TFbv757kup4,ycB29FkoylE,1
xp0O2vi8DX4,LnJwH_PZXnM,1
xp0O2vi8DX4,TQMbvJNRpLE,1
xp0O2vi8DX4,S8yWLA--S8Q,1
xnLoToJVQH4,4-079YIasck,2
xnLoToJVQH4,21j_OCNLuYg,2
xnLoToJVQH4,IeblJdB2-Vo,1
xnLoToJVQH4,WAlzFGIrzGs,1
xnLoToJVQH4,lo0X2ZdElQ4,1
xnLoToJVQH4,xp0O2vi8DX4,1
xnLoToJVQH4,KDQrMoksJ4Q,1
njESlZa2b10,3dqXHHCc5lA,1
njESlZa2b10,JUedQ0_EGCQ,1
njESlZa2b10,pi4JOlMSWjo,1
3dqXHHCc5lA,rKQLBiylsn8,1
3dqXHHCc5lA,vLFxOOEyhUE,1
3dqXHHCc5lA,ZML0eAZ-RwI,1
JUedQ0_EGCQ,QbxinUJcLGg,1
JUedQ0_EGCQ,36m1o-tM05g,1
JUedQ0_EGCQ,xbagFzcyNiM,1
pi4JOlMSWjo,oDJ0dRb4-XY,1
pi4JOlMSWjo,04bYPO5ORYE,2
pi4JOlMSWjo,JUedQ0_EGCQ,1
pi4JOlMSWjo,njESlZa2b10,1
pi4JOlMSWjo,LnJwH_PZXnM,1
9vJRopau0g0,VNGFep6rncY,2
9vJRopau0g0,u9hauSrihYQ,2
9vJRopau0g0,MdZAMSyn_As,1
9vJRopau0g0,8s3bdVxuFBs,3
9vJRopau0g0,esPRsT-lmw8,1
9vJRopau0g0,L1kbrlZRDvU,2
9vJRopau0g0,2Yt6raj-S1M,1
9vJRopau0g0,79zra755WgA,1
9vJRopau0g0,jOJLx4Du3vU,1
9vJRopau0g0,hqKafI7Amd8,1
9vJRopau0g0,RlSwsE22nX0,1
9vJRopau0g0,_VB39Jo8mAQ,1
9vJRopau0g0,JsC9ZHi79jo,1
MY5SatbZMAo,xnLoToJVQH4,1
MY5SatbZMAo,55HERZnmHT8,1
MY5SatbZMAo,5MgBikgcWnY,1
vLFxOOEyhUE,f0WCb23KPEw,1
vLFxOOEyhUE,55HERZnmHT8,1
vLFxOOEyhUE,tGdsOXZpyWE,1
f0WCb23KPEw,H2rG4Dg6xyI,1
f0WCb23KPEw,Dvh3JhsrQ0w,2
f0WCb23KPEw,jOJLx4Du3vU,1
f0WCb23KPEw,2tcEgqTWbxQ,1
f0WCb23KPEw,v_ONFix_e4k,1
55HERZnmHT8,JUedQ0_EGCQ,1
55HERZnmHT8,sWp87GXDvEk,1
55HERZnmHT8,rtsHUeKnkC8,1
jOJLx4Du3vU,M2NHvpM9PWU,2
jOJLx4Du3vU,RlSwsE22nX0,3
jOJLx4Du3vU,XGq3MXQlRJs,1
jOJLx4Du3vU,KDQrMoksJ4Q,4
jOJLx4Du3vU,VaRO5-V1uK0,2
jOJLx4Du3vU,36m1o-tM05g,4
jOJLx4Du3vU,GrxJ-9_qXeM,5
jOJLx4Du3vU,vuIlsN32WaE,1
jOJLx4Du3vU,B1LRbCpawaw,5
jOJLx4Du3vU,KTT7i3SKpMQ,1
jOJLx4Du3vU,LBvHI1awWaI,3
jOJLx4Du3vU,f0WCb23KPEw,3
jOJLx4Du3vU,L9UIF852Boo,2
jOJLx4Du3vU,awtmTJW9ic8,1
jOJLx4Du3vU,lkbWIfP3mLw,3
jOJLx4Du3vU,tic7X3ET4gE,1
jOJLx4Du3vU,ksIH7nNXjhI,1
M2NHvpM9PWU,rPh3c8Sa37M,1
M2NHvpM9PWU,G4UDQnxk_2g,1
M2NHvpM9PWU,8pq_tCgDkT4,1
RlSwsE22nX0,ljqra3BcqWM,2
RlSwsE22nX0,1illzOnz6w4,2
RlSwsE22nX0,3WMuzhQXJoY,3
RlSwsE22nX0,qS7mBbXxJYA,1
RlSwsE22nX0,pKMgG9xIfEg,1
ljqra3BcqWM,LnJwH_PZXnM,1
ljqra3BcqWM,4-079YIasck,1
ljqra3BcqWM,UUnRKf2CemA,1
ljqra3BcqWM,jOJLx4Du3vU,1
ljqra3BcqWM,8s3bdVxuFBs,1
ljqra3BcqWM,RlSwsE22nX0,1
3WMuzhQXJoY,azRl1dI-Cts,1
3WMuzhQXJoY,cXkH_6-aG-8,1
3WMuzhQXJoY,36m1o-tM05g,1
XGq3MXQlRJs,L9UIF852Boo,1
XGq3MXQlRJs,A5dE25ANU0k,1
XGq3MXQlRJs,4-079YIasck,1
XGq3MXQlRJs,i-T7tCMUDXU,1
XGq3MXQlRJs,jOJLx4Du3vU,1
XGq3MXQlRJs,36m1o-tM05g,1
A5dE25ANU0k,XGq3MXQlRJs,2
A5dE25ANU0k,LnJwH_PZXnM,2
A5dE25ANU0k,_VB39Jo8mAQ,1
A5dE25ANU0k,izgtCxsLVd0,2
A5dE25ANU0k,2VWS_F_UeQI,1
A5dE25ANU0k,da1vvigy5tQ,1
A5dE25ANU0k,BGbGpm7M12w,1
A5dE25ANU0k,jOJLx4Du3vU,1
A5dE25ANU0k,f0WCb23KPEw,1
Exf125xEQKY,twSvd5bQLDw,1
Exf125xEQKY,_VB39Jo8mAQ,1
Exf125xEQKY,9vJRopau0g0,1
JsC9ZHi79jo,L9UIF852Boo,1
JsC9ZHi79jo,f0WCb23KPEw,1
JsC9ZHi79jo,W3P3rT0j2gQ,1
_VB39Jo8mAQ,Aq4g-Bv2_Gk,1
_VB39Jo8mAQ,9vJRopau0g0,3
_VB39Jo8mAQ,ZwGEQcFo9RE,1
_VB39Jo8mAQ,A9UmdY0E8hU,1
_VB39Jo8mAQ,5c6AADI7Pb4,1
_VB39Jo8mAQ,N-yALPEpV4w,1
_VB39Jo8mAQ,VNGFep6rncY,1
VNGFep6rncY,QLuqXctU_IQ,1
VNGFep6rncY,gn4bvjMh4vc,1
VNGFep6rncY,PJy8vTu66tE,1
VNGFep6rncY,jobYTQTgeUE,1
VNGFep6rncY,9vJRopau0g0,1
VNGFep6rncY,nVRco_eLjdc,1
u9hauSrihYQ,MdZAMSyn_As,1
u9hauSrihYQ,FScfGU7rQaM,1
u9hauSrihYQ,tLteWutitFM,1
MdZAMSyn_As,xp0O2vi8DX4,1
MdZAMSyn_As,jOJLx4Du3vU,1
MdZAMSyn_As,6pY7EjqD3QA,2
MdZAMSyn_As,ZZZ7k8cMA-4,1
MdZAMSyn_As,L9UIF852Boo,2
MdZAMSyn_As,w-HYZv6HzAs,1
MdZAMSyn_As,H6n3iNh4XLI,1
MdZAMSyn_As,9vJRopau0g0,1
MdZAMSyn_As,JsC9ZHi79jo,1
MdZAMSyn_As,bRtBHF-WPpM,1
SucvjUnhkGI,cmN4xOGkxGo,2
SucvjUnhkGI,DledVVpRI9o,1
SucvjUnhkGI,pVIW0tDKtIo,1
SucvjUnhkGI,LBvHI1awWaI,1
SucvjUnhkGI,R_UntpOT_ik,1
cmN4xOGkxGo,TFbv757kup4,1
cmN4xOGkxGo,5pW2b1vwwf4,1
cmN4xOGkxGo,v1ojZKWfShQ,1
cmN4xOGkxGo,7XFLTDQ4JMk,1
cmN4xOGkxGo,DledVVpRI9o,1
cmN4xOGkxGo,LBvHI1awWaI,1
w-HYZv6HzAs,bGBamfWasNQ,1
w-HYZv6HzAs,MdZAMSyn_As,1
w-HYZv6HzAs,7vZmOF11P9A,2
w-HYZv6HzAs,jpRqbP9Nv9k,3
w-HYZv6HzAs,v1ojZKWfShQ,1
w-HYZv6HzAs,TFbv757kup4,3
w-HYZv6HzAs,4-079YIasck,1
w-HYZv6HzAs,esPRsT-lmw8,2
w-HYZv6HzAs,MmfikLimeQ8,2
w-HYZv6HzAs,a2MR5XbJtXU,1
w-HYZv6HzAs,8yBfAeadqjI,1
5pW2b1vwwf4,LnJwH_PZXnM,1
5pW2b1vwwf4,TFbv757kup4,1
5pW2b1vwwf4,--mY5ruEhqI,1
v1ojZKWfShQ,11RKiZ1S0e4,1
v1ojZKWfShQ,LnJwH_PZXnM,1
v1ojZKWfShQ,4-079YIasck,1
v1ojZKWfShQ,TFbv757kup4,2
v1ojZKWfShQ,L9UIF852Boo,2
v1ojZKWfShQ,vj-91dMvQQo,1
v1ojZKWfShQ,SaQQVevhZEM,1
v1ojZKWfShQ,w-HYZv6HzAs,2
v1ojZKWfShQ,ZidGozDhOjg,1
DledVVpRI9o,cmN4xOGkxGo,1
DledVVpRI9o,Lp7E973zozc,1
DledVVpRI9o,bi-C26-z0Us,1
LBvHI1awWaI,V2PP3p4_4R8,1
LBvHI1awWaI,Lp7E973zozc,1
LBvHI1awWaI,TFbv757kup4,1
sWp87GXDvEk,UUnRKf2CemA,1
sWp87GXDvEk,8pq_tCgDkT4,1
sWp87GXDvEk,jOJLx4Du3vU,1
esPRsT-lmw8,JsC9ZHi79jo,1
esPRsT-lmw8,f0WCb23KPEw,1
esPRsT-lmw8,ycB29FkoylE,2
esPRsT-lmw8,4-079YIasck,1
esPRsT-lmw8,jOJLx4Du3vU,1
esPRsT-lmw8,Lp7E973zozc,1
esPRsT-lmw8,-CthGG6epKA,1
esPRsT-lmw8,MLKj1puoWCg,1
bi-C26-z0Us,pVIW0tDKtIo,1
bi-C26-z0Us,jOJLx4Du3vU,1
bi-C26-z0Us,DledVVpRI9o,1
R_UntpOT_ik,SucvjUnhkGI,1
R_UntpOT_ik,xH6gXiBMijA,1
R_UntpOT_ik,jOJLx4Du3vU,1
xH6gXiBMijA,OsDyIoINO-M,1
xH6gXiBMijA,ZML0eAZ-RwI,1
xH6gXiBMijA,DfBzEAieaAM,1
DfBzEAieaAM,ex0v7IXlz5w,2
DfBzEAieaAM,jOJLx4Du3vU,1
DfBzEAieaAM,4-079YIasck,1
DfBzEAieaAM,LBvHI1awWaI,1
DfBzEAieaAM,KjlRaaMduzo,1
KDQrMoksJ4Q,twSvd5bQLDw,1
KDQrMoksJ4Q,jOJLx4Du3vU,3
KDQrMoksJ4Q,vLFxOOEyhUE,1
KDQrMoksJ4Q,-KysuBl2m_w,1
KDQrMoksJ4Q,h-rRgpPbR5w,1
KDQrMoksJ4Q,c_X_sPNUDes,1
KDQrMoksJ4Q,xk0-yebNA_o,3
KDQrMoksJ4Q,esPRsT-lmw8,1
KDQrMoksJ4Q,36m1o-tM05g,1
KDQrMoksJ4Q,4-079YIasck,1
KDQrMoksJ4Q,lo0X2ZdElQ4,2
KDQrMoksJ4Q,tLteWutitFM,1
KDQrMoksJ4Q,v1ojZKWfShQ,1
KDQrMoksJ4Q,ZML0eAZ-RwI,1
KDQrMoksJ4Q,VaRO5-V1uK0,1
KDQrMoksJ4Q,Lp7E973zozc,1
VaRO5-V1uK0,xbagFzcyNiM,1
VaRO5-V1uK0,4-079YIasck,1
VaRO5-V1uK0,Jb_1IklnhaU,2
VaRO5-V1uK0,qiN67V5q3C4,1
VaRO5-V1uK0,QbxinUJcLGg,1
B1LRbCpawaw,uqp9sAM3bYI,1
B1LRbCpawaw,jOJLx4Du3vU,1
B1LRbCpawaw,ksIH7nNXjhI,1
uqp9sAM3bYI,ksIH7nNXjhI,1
uqp9sAM3bYI,uNQujCwCu88,1
uqp9sAM3bYI,ErmOTERAnQo,1
ksIH7nNXjhI,XGq3MXQlRJs,1
ksIH7nNXjhI,JrBmsjgpd4E,1
ksIH7nNXjhI,36m1o-tM05g,1
ksIH7nNXjhI,ClvuG5kbt2I,1
ksIH7nNXjhI,vf7sPS6Q2A0,1
ksIH7nNXjhI,bKuDDNi5Dlw,1
36m1o-tM05g,4-079YIasck,6
36m1o-tM05g,Jb_1IklnhaU,1
36m1o-tM05g,8s3bdVxuFBs,1
36m1o-tM05g,9vJRopau0g0,4
36m1o-tM05g,KDQrMoksJ4Q,3
36m1o-tM05g,ycB29FkoylE,4
36m1o-tM05g,lFZvLeMbJ_U,3
36m1o-tM05g,bC0hlK7WGcM,1
36m1o-tM05g,jOJLx4Du3vU,1
36m1o-tM05g,xbagFzcyNiM,2
36m1o-tM05g,QbxinUJcLGg,1
36m1o-tM05g,QzPbY9ufnQY,1
36m1o-tM05g,xnLoToJVQH4,1
36m1o-tM05g,VaRO5-V1uK0,2
36m1o-tM05g,xk0-yebNA_o,1
36m1o-tM05g,7br3mY2vRaQ,1
uNQujCwCu88,pOchBnZJdEk,1
uNQujCwCu88,SjzxsTG6OaE,1
uNQujCwCu88,jOJLx4Du3vU,1
ErmOTERAnQo,w-HYZv6HzAs,1
ErmOTERAnQo,JiwZQNYlGQI,1
ErmOTERAnQo,OLQJJDrbj6Q,1
8s3bdVxuFBs,9vJRopau0g0,1
8s3bdVxuFBs,qiN67V5q3C4,1
8s3bdVxuFBs,JsC9ZHi79jo,1
8s3bdVxuFBs,KV8_MDTkjso,1
8s3bdVxuFBs,N5Y8W0OC9Jw,1
8s3bdVxuFBs,2Yt6raj-S1M,1
8s3bdVxuFBs,_VB39Jo8mAQ,1
8s3bdVxuFBs,tLWEr_kdXl4,1
8s3bdVxuFBs,u9hauSrihYQ,1
GrxJ-9_qXeM,3dqXHHCc5lA,1
GrxJ-9_qXeM,da1vvigy5tQ,1
GrxJ-9_qXeM,36m1o-tM05g,2
GrxJ-9_qXeM,L9UIF852Boo,1
GrxJ-9_qXeM,A5dE25ANU0k,1
vuIlsN32WaE,y801ldQVizY,1
vuIlsN32WaE,da1vvigy5tQ,2
vuIlsN32WaE,K60xHx836T0,2
vuIlsN32WaE,9vJRopau0g0,1
ClvuG5kbt2I,awtmTJW9ic8,1
ClvuG5kbt2I,ksB80XYiYzI,1
ClvuG5kbt2I,P7My_R3xV7w,1
awtmTJW9ic8,ZidGozDhOjg,1
awtmTJW9ic8,4-079YIasck,1
awtmTJW9ic8,vuIlsN32WaE,1
vf7sPS6Q2A0,v1ojZKWfShQ,1
vf7sPS6Q2A0,4-079YIasck,1
vf7sPS6Q2A0,M2NHvpM9PWU,1
bKuDDNi5Dlw,yfcnRzcpTd4,1
bKuDDNi5Dlw,B1LRbCpawaw,1
bKuDDNi5Dlw,fYOfWpZ6g5c,1
4O2JK_94g3Y,xk0-yebNA_o,1
4O2JK_94g3Y,xF80HzqvAoA,1
4O2JK_94g3Y,kcW4ABcY3zI,1
UUnRKf2CemA,v1ojZKWfShQ,1
UUnRKf2CemA,VaRO5-V1uK0,1
UUnRKf2CemA,79zra755WgA,1
qS7mBbXxJYA,GrxJ-9_qXeM,1
qS7mBbXxJYA,xbagFzcyNiM,1
qS7mBbXxJYA,Ed4SeoQypy0,1
xbagFzcyNiM,9vJRopau0g0,1
xbagFzcyNiM,gR4-ittuZi8,1
xbagFzcyNiM,JiwZQNYlGQI,1
Ed4SeoQypy0,KP5mzWDH4b8,1
Ed4SeoQypy0,ps4Iy8VBxYc,1
Ed4SeoQypy0,M7hOpT0lPGI,1
M7hOpT0lPGI,gn4bvjMh4vc,1
M7hOpT0lPGI,ljqra3BcqWM,1
M7hOpT0lPGI,hqKafI7Amd8,1
azRl1dI-Cts,tLWEr_kdXl4,1
azRl1dI-Cts,cXkH_6-aG-8,1
azRl1dI-Cts,6qkSMkiGWdg,1
tLWEr_kdXl4,fC2z69q3L0o,1
tLWEr_kdXl4,jOJLx4Du3vU,1
tLWEr_kdXl4,9vJRopau0g0,1
cXkH_6-aG-8,qS7mBbXxJYA,1
cXkH_6-aG-8,9vJRopau0g0,1
cXkH_6-aG-8,SSH5EY-W5oM,1
KTT7i3SKpMQ,WcdA4D9IyLM,1
KTT7i3SKpMQ,O6Ti4qUa-OU,1
KTT7i3SKpMQ,4W-3Mnu3Ovo,1
WcdA4D9IyLM,MALsI0mJ09I,1
WcdA4D9IyLM,Al9NOCXaHjo,1
WcdA4D9IyLM,bXBgitBX5Q0,1
MALsI0mJ09I,_tc4K5Zujqw,2
MALsI0mJ09I,4Lxj5FEpEG4,1
MALsI0mJ09I,Y6U728AZnV0,1
MALsI0mJ09I,K60xHx836T0,1
MALsI0mJ09I,KTT7i3SKpMQ,1
Al9NOCXaHjo,CwF2tdIlZ28,1
Al9NOCXaHjo,4W-3Mnu3Ovo,1
Al9NOCXaHjo,8t9iKD1cszA,1
4W-3Mnu3Ovo,iqCzkjOH_sE,1
4W-3Mnu3Ovo,36m1o-tM05g,1
4W-3Mnu3Ovo,O6Ti4qUa-OU,1
bXBgitBX5Q0,gMM-mr4CTY0,1
bXBgitBX5Q0,X4HMflefoF0,1
bXBgitBX5Q0,zO--hYecQKo,1
O6Ti4qUa-OU,MALsI0mJ09I,2
O6Ti4qUa-OU,iqCzkjOH_sE,1
O6Ti4qUa-OU,2Y4mbT3ozcA,2
O6Ti4qUa-OU,rMG1tNgKVhs,1
iqCzkjOH_sE,R9qVa4LoJx8,2
iqCzkjOH_sE,MALsI0mJ09I,2
iqCzkjOH_sE,axAx_Dq3rn8,1
iqCzkjOH_sE,O6Ti4qUa-OU,1
2Y4mbT3ozcA,07o-TASvIxY,1
2Y4mbT3ozcA,Al9NOCXaHjo,1
2Y4mbT3ozcA,IC8K8U2_Ipg,1
ycB29FkoylE,-KysuBl2m_w,1
ycB29FkoylE,4-079YIasck,4
ycB29FkoylE,esPRsT-lmw8,1
ycB29FkoylE,7vZmOF11P9A,1
ycB29FkoylE,c_X_sPNUDes,1
ycB29FkoylE,8pq_tCgDkT4,1
ycB29FkoylE,vVsXO9brK7M,1
ycB29FkoylE,xnLoToJVQH4,2
ycB29FkoylE,pi4JOlMSWjo,1
ycB29FkoylE,L9UIF852Boo,1
ycB29FkoylE,Lp7E973zozc,1
lFZvLeMbJ_U,QKFD9ubmKSc,1
lFZvLeMbJ_U,28Ip-STEPKU,1
lFZvLeMbJ_U,NHHPNMIK-fY,1
H6n3iNh4XLI,XOU2ubWkoPw,1
H6n3iNh4XLI,MY5SatbZMAo,1
H6n3iNh4XLI,TFbv757kup4,1
wM82hE6oimw,jOJLx4Du3vU,1
wM82hE6oimw,L51h8BBu7b8,1
wM82hE6oimw,5pW2b1vwwf4,1
wM82hE6oimw,Lp7E973zozc,1
wM82hE6oimw,2RuCfTiCDjs,1
wM82hE6oimw,MY5SatbZMAo,1
TQMbvJNRpLE,w-HYZv6HzAs,1
TQMbvJNRpLE,vo_lZiytsMw,1
TQMbvJNRpLE,Hu4Yvq-g7_Y,1
bGBamfWasNQ,kARkOdRHaj8,1
bGBamfWasNQ,a2MR5XbJtXU,1
bGBamfWasNQ,_TJFdAtTe6M,1
bGBamfWasNQ,4BZuWrdC-9Q,1
bGBamfWasNQ,2y8SA6cLUys,1
bGBamfWasNQ,K0pxo-dS9Hc,1
7vZmOF11P9A,c_X_sPNUDes,1
7vZmOF11P9A,MmfikLimeQ8,1
7vZmOF11P9A,ycB29FkoylE,1
vo_lZiytsMw,TQMbvJNRpLE,1
vo_lZiytsMw,MmfikLimeQ8,1
vo_lZiytsMw,sWp87GXDvEk,1
MmfikLimeQ8,yPccDN0Nx_g,1
MmfikLimeQ8,3DBOn7QS7iI,1
MmfikLimeQ8,TFbv757kup4,1
Hu4Yvq-g7_Y,4O2JK_94g3Y,1
Hu4Yvq-g7_Y,TFbv757kup4,1
Hu4Yvq-g7_Y,xp0O2vi8DX4,1
S8yWLA--S8Q,1EHZAQmw2JA,1
S8yWLA--S8Q,xF80HzqvAoA,1
S8yWLA--S8Q,TFbv757kup4,1
xF80HzqvAoA,sWp87GXDvEk,2
xF80HzqvAoA,JsC9ZHi79jo,1
xF80HzqvAoA,aoRHq0TQnZM,1
xF80HzqvAoA,4O2JK_94g3Y,1
xF80HzqvAoA,Df2JBnql8lc,1
aoRHq0TQnZM,52lZmIafep4,1
aoRHq0TQnZM,4O2JK_94g3Y,1
aoRHq0TQnZM,gOJL3gjc8ak,1
bRtBHF-WPpM,6MBaFL7sCb8,1
bRtBHF-WPpM,wfNX1cHk-fE,1
bRtBHF-WPpM,xp0O2vi8DX4,1
gF5XztmijhQ,H2rG4Dg6xyI,1
gF5XztmijhQ,--mY5ruEhqI,2
gF5XztmijhQ,pi4JOlMSWjo,1
gF5XztmijhQ,EirlZ7fy3bE,1
gF5XztmijhQ,ycB29FkoylE,1
ZidGozDhOjg,qq0DBeFdDlM,1
ZidGozDhOjg,29Vj0-TVHiQ,1
ZidGozDhOjg,JUedQ0_EGCQ,1
xk0-yebNA_o,4uE6uBH1Smc,1
xk0-yebNA_o,hklt2xW2DCg,1
xk0-yebNA_o,4-079YIasck,2
xk0-yebNA_o,lo0X2ZdElQ4,1
xk0-yebNA_o,ycB29FkoylE,1
lo0X2ZdElQ4,vLFxOOEyhUE,1
lo0X2ZdElQ4,KDQrMoksJ4Q,3
lo0X2ZdElQ4,4-079YIasck,1
lo0X2ZdElQ4,VaRO5-V1uK0,1
lo0X2ZdElQ4,ycB29FkoylE,1
lo0X2ZdElQ4,esPRsT-lmw8,1
lo0X2ZdElQ4,ARWBdfWpDyc,1
QKFD9ubmKSc,VaRO5-V1uK0,1
QKFD9ubmKSc,rPh3c8Sa37M,1
QKFD9ubmKSc,u5GCetbP7Fg,1
6pY7EjqD3QA,L9UIF852Boo,2
6pY7EjqD3QA,bGBamfWasNQ,1
6pY7EjqD3QA,Nj-hdQMa3uA,1
6pY7EjqD3QA,KDQrMoksJ4Q,1
6pY7EjqD3QA,v1ojZKWfShQ,1
6pY7EjqD3QA,kARkOdRHaj8,1
6pY7EjqD3QA,jOJLx4Du3vU,1
6pY7EjqD3QA,y0tVnE-8mwU,2
6pY7EjqD3QA,lKedDUV8MO0,1
6pY7EjqD3QA,fqdaRXQjTUE,1
kARkOdRHaj8,oDsMlmfLjd4,1
kARkOdRHaj8,LZu16ZaLgJM,1
kARkOdRHaj8,ycB29FkoylE,1
a2MR5XbJtXU,wM82hE6oimw,1
a2MR5XbJtXU,v1ojZKWfShQ,1
a2MR5XbJtXU,w-HYZv6HzAs,1
2y8SA6cLUys,PRh80RyT74I,1
2y8SA6cLUys,oDsMlmfLjd4,1
2y8SA6cLUys,7XFLTDQ4JMk,1
K0pxo-dS9Hc,i0a61wFaF8A,1
K0pxo-dS9Hc,bGBamfWasNQ,1
K0pxo-dS9Hc,QGeHS4jO0X0,1
i0a61wFaF8A,Iwpi1Lm6dFo,1
i0a61wFaF8A,Ep2MAx95m20,1
i0a61wFaF8A,L9UIF852Boo,1
Nj-hdQMa3uA,MdZAMSyn_As,1
Nj-hdQMa3uA,Iwpi1Lm6dFo,1
Nj-hdQMa3uA,i0a61wFaF8A,1
Iwpi1Lm6dFo,9vJRopau0g0,1
Iwpi1Lm6dFo,K0pxo-dS9Hc,1
Iwpi1Lm6dFo,L9UIF852Boo,1
QLuqXctU_IQ,zeAEFEXvcBg,1
QLuqXctU_IQ,WWtRied_Tsk,1
QLuqXctU_IQ,_VB39Jo8mAQ,1
zeAEFEXvcBg,gn4bvjMh4vc,1
zeAEFEXvcBg,jobYTQTgeUE,1
zeAEFEXvcBg,02EJ1IdC6tE,1
gn4bvjMh4vc,BrNs0M77Pd4,1
gn4bvjMh4vc,ARWBdfWpDyc,1
gn4bvjMh4vc,i-T7tCMUDXU,1
gn4bvjMh4vc,8v0ykTrTQEc,1
gn4bvjMh4vc,PJy8vTu66tE,1
gn4bvjMh4vc,CFtsHf1lVI4,1
gn4bvjMh4vc,MptrypvBTag,1
gn4bvjMh4vc,M7hOpT0lPGI,1
gn4bvjMh4vc,4Zgwz_m7sRs,2
gn4bvjMh4vc,36m1o-tM05g,2
gn4bvjMh4vc,ZGan5NwJ-LM,2
gn4bvjMh4vc,F-nNTGK0wFw,1
BrNs0M77Pd4,3lTvVTnjU5U,1
BrNs0M77Pd4,-Y7PLaxXUrs,1
BrNs0M77Pd4,i-T7tCMUDXU,1
i-T7tCMUDXU,-wkdH_wluhw,1
i-T7tCMUDXU,p9UC0chfXcg,2
i-T7tCMUDXU,4Lb5L-VEm34,1
i-T7tCMUDXU,A5dE25ANU0k,1
i-T7tCMUDXU,36m1o-tM05g,1
ARWBdfWpDyc,L9UIF852Boo,1
ARWBdfWpDyc,rPh3c8Sa37M,1
ARWBdfWpDyc,PXwStduNw14,1
-wkdH_wluhw,i-T7tCMUDXU,1
-wkdH_wluhw,xk0-yebNA_o,1
-wkdH_wluhw,jOJLx4Du3vU,1
jobYTQTgeUE,B7UVfqtfQBc,1
jobYTQTgeUE,A5dE25ANU0k,1
jobYTQTgeUE,-U4Cq-dgNnw,2
jobYTQTgeUE,M8JdkfZdhe8,1
jobYTQTgeUE,YtAR_OGzlcg,1
B7UVfqtfQBc,gn4bvjMh4vc,1
B7UVfqtfQBc,RrFSO62p0jk,1
B7UVfqtfQBc,lYH_nFwMXRM,1
-U4Cq-dgNnw,qS7mBbXxJYA,1
-U4Cq-dgNnw,XPAG3I8P34k,1
-U4Cq-dgNnw,nh1emIVHy8g,1
-U4Cq-dgNnw,e7wFPAQcqCw,1
-U4Cq-dgNnw,36m1o-tM05g,1
-U4Cq-dgNnw,a4n0zcsdoN0,1
02EJ1IdC6tE,KDQrMoksJ4Q,1
02EJ1IdC6tE,pWNCcURQu1s,1
02EJ1IdC6tE,L9UIF852Boo,1
pWNCcURQu1s,TKOKD69jUA0,1
pWNCcURQu1s,qBVFJYdWses,1
pWNCcURQu1s,wfNX1cHk-fE,1
WWtRied_Tsk,ddek3gQVt9Y,1
WWtRied_Tsk,ZNi6KJg921w,1
WWtRied_Tsk,i0hij-L5c-A,1
ddek3gQVt9Y,dgf0OUsQJuA,1
ddek3gQVt9Y,jodhovumkHQ,1
ddek3gQVt9Y,9KiUq8i9pbE,1
dgf0OUsQJuA,vj-91dMvQQo,1
dgf0OUsQJuA,9KiUq8i9pbE,1
dgf0OUsQJuA,H2rG4Dg6xyI,1
9KiUq8i9pbE,rkZl2gsLUp4,1
9KiUq8i9pbE,nirKw3mWB3I,1
9KiUq8i9pbE,21j_OCNLuYg,1
jodhovumkHQ,oDJ0dRb4-XY,1
jodhovumkHQ,nirKw3mWB3I,1
jodhovumkHQ,P3fIZuW9P_M,1
nirKw3mWB3I,NWH8N-BvhAw,1
nirKw3mWB3I,--mY5ruEhqI,1
nirKw3mWB3I,8yBfAeadqjI,1
P3fIZuW9P_M,4-079YIasck,1
P3fIZuW9P_M,o4Y5Mr8rZ9A,1
P3fIZuW9P_M,oDJ0dRb4-XY,1
rkZl2gsLUp4,vfvD_jt9R-s,1
rkZl2gsLUp4,IDPDEKtd2yM,1
rkZl2gsLUp4,9KiUq8i9pbE,1
ZNi6KJg921w,A5dE25ANU0k,1
ZNi6KJg921w,esPRsT-lmw8,1
ZNi6KJg921w,36m1o-tM05g,1
izgtCxsLVd0,f0WCb23KPEw,1
izgtCxsLVd0,KnD0uQIalg8,1
izgtCxsLVd0,hFcQpNr_KA4,1
2VWS_F_UeQI,xk0-yebNA_o,1
2VWS_F_UeQI,4-079YIasck,1
2VWS_F_UeQI,a2CDa5zRQR0,1
i0hij-L5c-A,dJbg-FcYLBI,1
i0hij-L5c-A,nirKw3mWB3I,1
i0hij-L5c-A,-uazFBCDvVw,1
dJbg-FcYLBI,xmndCPvXiik,1
dJbg-FcYLBI,c_X_sPNUDes,1
dJbg-FcYLBI,sHLpOUZe388,1
-uazFBCDvVw,NWH8N-BvhAw,1
-uazFBCDvVw,RSlc9IxdBw8,1
-uazFBCDvVw,eyq2Wo4eUDg,1
A9UmdY0E8hU,9vJRopau0g0,1
A9UmdY0E8hU,fDCAPOTnBIo,1
A9UmdY0E8hU,vj-91dMvQQo,1
fDCAPOTnBIo,_-kUV9HMVMU,1
fDCAPOTnBIo,1D8ETonCnPs,1
fDCAPOTnBIo,974Igxkvf34,1
hqKafI7Amd8,5c6AADI7Pb4,1
hqKafI7Amd8,8s3bdVxuFBs,1
hqKafI7Amd8,IaJtUCU004o,1
hqKafI7Amd8,JsC9ZHi79jo,2
hqKafI7Amd8,Tp25LmdYlds,1
hqKafI7Amd8,YiUN35Ikdfw,2
hqKafI7Amd8,HEfpxiUIZPs,1
5c6AADI7Pb4,Xdhmgp4IUL0,1
5c6AADI7Pb4,hqKafI7Amd8,1
5c6AADI7Pb4,Tp25LmdYlds,1
Xdhmgp4IUL0,tGdsOXZpyWE,1
Xdhmgp4IUL0,JD4O7ama3o8,1
Xdhmgp4IUL0,erpPQDSWD0k,1
Tp25LmdYlds,97MWOERY_dE,1
Tp25LmdYlds,IaJtUCU004o,1
Tp25LmdYlds,5c6AADI7Pb4,1
YiUN35Ikdfw,JSWPoeBLFyQ,1
YiUN35Ikdfw,97MWOERY_dE,1
YiUN35Ikdfw,3mR9PfEOFFo,1
8v0ykTrTQEc,gS1n3MdzF0k,1
8v0ykTrTQEc,Mj0pt-xEO-c,1
8v0ykTrTQEc,LAWrwexw-To,1
gS1n3MdzF0k,DfJn8HCKO8g,1
gS1n3MdzF0k,QKFD9ubmKSc,1
gS1n3MdzF0k,FpHPVrsEkYY,1
DfJn8HCKO8g,OjgJ2KpyJ5w,1
DfJn8HCKO8g,36m1o-tM05g,1
DfJn8HCKO8g,DfBzEAieaAM,1
u5GCetbP7Fg,28Ip-STEPKU,1
u5GCetbP7Fg,lyZysfafOAs,1
u5GCetbP7Fg,DfBzEAieaAM,1
FpHPVrsEkYY,FGRxmPeT194,1
FpHPVrsEkYY,BOrR99rRskc,1
FpHPVrsEkYY,s7KvKqsYCZE,1
Mj0pt-xEO-c,ym2DW3_kHJw,1
Mj0pt-xEO-c,3dqXHHCc5lA,1
Mj0pt-xEO-c,K2f9JF4a8co,1
ym2DW3_kHJw,1w0_kazbb_U,1
ym2DW3_kHJw,Ipb1Xrq8WVQ,1
ym2DW3_kHJw,A5dE25ANU0k,1
K2f9JF4a8co,ym2DW3_kHJw,1
K2f9JF4a8co,Cis9AZm9OmQ,1
K2f9JF4a8co,afQXZwPYSQk,1
LAWrwexw-To,u5GCetbP7Fg,1
LAWrwexw-To,fDzj9vRw5yM,1
LAWrwexw-To,e4TFYAFzmPA,1
fDzj9vRw5yM,OLQzz75yE5A,1
fDzj9vRw5yM,36m1o-tM05g,1
fDzj9vRw5yM,dKuAB3JqnAs,1
e4TFYAFzmPA,lyZysfafOAs,1
e4TFYAFzmPA,34ttspXxYlw,1
e4TFYAFzmPA,36m1o-tM05g,1
PJy8vTu66tE,gn4bvjMh4vc,2
PJy8vTu66tE,N-yALPEpV4w,1
PJy8vTu66tE,rHTBQCpNm5o,1
PJy8vTu66tE,B1zqNiUcWOo,1
PJy8vTu66tE,DfBzEAieaAM,1
N-yALPEpV4w,gn4bvjMh4vc,1
N-yALPEpV4w,36m1o-tM05g,1
N-yALPEpV4w,S1E8SQde5rk,1
CFtsHf1lVI4,tV2RLLtOgL4,1
CFtsHf1lVI4,c_X_sPNUDes,1
CFtsHf1lVI4,uU6o2_UFSEY,1
MptrypvBTag,lYH_nFwMXRM,1
MptrypvBTag,3lTvVTnjU5U,1
MptrypvBTag,gn4bvjMh4vc,1
HEfpxiUIZPs,luvthTjC0OI,1
HEfpxiUIZPs,B7UVfqtfQBc,1
HEfpxiUIZPs,PJy8vTu66tE,1
F-nNTGK0wFw,U3XqxG2FvRw,1
F-nNTGK0wFw,4O2JK_94g3Y,1
F-nNTGK0wFw,gn4bvjMh4vc,1
U3XqxG2FvRw,1Rl1GBpnU00,1
U3XqxG2FvRw,KGoMyNm0Kjc,1
U3XqxG2FvRw,HzTvEK1sVi0,1
1Rl1GBpnU00,rPh3c8Sa37M,1
1Rl1GBpnU00,72k3uQascSg,1
1Rl1GBpnU00,vSagi9jVFss,1
KGoMyNm0Kjc,36m1o-tM05g,1
KGoMyNm0Kjc,AmUJLx47ZDg,1
KGoMyNm0Kjc,_DawgEK9muY,1
HzTvEK1sVi0,4O2JK_94g3Y,1
HzTvEK1sVi0,dpC2jGqu4G0,1
HzTvEK1sVi0,4-079YIasck,1
kcW4ABcY3zI,y4dEXXsiOrA,1
kcW4ABcY3zI,7bB_fVDlvhc,1
kcW4ABcY3zI,7CBfCW67xT8,1
4Zgwz_m7sRs,36m1o-tM05g,1
4Zgwz_m7sRs,gn4bvjMh4vc,1
4Zgwz_m7sRs,-U4Cq-dgNnw,1
4Zgwz_m7sRs,jobYTQTgeUE,1
4Zgwz_m7sRs,WLXPi0Jha5o,1
4Zgwz_m7sRs,2VWS_F_UeQI,1
ZGan5NwJ-LM,jOJLx4Du3vU,1
ZGan5NwJ-LM,0-esYRaFe_s,1
ZGan5NwJ-LM,36m1o-tM05g,1
ZGan5NwJ-LM,4-079YIasck,1
ZGan5NwJ-LM,mTwS9_PReM4,1
ZGan5NwJ-LM,-wkdH_wluhw,1
B1zqNiUcWOo,5xF4i4sxKeg,1
B1zqNiUcWOo,Ex53ZB4zTDo,1
B1zqNiUcWOo,pUrrljujWc0,1
5xF4i4sxKeg,tm8pvacsC_8,1
5xF4i4sxKeg,BOaUjSm-K5I,1
5xF4i4sxKeg,jOJLx4Du3vU,1
tm8pvacsC_8,ihXyiVnJu78,1
tm8pvacsC_8,BOaUjSm-K5I,1
tm8pvacsC_8,vRudjy0cub0,1
BOaUjSm-K5I,YkGEeWt5H94,1
BOaUjSm-K5I,vRudjy0cub0,1
BOaUjSm-K5I,ihXyiVnJu78,1
Ex53ZB4zTDo,xe_WA7UYRWY,1
Ex53ZB4zTDo,LscTx6DHh9I,1
Ex53ZB4zTDo,jOJLx4Du3vU,1
xe_WA7UYRWY,VxuWIXdYYyQ,1
xe_WA7UYRWY,LscTx6DHh9I,1
xe_WA7UYRWY,FNL22RvFwn0,1
LscTx6DHh9I,PJy8vTu66tE,1
LscTx6DHh9I,36m1o-tM05g,1
LscTx6DHh9I,-RHG58Mspw4,1
pUrrljujWc0,SuFKONsatkc,1
pUrrljujWc0,A5dE25ANU0k,1
pUrrljujWc0,DiZOH_ANTks,1
SuFKONsatkc,qdiF1f_GfyM,1
SuFKONsatkc,jQviPghhtus,1
SuFKONsatkc,GxJVbzdf5gI,1
DiZOH_ANTks,GrxJ-9_qXeM,1
DiZOH_ANTks,f8YpK7bPeNM,1
DiZOH_ANTks,V3gEfdAcO_8,1
mTwS9_PReM4,i-T7tCMUDXU,1
mTwS9_PReM4,PYYyRjTaypI,1
mTwS9_PReM4,gn4bvjMh4vc,1
WLXPi0Jha5o,qFxg5vkaPgk,1
WLXPi0Jha5o,xnbxrDGZoBQ,1
WLXPi0Jha5o,YtAR_OGzlcg,1
QbxinUJcLGg,4-079YIasck,1
QbxinUJcLGg,Jb_1IklnhaU,1
QbxinUJcLGg,36m1o-tM05g,1
QzPbY9ufnQY,4-079YIasck,1
QzPbY9ufnQY,xbagFzcyNiM,1
QzPbY9ufnQY,JUedQ0_EGCQ,1
ex0v7IXlz5w,-U4Cq-dgNnw,1
ex0v7IXlz5w,Z-NCCIEZBKY,1
ex0v7IXlz5w,DfBzEAieaAM,1
Z-NCCIEZBKY,36m1o-tM05g,1
Z-NCCIEZBKY,KV8_MDTkjso,1
Z-NCCIEZBKY,WwB6bPgPol4,1
V2PP3p4_4R8,TFbv757kup4,1
V2PP3p4_4R8,BQ2_BwqcFsc,1
V2PP3p4_4R8,Hu4Yvq-g7_Y,1
KjlRaaMduzo,A2aBKnr3Ep4,1
KjlRaaMduzo,p4JPFr8g3yQ,1
KjlRaaMduzo,JQ6irnso40c,1
A2aBKnr3Ep4,_VB39Jo8mAQ,1
A2aBKnr3Ep4,Ue8G_TT1cZY,1
A2aBKnr3Ep4,t383l_7-o4o,1
p4JPFr8g3yQ,tK2OPkz2LTM,1
p4JPFr8g3yQ,whyUPLJZljE,1
p4JPFr8g3yQ,0HmxEHVA66Q,1
whyUPLJZljE,55HERZnmHT8,1
whyUPLJZljE,zNBmHXS3A6I,1
whyUPLJZljE,OMzoyiAS878,1
JQ6irnso40c,RbYBmER1CB0,1
JQ6irnso40c,36m1o-tM05g,1
JQ6irnso40c,8s3bdVxuFBs,1
OOG65rSM5fA,6pY7EjqD3QA,1
OOG65rSM5fA,MdZAMSyn_As,1
OOG65rSM5fA,POmqBXCimYc,1
tLteWutitFM,bRtBHF-WPpM,1
tLteWutitFM,L9UIF852Boo,1
tLteWutitFM,jOJLx4Du3vU,1
jpRqbP9Nv9k,jOJLx4Du3vU,1
jpRqbP9Nv9k,w-HYZv6HzAs,1
jpRqbP9Nv9k,ycB29FkoylE,1
Pg3P1U37Avs,gu0FRPYD7aU,1
Pg3P1U37Avs,elW69hyPUuI,1
Pg3P1U37Avs,36m1o-tM05g,1
fqdaRXQjTUE,5ZckGSY5UPA,1
fqdaRXQjTUE,6pY7EjqD3QA,1
fqdaRXQjTUE,2gxnr3r1YVU,1
5ZckGSY5UPA,twSvd5bQLDw,1
5ZckGSY5UPA,D4cV8yfgNyI,1
5ZckGSY5UPA,6pY7EjqD3QA,1
D4cV8yfgNyI,esPRsT-lmw8,1
D4cV8yfgNyI,a2MR5XbJtXU,1
D4cV8yfgNyI,POmqBXCimYc,1
POmqBXCimYc,8s3bdVxuFBs,1
POmqBXCimYc,Z6BXeIjnaYE,1
POmqBXCimYc,A5dE25ANU0k,1
y0tVnE-8mwU,SEDvD1IICfE,1
y0tVnE-8mwU,vj-91dMvQQo,1
y0tVnE-8mwU,02EJ1IdC6tE,1
lKedDUV8MO0,AOixJtA6JwQ,1
lKedDUV8MO0,36m1o-tM05g,1
lKedDUV8MO0,fqdaRXQjTUE,1
44J3FGYKltI,LnJwH_PZXnM,1
44J3FGYKltI,TFbv757kup4,1
44J3FGYKltI,P3fIZuW9P_M,1
2gxnr3r1YVU,36m1o-tM05g,1
2gxnr3r1YVU,2TMVyVI4biw,1
2gxnr3r1YVU,cCdu67s_C5E,1
2TMVyVI4biw,GrxJ-9_qXeM,1
2TMVyVI4biw,Ez5yS4Q5ASA,1
2TMVyVI4biw,GH1TXfQSwUQ,1
cCdu67s_C5E,2y8SA6cLUys,1
cCdu67s_C5E,yuuk3pStM24,1
cCdu67s_C5E,u4ZoJKF_VuA,1
yPccDN0Nx_g,tMQ4OxOxgrc,1
yPccDN0Nx_g,Hu4Yvq-g7_Y,1
yPccDN0Nx_g,vj-91dMvQQo,1
3DBOn7QS7iI,v1ojZKWfShQ,1
3DBOn7QS7iI,Z8oE2kqVXkk,1
3DBOn7QS7iI,FV5AUAle2Zs,1
5MgBikgcWnY,gBumdOWWMhY,1
5MgBikgcWnY,xNmf-G81Irs,1
5MgBikgcWnY,bRtBHF-WPpM,1
fC2z69q3L0o,tLWEr_kdXl4,1
fC2z69q3L0o,bRtBHF-WPpM,1
fC2z69q3L0o,Qi1oN1icAYc,1
FScfGU7rQaM,OOG65rSM5fA,1
FScfGU7rQaM,u9hauSrihYQ,1
FScfGU7rQaM,9vJRopau0g0,1
Z6BXeIjnaYE,l29q7OxKMmM,1
Z6BXeIjnaYE,44J3FGYKltI,1
Z6BXeIjnaYE,WwTpfVQgkU0,1
l29q7OxKMmM,4-079YIasck,1
l29q7OxKMmM,Gi2wXx_Nv7w,1
l29q7OxKMmM,36m1o-tM05g,1
Gi2wXx_Nv7w,4vgl3v8rjj8,1
Gi2wXx_Nv7w,esPRsT-lmw8,1
Gi2wXx_Nv7w,GOZOhpx_AFI,1
WwTpfVQgkU0,twSvd5bQLDw,1
WwTpfVQgkU0,kARkOdRHaj8,1
WwTpfVQgkU0,whyUPLJZljE,1
Dvh3JhsrQ0w,o0td5aw1KXA,1
Dvh3JhsrQ0w,da1vvigy5tQ,1
Dvh3JhsrQ0w,2tcEgqTWbxQ,1
KnD0uQIalg8,BOaUjSm-K5I,1
KnD0uQIalg8,G0Zj_InJ4BQ,1
KnD0uQIalg8,SucvjUnhkGI,1
hFcQpNr_KA4,36m1o-tM05g,1
hFcQpNr_KA4,esPRsT-lmw8,1
hFcQpNr_KA4,4O2JK_94g3Y,1
2tcEgqTWbxQ,Rat1n34l_wI,1
2tcEgqTWbxQ,v_ONFix_e4k,1
2tcEgqTWbxQ,f0WCb23KPEw,1
v_ONFix_e4k,ktQzM2IA-qU,1
v_ONFix_e4k,jOJLx4Du3vU,1
v_ONFix_e4k,L9UIF852Boo,1
uYew7v8PyhA,VRJzvJ5XPQI,1
uYew7v8PyhA,PUPpnigFLCQ,1
uYew7v8PyhA,HwNgKJ-7YWQ,1
VRJzvJ5XPQI,2jwN1TjN-_g,1
VRJzvJ5XPQI,CfNEHW3qgso,1
VRJzvJ5XPQI,GoAA0sYkLI0,1
2jwN1TjN-_g,BpnF1HCQ0Zo,1
2jwN1TjN-_g,klzMN_CLJcU,1
2jwN1TjN-_g,dE4xJQrYIYw,2
2jwN1TjN-_g,GGs_NT4iL2c,1
2jwN1TjN-_g,vlnsxMiXOK8,1
BpnF1HCQ0Zo,gokZgvLPe1g,1
BpnF1HCQ0Zo,nlnhnb9phBY,1
BpnF1HCQ0Zo,3RkhZgRNC1k,1
gokZgvLPe1g,PpkwBpgxFsw,1
gokZgvLPe1g,nvUj736Kq-A,1
gokZgvLPe1g,fuRQrF4sPZI,1
PpkwBpgxFsw,dPJoQzjavUI,1
PpkwBpgxFsw,-myuAavxgZc,1
PpkwBpgxFsw,y7gKBaicUnI,1
nvUj736Kq-A,IVScTpD-M6Y,1
nvUj736Kq-A,yI6FUm_n-xk,1
nvUj736Kq-A,zNgenV82wLY,1
fuRQrF4sPZI,srksXVEkfAs,1
fuRQrF4sPZI,otYXs5gRHqg,1
fuRQrF4sPZI,jiMguaZQREU,1
nlnhnb9phBY,ZbgeExmIAO0,1
nlnhnb9phBY,GoAA0sYkLI0,1
nlnhnb9phBY,29n2bv7F6uc,1
ZbgeExmIAO0,DPMiWwqX4wI,1
ZbgeExmIAO0,NKmM1k-JJDA,1
ZbgeExmIAO0,ki4Fbctwnjs,1
ki4Fbctwnjs,89oJojtDVJk,1
ki4Fbctwnjs,cvRrchSG8E8,1
ki4Fbctwnjs,S3vTld5pNlI,1
GoAA0sYkLI0,3OKpECsviu0,4
GoAA0sYkLI0,lCPzTNTvlAs,3
GoAA0sYkLI0,X7mKJzGKb1c,2
GoAA0sYkLI0,D86Mqk8TVqE,1
GoAA0sYkLI0,Jg1gJKZwpPk,1
GoAA0sYkLI0,2jwN1TjN-_g,1
GoAA0sYkLI0,Wx0SALW3qF8,1
GoAA0sYkLI0,lfxV6bq_5P0,1
GoAA0sYkLI0,7KVJ8cT-H2Y,1
GoAA0sYkLI0,_UM3Lhj9Ywk,2
GoAA0sYkLI0,3NVpz6FgwOU,1
GoAA0sYkLI0,EaDxLCKFvlE,1
GoAA0sYkLI0,i_xajvq2xkQ,1
GoAA0sYkLI0,bWyvATXwvNc,1
3OKpECsviu0,sQOjokdp5Co,1
3OKpECsviu0,GoAA0sYkLI0,1
3OKpECsviu0,tNcsWDc4w2o,1
lCPzTNTvlAs,D86Mqk8TVqE,2
lCPzTNTvlAs,SjLijCWt76o,1
lCPzTNTvlAs,8Lj1Cx4pNUw,1
lCPzTNTvlAs,sQOjokdp5Co,1
lCPzTNTvlAs,4m2hYQJ8OUc,1
29n2bv7F6uc,xPGdOXstSyk,1
29n2bv7F6uc,WLoVHyuYVBY,1
29n2bv7F6uc,GoAA0sYkLI0,1
WLoVHyuYVBY,FghSUttp6Lc,1
WLoVHyuYVBY,ki4Fbctwnjs,1
WLoVHyuYVBY,Pon4Zux5MaQ,1
3RkhZgRNC1k,t93UCj1hzu8,1
3RkhZgRNC1k,Y5qjj9618zE,1
3RkhZgRNC1k,-L7o6HtX8Vg,1
t93UCj1hzu8,kLsnWHvFHCo,1
t93UCj1hzu8,TYMa0HWrFRU,1
t93UCj1hzu8,-Pu-PTbMj5E,1
Y5qjj9618zE,nwacMaqSfhM,1
Y5qjj9618zE,GhgmGZWGFKk,1
Y5qjj9618zE,akqcYEIXoEo,1
Y5qjj9618zE,CxDVAd_N5nI,1
Y5qjj9618zE,Zf1QQO1HgYs,1
Y5qjj9618zE,WlVT3bpkTqE,1
-L7o6HtX8Vg,YxZsXZeFU1A,1
-L7o6HtX8Vg,HB0CZ_5sPPw,1
-L7o6HtX8Vg,_EiRLr0tKIE,1
vlnsxMiXOK8,D86Mqk8TVqE,1
vlnsxMiXOK8,qiIJDL81HEs,1
vlnsxMiXOK8,dE4xJQrYIYw,1
D86Mqk8TVqE,Xv5l-hisFuA,1
D86Mqk8TVqE,CgiK8esNcXU,2
D86Mqk8TVqE,nSbi82vs3z4,1
D86Mqk8TVqE,drb7Q0brv3s,1
D86Mqk8TVqE,GoAA0sYkLI0,1
D86Mqk8TVqE,xy9LXhJkHXk,1
D86Mqk8TVqE,SjLijCWt76o,1
D86Mqk8TVqE,8Lj1Cx4pNUw,1
Xv5l-hisFuA,GoAA0sYkLI0,1
Xv5l-hisFuA,UvtiiuyO-gU,1
Xv5l-hisFuA,QpwDhW51bd4,1
CgiK8esNcXU,mbZxWM2KhWg,1
CgiK8esNcXU,W-B3C51-QJ8,2
CgiK8esNcXU,CUIAC699NBg,2
CgiK8esNcXU,Jw4YyM2AfCY,1
CUIAC699NBg,KQta3WYYUfo,1
CUIAC699NBg,Q1MvMTHmD9E,1
CUIAC699NBg,i_xajvq2xkQ,1
nSbi82vs3z4,HAZJAzCshN4,1
nSbi82vs3z4,scC9A9XhewQ,1
nSbi82vs3z4,DkYPge6ZKSQ,1
qiIJDL81HEs,1hxHvLMdf4A,1
qiIJDL81HEs,uTmBeR32GRA,1
qiIJDL81HEs,8Lj1Cx4pNUw,1
1hxHvLMdf4A,GC0YK2e5ruQ,1
1hxHvLMdf4A,vxCBIlNQDDs,1
1hxHvLMdf4A,9x_ZPYA6CSE,1
uTmBeR32GRA,GandEyA65EA,1
uTmBeR32GRA,EGcXF0iG-2s,1
uTmBeR32GRA,J_ZeFaGu-MY,1
8Lj1Cx4pNUw,cQynYGDpyiw,1
8Lj1Cx4pNUw,AXDWnTvvYLk,2
8Lj1Cx4pNUw,DETWRFWWlJI,2
8Lj1Cx4pNUw,Lapdyci7ufs,1
8Lj1Cx4pNUw,rw3iARQ83HA,2
8Lj1Cx4pNUw,CUIAC699NBg,1
8Lj1Cx4pNUw,Li9ff4rQlck,1
8Lj1Cx4pNUw,GoAA0sYkLI0,1
8Lj1Cx4pNUw,1hxHvLMdf4A,1
dE4xJQrYIYw,8kkag-jVdt8,1
dE4xJQrYIYw,2jwN1TjN-_g,1
dE4xJQrYIYw,8Lj1Cx4pNUw,2
dE4xJQrYIYw,7KVJ8cT-H2Y,1
dE4xJQrYIYw,Lc6g3Jlxd9U,1
8kkag-jVdt8,SQ7qKKQrSBY,1
8kkag-jVdt8,8Lj1Cx4pNUw,1
8kkag-jVdt8,bXfbTkBpWRQ,1
7KVJ8cT-H2Y,D86Mqk8TVqE,1
7KVJ8cT-H2Y,SjLijCWt76o,1
7KVJ8cT-H2Y,foEkzweXjIY,1
SjLijCWt76o,t-6h0YmuU2A,2
SjLijCWt76o,drb7Q0brv3s,2
SjLijCWt76o,uTmBeR32GRA,1
SjLijCWt76o,jfgZMmoYvdE,1
SjLijCWt76o,8gn_rHritEk,1
SjLijCWt76o,aYqfdRguRq8,1
SjLijCWt76o,zWfQwGiO66U,1
t-6h0YmuU2A,lCPzTNTvlAs,1
t-6h0YmuU2A,CUIAC699NBg,1
t-6h0YmuU2A,GHKJoXGsOxE,1
foEkzweXjIY,i_xajvq2xkQ,1
foEkzweXjIY,qiIJDL81HEs,1
foEkzweXjIY,vlnsxMiXOK8,1
i_xajvq2xkQ,GoAA0sYkLI0,1
i_xajvq2xkQ,drb7Q0brv3s,1
i_xajvq2xkQ,KPm4Z394ISo,1
i_xajvq2xkQ,D86Mqk8TVqE,2
i_xajvq2xkQ,lCPzTNTvlAs,1
i_xajvq2xkQ,SjLijCWt76o,1
i_xajvq2xkQ,7KVJ8cT-H2Y,1
i_xajvq2xkQ,MyoLGimYQHE,1
Li9ff4rQlck,Z4H2W-k2j84,1
Li9ff4rQlck,MrPuw_F-dXA,1
Li9ff4rQlck,GoAA0sYkLI0,1
Lc6g3Jlxd9U,GoAA0sYkLI0,1
Lc6g3Jlxd9U,i_xajvq2xkQ,1
Lc6g3Jlxd9U,T_f_AHDM3Lo,1
T_f_AHDM3Lo,UMU8FCPYeRw,1
T_f_AHDM3Lo,GoAA0sYkLI0,1
T_f_AHDM3Lo,5ga4PYMKwQ0,1
CfNEHW3qgso,Y5qjj9618zE,1
CfNEHW3qgso,LHqbfJ3tq4Y,1
CfNEHW3qgso,xJcNa2-jprs,1
CxDVAd_N5nI,dWaNdWMLEt8,2
CxDVAd_N5nI,IuGJ8k6lcOY,1
CxDVAd_N5nI,LkY_BkIb4QA,1
CxDVAd_N5nI,ZbgeExmIAO0,1
CxDVAd_N5nI,mUqeBMP8nEg,1
dWaNdWMLEt8,aKW_THDHjXA,1
dWaNdWMLEt8,Ee4YLH-xWME,1
dWaNdWMLEt8,KSuYDQ7tFEk,1
IuGJ8k6lcOY,E1cOcfVrsGQ,1
IuGJ8k6lcOY,-C3CjOkF-jY,1
IuGJ8k6lcOY,-L7o6HtX8Vg,1
LkY_BkIb4QA,PO0IePSZW_s,1
LkY_BkIb4QA,CxDVAd_N5nI,1
LkY_BkIb4QA,U0e7OCfAO64,1
LkY_BkIb4QA,cfuib06M6P0,1
LkY_BkIb4QA,CtWqv0Z3ErM,1
LkY_BkIb4QA,Y5qjj9618zE,1
Zf1QQO1HgYs,16g227KwNDM,1
Zf1QQO1HgYs,OKPrQd_ujIM,1
Zf1QQO1HgYs,BJBJQAUE0qM,1
16g227KwNDM,89oJojtDVJk,1
16g227KwNDM,kudQ9ejpVI0,1
16g227KwNDM,tCqwT2MqLxI,1
OKPrQd_ujIM,SjVSfcfQUGQ,1
OKPrQd_ujIM,GNWSj9KjdGc,1
OKPrQd_ujIM,E-TTw3L_Khw,1
BJBJQAUE0qM,tPhEGLo0Vnk,1
BJBJQAUE0qM,9VtvFJt3YhU,1
BJBJQAUE0qM,FcwAfSB-uHo,1
WlVT3bpkTqE,-Qm4I9f3EBM,1
WlVT3bpkTqE,Sbp_EeBk-As,1
WlVT3bpkTqE,4BzGTiJ0k3k,1
-Qm4I9f3EBM,16g227KwNDM,1
-Qm4I9f3EBM,nWY_s14z57w,1
-Qm4I9f3EBM,PUsczLpxJDo,1
Sbp_EeBk-As,29n2bv7F6uc,2
Sbp_EeBk-As,vTVQtsIfoo8,1
Sbp_EeBk-As,d27Cmudr8mo,2
Sbp_EeBk-As,3RkhZgRNC1k,1
4BzGTiJ0k3k,xPGdOXstSyk,1
4BzGTiJ0k3k,51xYV_H9-B4,1
4BzGTiJ0k3k,MQAVbwUTaYU,1
LHqbfJ3tq4Y,mUqeBMP8nEg,1
LHqbfJ3tq4Y,FghSUttp6Lc,1
LHqbfJ3tq4Y,D8iMBvmBNgM,2
LHqbfJ3tq4Y,Sbp_EeBk-As,2
LHqbfJ3tq4Y,cfuib06M6P0,1
LHqbfJ3tq4Y,PO0IePSZW_s,1
LHqbfJ3tq4Y,KfkOSYpMToo,1
mUqeBMP8nEg,_6ohUUzh9kk,1
mUqeBMP8nEg,P2MUNDiXazM,1
mUqeBMP8nEg,CxDVAd_N5nI,1
_6ohUUzh9kk,feGHmv_eDcw,1
_6ohUUzh9kk,9CtNpbKsuyM,1
_6ohUUzh9kk,oa6cHEJIjYI,1
P2MUNDiXazM,9CtNpbKsuyM,1
P2MUNDiXazM,p-YaTGA4kW0,1
P2MUNDiXazM,-Pu-PTbMj5E,1
FghSUttp6Lc,W4ktLen9cVM,1
FghSUttp6Lc,9oFQzvPUzeU,1
FghSUttp6Lc,WLoVHyuYVBY,1
W4ktLen9cVM,Sbp_EeBk-As,1
W4ktLen9cVM,Pon4Zux5MaQ,1
W4ktLen9cVM,kJ5PCbtiCpk,1
9oFQzvPUzeU,3WQHDUYk310,1
9oFQzvPUzeU,JcI8yn7xQWo,1
9oFQzvPUzeU,W4ktLen9cVM,1
D8iMBvmBNgM,LkY_BkIb4QA,1
D8iMBvmBNgM,yH5ChB7awcM,2
D8iMBvmBNgM,ixHpp3jG3JM,1
D8iMBvmBNgM,tpJcBozuF6A,1
D8iMBvmBNgM,8474PcH-eXY,1
yH5ChB7awcM,Tgr7LTRWkLo,1
yH5ChB7awcM,llctqNJr2IU,1
yH5ChB7awcM,f9SA25OukyM,1
ixHpp3jG3JM,smkyorC5qwc,1
ixHpp3jG3JM,QozGSS7QY_U,1
ixHpp3jG3JM,hM0poNXnjb0,1
xJcNa2-jprs,1SPe82HIf4o,1
xJcNa2-jprs,BJcaLfen7y8,1
xJcNa2-jprs,LHqbfJ3tq4Y,1
1SPe82HIf4o,d-yWx772qFU,1
1SPe82HIf4o,n-KY0Olo628,1
1SPe82HIf4o,NvDvESEXcgE,1
d-yWx772qFU,bJSvWG1XO5A,1
d-yWx772qFU,Akyr4zlBS9E,1
d-yWx772qFU,W4ktLen9cVM,1
n-KY0Olo628,c2z9zFBcZKU,1
n-KY0Olo628,xW_847wnZVA,1
n-KY0Olo628,d27Cmudr8mo,1
NvDvESEXcgE,XKuPfZpzEHg,1
NvDvESEXcgE,oa6cHEJIjYI,2
NvDvESEXcgE,5aXmNle560k,2
NvDvESEXcgE,vYRHrFEpbHk,1
BJcaLfen7y8,LHqbfJ3tq4Y,1
BJcaLfen7y8,NvDvESEXcgE,1
BJcaLfen7y8,yACYTPsAQNU,1
yACYTPsAQNU,vGOL7ZvuGMc,1
yACYTPsAQNU,_6ohUUzh9kk,1
yACYTPsAQNU,oa6cHEJIjYI,1
KfkOSYpMToo,LHqbfJ3tq4Y,1
KfkOSYpMToo,PO0IePSZW_s,1
KfkOSYpMToo,Sbp_EeBk-As,1
bWyvATXwvNc,Cli2PU03u3A,1
bWyvATXwvNc,bGICcdWBx2s,1
bWyvATXwvNc,GoAA0sYkLI0,1
Cli2PU03u3A,oI0Cd73lxcw,2
Cli2PU03u3A,EaDxLCKFvlE,1
Cli2PU03u3A,GoAA0sYkLI0,1
Cli2PU03u3A,p5G9AWr3OX8,1
Cli2PU03u3A,X7mKJzGKb1c,1
oI0Cd73lxcw,tNcsWDc4w2o,1
oI0Cd73lxcw,0T--WC4D1C0,1
oI0Cd73lxcw,1NZiTVPXmNM,1
1NZiTVPXmNM,AL1HXHQLwWo,1
1NZiTVPXmNM,X7mKJzGKb1c,1
1NZiTVPXmNM,j-Syzs0D8ts,1
EaDxLCKFvlE,p5G9AWr3OX8,1
EaDxLCKFvlE,nuhont0dFG0,1
EaDxLCKFvlE,HdWDZyTv010,1
EaDxLCKFvlE,GoAA0sYkLI0,1
EaDxLCKFvlE,Z6JoyTIhyl8,1
EaDxLCKFvlE,DE4YiRlKajs,1
EaDxLCKFvlE,1NZiTVPXmNM,1
EaDxLCKFvlE,QJ0eOVNEc7g,1
EaDxLCKFvlE,1nOz3uOpvO4,1
p5G9AWr3OX8,GoAA0sYkLI0,1
p5G9AWr3OX8,Cli2PU03u3A,1
p5G9AWr3OX8,6UuPixsHLlA,1
_UM3Lhj9Ywk,p5G9AWr3OX8,1
_UM3Lhj9Ywk,YZ3W6d4fsSw,1
_UM3Lhj9Ywk,EaDxLCKFvlE,1
bGICcdWBx2s,afqElXLHejI,1
bGICcdWBx2s,rSgTd4tmmtA,1
bGICcdWBx2s,pdTKnVWNmqI,1
afqElXLHejI,en3px5RLmZ4,1
afqElXLHejI,lL7oQK9gxE4,1
afqElXLHejI,nvX9EYxQEfY,1
rSgTd4tmmtA,10P52OzMwTc,1
rSgTd4tmmtA,rCO6pzVdvio,1
rSgTd4tmmtA,uTmBeR32GRA,1
pdTKnVWNmqI,afqElXLHejI,1
pdTKnVWNmqI,HdWDZyTv010,1
pdTKnVWNmqI,7bK9XhDOgoE,1
aYqfdRguRq8,osa4UBRjyi8,1
aYqfdRguRq8,vxCBIlNQDDs,1
aYqfdRguRq8,t-6h0YmuU2A,1
zWfQwGiO66U,3OKpECsviu0,1
zWfQwGiO66U,drb7Q0brv3s,1
zWfQwGiO66U,094y1Z2wpJg,1
4m2hYQJ8OUc,lCPzTNTvlAs,1
4m2hYQJ8OUc,i_xajvq2xkQ,1
4m2hYQJ8OUc,dlHjNEFdK0M,1
dlHjNEFdK0M,i6keEjM2hmI,1
dlHjNEFdK0M,Ut9Pdbg_G0k,1
dlHjNEFdK0M,2YnAs4NpRd8,1
6UuPixsHLlA,gJzBYraabec,1
6UuPixsHLlA,DK1c4Bz01MU,1
6UuPixsHLlA,oZJqEkamd4Y,1
YZ3W6d4fsSw,T3X3cGm9Mbo,1
YZ3W6d4fsSw,EQoKmeScnY8,1
YZ3W6d4fsSw,S3VMfzoBO7Y,1
T3X3cGm9Mbo,q5thPV9ibCU,1
T3X3cGm9Mbo,NXZJ1FxK2-M,1
T3X3cGm9Mbo,i6keEjM2hmI,1
EQoKmeScnY8,2YnAs4NpRd8,1
EQoKmeScnY8,X7mKJzGKb1c,1
EQoKmeScnY8,HdWDZyTv010,1
S3VMfzoBO7Y,oI0Cd73lxcw,1
S3VMfzoBO7Y,l94v4YOqxOc,1
S3VMfzoBO7Y,GoAA0sYkLI0,1
QJ0eOVNEc7g,P2HVl4ShrHk,1
QJ0eOVNEc7g,nXf4ijlTOgQ,1
QJ0eOVNEc7g,e0pvH3rT0Wo,1
1nOz3uOpvO4,GJVYHwKgi_w,1
1nOz3uOpvO4,8x9X_FdknNI,1
1nOz3uOpvO4,qS98qEXxdxY,1
PUPpnigFLCQ,0JwqvRHVOAQ,1
PUPpnigFLCQ,OhnlnhPHLrY,1
PUPpnigFLCQ,6WJobVF2Rsw,1
0JwqvRHVOAQ,ytNRXBxnjTQ,1
0JwqvRHVOAQ,-6LCxKOmSyY,1
0JwqvRHVOAQ,h8quhZLHVg4,1
ytNRXBxnjTQ,-HcFuEOhKoQ,1
ytNRXBxnjTQ,8MkGz0768GU,1
ytNRXBxnjTQ,OO02J5GcCfE,1
ytNRXBxnjTQ,Oj0BC7N1TUQ,1
ytNRXBxnjTQ,LXXjCdDvnAU,1
ytNRXBxnjTQ,pkVzjP98dLM,1
Oj0BC7N1TUQ,GFycoKDSk_8,1
Oj0BC7N1TUQ,1S-pJi5DRaM,1
Oj0BC7N1TUQ,ytNRXBxnjTQ,1
GFycoKDSk_8,IgT2O4bpAFQ,1
GFycoKDSk_8,90WvfnlWECY,1
GFycoKDSk_8,hWBVnLB9ud0,1
1S-pJi5DRaM,9s2iZ7HrQX8,1
1S-pJi5DRaM,att-pSCoIiQ,1
1S-pJi5DRaM,AxkOeSymv6I,1
AxkOeSymv6I,hYJ_W-Jl1o0,1
AxkOeSymv6I,XwGroFmWUUc,1
AxkOeSymv6I,oPgeZX46QTE,2
AxkOeSymv6I,qi5zwQzNnnk,1
AxkOeSymv6I,U0MIPX7reTs,1
LXXjCdDvnAU,_WAcYmLoeMM,1
LXXjCdDvnAU,tmyuuvYBzoI,1
LXXjCdDvnAU,DqsJfosjBSE,1
_WAcYmLoeMM,52X84C_1IeY,1
_WAcYmLoeMM,AP9y3jhlaDk,1
_WAcYmLoeMM,u71kzF1XfQM,1
tmyuuvYBzoI,UQPcHLcyRe0,1
tmyuuvYBzoI,X5qMK3Df9F4,1
tmyuuvYBzoI,jmw-Zf25ZD8,1
DqsJfosjBSE,lT5YEeirHn8,1
DqsJfosjBSE,65mt5bUuIAY,1
DqsJfosjBSE,OLpg50OxKB4,1
pkVzjP98dLM,3dQyv13cJ90,1
pkVzjP98dLM,KK9zEYMQwWU,1
pkVzjP98dLM,y8HEZ-x4-_w,1
3dQyv13cJ90,y4bqy5wgmug,1
3dQyv13cJ90,IgT2O4bpAFQ,1
3dQyv13cJ90,YPpmIDlBQkI,1
KK9zEYMQwWU,FBtQjdUuBvM,1
KK9zEYMQwWU,IgT2O4bpAFQ,1
KK9zEYMQwWU,ZgLJdKn31BE,1
y8HEZ-x4-_w,Mv9Qd_xCIyo,1
y8HEZ-x4-_w,5aFFT1lCxlw,1
y8HEZ-x4-_w,NAjYINCCdks,1
-6LCxKOmSyY,jk8d6WqX2Tk,1
-6LCxKOmSyY,1Fa-mQUC-8s,1
-6LCxKOmSyY,TOko1mG2DGI,1
jk8d6WqX2Tk,C8zz5rTr7CQ,1
jk8d6WqX2Tk,mmUgT2tXsqg,1
jk8d6WqX2Tk,S0ECpN8Wvug,1
C8zz5rTr7CQ,OhnlnhPHLrY,1
C8zz5rTr7CQ,dhKk-mfMlAM,1
C8zz5rTr7CQ,VdelZ-iVogI,1
OhnlnhPHLrY,TOko1mG2DGI,1
OhnlnhPHLrY,ajtxUDeJvyk,1
OhnlnhPHLrY,AxkOeSymv6I,1
mmUgT2tXsqg,9wR4mj3M3q0,1
mmUgT2tXsqg,S0ECpN8Wvug,1
mmUgT2tXsqg,_KP8JsEZLNo,1
S0ECpN8Wvug,kpOzNR-daNM,1
S0ECpN8Wvug,z70JUwvjMd4,1
S0ECpN8Wvug,S6spZdzqFxg,1
1Fa-mQUC-8s,rGv_UXhNORE,1
1Fa-mQUC-8s,5BMQE5XnKww,1
1Fa-mQUC-8s,AxkOeSymv6I,1
rGv_UXhNORE,qi_ksADDF4E,1
rGv_UXhNORE,11pcIJN1Gd8,1
rGv_UXhNORE,VcbTopj5u7A,1
qi_ksADDF4E,lQ3o6CzP-2Q,1
qi_ksADDF4E,s3O2hwLcVUE,1
qi_ksADDF4E,TOko1mG2DGI,1
VcbTopj5u7A,AxkOeSymv6I,1
VcbTopj5u7A,QBeOgGt_oWU,1
VcbTopj5u7A,kl-F6V5tY40,1
5BMQE5XnKww,Sf0YLLik9TU,1
5BMQE5XnKww,dhKk-mfMlAM,1
5BMQE5XnKww,qi_ksADDF4E,1
oPgeZX46QTE,V-dzvdeYGsg,1
oPgeZX46QTE,S-UPaYTFBlE,1
oPgeZX46QTE,U0MIPX7reTs,1
TOko1mG2DGI,6hUGf6UzxT4,1
TOko1mG2DGI,GwacDSxxFnw,1
TOko1mG2DGI,XUywD31t3yE,2
TOko1mG2DGI,_VGyaZdK2XU,1
TOko1mG2DGI,vRasdg_Vm_0,1
TOko1mG2DGI,ISsKt3TMfDU,1
TOko1mG2DGI,uANK0B7LH_s,1
TOko1mG2DGI,6fsrLOgl69U,2
TOko1mG2DGI,Bcz39w07WIA,1
TOko1mG2DGI,S_i_DfncSQc,1
6hUGf6UzxT4,MiLA48yvE5U,1
6hUGf6UzxT4,1uRN8wuIba0,1
6hUGf6UzxT4,DIbfwndHI2E,1
GwacDSxxFnw,WuobNSD5VAY,1
GwacDSxxFnw,xtZl35HN1ks,1
GwacDSxxFnw,DToPhKv2vYM,1
XUywD31t3yE,B4zJsDCfpXs,2
XUywD31t3yE,GwacDSxxFnw,1
XUywD31t3yE,dTmk5Q0Mkm0,1
XUywD31t3yE,AVPwQj6TUx4,1
XUywD31t3yE,703-4e4dcUs,1
h8quhZLHVg4,jHcKBJ4sXEc,1
h8quhZLHVg4,uFGLpt_r90E,1
h8quhZLHVg4,yZk4a4Xx9FE,1
jHcKBJ4sXEc,v1Mjc4zNfY4,1
jHcKBJ4sXEc,xEQseEvD_iI,1
jHcKBJ4sXEc,X1tQxutMcWI,1
v1Mjc4zNfY4,ziybNY7Pxsc,1
v1Mjc4zNfY4,h8quhZLHVg4,1
v1Mjc4zNfY4,OLxDD1xsjHw,1
xEQseEvD_iI,A8zXSNAscmg,1
xEQseEvD_iI,37Kn-kIsVu8,1
xEQseEvD_iI,jHcKBJ4sXEc,1
X1tQxutMcWI,yQ3C4e2zFgo,1
X1tQxutMcWI,yQ6_Cch0Wro,1
X1tQxutMcWI,mT0RNrTDHkI,2
X1tQxutMcWI,uFBXifSJ8mg,1
X1tQxutMcWI,jHcKBJ4sXEc,1
uFGLpt_r90E,YOOQl0hC18U,1
uFGLpt_r90E,Sy5fMPS_8hY,1
uFGLpt_r90E,Mb8ZVUzSQeM,1
YOOQl0hC18U,uFGLpt_r90E,1
YOOQl0hC18U,1kHNPnHhipQ,1
YOOQl0hC18U,Kznj1NZN90A,1
Sy5fMPS_8hY,E9V_wxBr8SQ,1
Sy5fMPS_8hY,OLxDD1xsjHw,1
Sy5fMPS_8hY,Kznj1NZN90A,1
Mb8ZVUzSQeM,h8quhZLHVg4,1
Mb8ZVUzSQeM,9Vo4Evh5oQw,1
Mb8ZVUzSQeM,HA7LgWoZDPc,1
yZk4a4Xx9FE,X1tQxutMcWI,1
yZk4a4Xx9FE,WttRZtWClbE,1
yZk4a4Xx9FE,YOsVpoe5tzY,1
WttRZtWClbE,Yxk5zQNsANg,1
WttRZtWClbE,xEQseEvD_iI,1
WttRZtWClbE,uFGLpt_r90E,1
YOsVpoe5tzY,8XkcbdSRdO0,1
YOsVpoe5tzY,f8illUOlHzo,1
YOsVpoe5tzY,AYJAJWCS8eM,1
_VGyaZdK2XU,ydVM7o7zqZY,1
_VGyaZdK2XU,zkSFubOygBc,1
_VGyaZdK2XU,Jrh_g79Rzh0,1
ydVM7o7zqZY,eeiszkNAZbQ,1
ydVM7o7zqZY,z8VhNF_0I5c,1
ydVM7o7zqZY,PBkW29LwCxY,1
zkSFubOygBc,9G8ad8bVf9U,1
zkSFubOygBc,GwacDSxxFnw,1
zkSFubOygBc,5WJc0tkNqaA,1
9G8ad8bVf9U,DCwxaPlmp4A,1
9G8ad8bVf9U,hIZoX1XjuYQ,1
9G8ad8bVf9U,96WnKtV0NAs,1
Jrh_g79Rzh0,vSfVCLXPVYU,1
Jrh_g79Rzh0,7y2swN51qcQ,1
Jrh_g79Rzh0,KosnqVMrSBw,1
vRasdg_Vm_0,4n1bve8qDtM,1
vRasdg_Vm_0,sMJNdAuVhcc,1
vRasdg_Vm_0,2tayhkR11oA,1
4n1bve8qDtM,LWUDlzm0VxU,1
4n1bve8qDtM,GtISpORhJ7o,1
4n1bve8qDtM,B4zJsDCfpXs,1
sMJNdAuVhcc,V649-svUaPs,1
sMJNdAuVhcc,NK8djQdiL5s,1
sMJNdAuVhcc,4n1bve8qDtM,1
2tayhkR11oA,byTBvcdC_WM,1
2tayhkR11oA,vRasdg_Vm_0,1
2tayhkR11oA,GJTNwx4FyT8,1
ISsKt3TMfDU,oXstRtejTpA,1
ISsKt3TMfDU,xYWJehVUTHI,1
ISsKt3TMfDU,tp2iBlQBskM,1
oXstRtejTpA,cAwbGXT3rjU,1
oXstRtejTpA,q-lzUzIBI_A,1
oXstRtejTpA,UyMHRgNPyoo,1
xYWJehVUTHI,8McUViPbh6M,1
xYWJehVUTHI,KE7xF5spSPo,1
xYWJehVUTHI,6ML5YV-GoIA,1
tp2iBlQBskM,Dvi0l7-BTTY,1
tp2iBlQBskM,ZXolpARg3vI,1
tp2iBlQBskM,HB100-S_f2Q,1
ajtxUDeJvyk,ifyJjQXOttE,1
ajtxUDeJvyk,Yb8CK_lqe9o,1
ajtxUDeJvyk,pN0LM2AL-gc,1
ifyJjQXOttE,VcbTopj5u7A,1
ifyJjQXOttE,CMR9z9Xr8GM,1
ifyJjQXOttE,qi_ksADDF4E,1
CMR9z9Xr8GM,druEnEwwx6U,1
CMR9z9Xr8GM,27v7Oq-q9xs,1
CMR9z9Xr8GM,YWU89g7sj7s,1
Yb8CK_lqe9o,6bnqFwAf7HM,1
Yb8CK_lqe9o,0EwraSl1aPI,1
Yb8CK_lqe9o,VGa3zWcTBtE,1
6bnqFwAf7HM,ZTuZB8uGbaU,1
6bnqFwAf7HM,toVfvRhWbj8,1
6bnqFwAf7HM,JpjBJ8aQ3NE,1
0EwraSl1aPI,x_CiLZY-HGw,1
0EwraSl1aPI,po418iAITYs,1
0EwraSl1aPI,l7v5E7cgRGU,1
VGa3zWcTBtE,pM9nYvlkw9s,1
VGa3zWcTBtE,d2tPRaLsgIU,1
VGa3zWcTBtE,hqwbBpcElpE,1
pN0LM2AL-gc,aFPJf-wKTd0,1
pN0LM2AL-gc,Y-yAsuff-Fc,1
pN0LM2AL-gc,ki4Fbctwnjs,1
aFPJf-wKTd0,EMoSsCDgZys,1
aFPJf-wKTd0,C-nALYF73hU,1
aFPJf-wKTd0,1OzC-LG9pG4,1
Y-yAsuff-Fc,IUkPbDA8r8k,1
Y-yAsuff-Fc,PPySn3slfXI,1
Y-yAsuff-Fc,1mvq-cQbeXM,1
qi5zwQzNnnk,TZFEqJ_s1gE,1
qi5zwQzNnnk,U0MIPX7reTs,1
qi5zwQzNnnk,TOko1mG2DGI,1
TZFEqJ_s1gE,UhVSLhkzlWw,1
TZFEqJ_s1gE,H9a33UrAn5A,1
TZFEqJ_s1gE,NIIjDjC8km4,1
U0MIPX7reTs,_u31t13QO6A,1
U0MIPX7reTs,EhGXSM3MZEQ,1
U0MIPX7reTs,rLO1Gzlk3hw,2
U0MIPX7reTs,z70JUwvjMd4,1
U0MIPX7reTs,oPgeZX46QTE,1
U0MIPX7reTs,eCGGRjXY4w0,1
U0MIPX7reTs,0fJgnlJqOaU,1
U0MIPX7reTs,yB1vjnvfCTo,1
6fsrLOgl69U,bR4_yHwR_kA,1
6fsrLOgl69U,TOko1mG2DGI,1
6fsrLOgl69U,4n1bve8qDtM,1
V-dzvdeYGsg,mSAkS352gw4,1
V-dzvdeYGsg,L_RJO2lze9E,1
V-dzvdeYGsg,Dod6merNvL0,1
S-UPaYTFBlE,ewSonEkAawo,1
S-UPaYTFBlE,cKl5si8naDs,1
S-UPaYTFBlE,yKG_F30MdQE,1
eCGGRjXY4w0,S0ECpN8Wvug,1
eCGGRjXY4w0,bjA0M5B5BUU,1
eCGGRjXY4w0,kpOzNR-daNM,1
0fJgnlJqOaU,Dod6merNvL0,1
0fJgnlJqOaU,GLJc5pxBTpM,1
0fJgnlJqOaU,ILWRXZ2dr74,1
yB1vjnvfCTo,TnakGMwu3CY,1
yB1vjnvfCTo,8nd3ieVTAVc,1
yB1vjnvfCTo,VhTTi-GFzu8,1
6WJobVF2Rsw,baKLJgcexis,1
6WJobVF2Rsw,4ETNRIFdFDM,1
6WJobVF2Rsw,G8zT-H0KUv0,1
baKLJgcexis,cwMg8QSdUIM,1
baKLJgcexis,XdX9krAMjC4,1
baKLJgcexis,tSFS2t6Oj68,1
cwMg8QSdUIM,AUaMfb8uqWQ,1
cwMg8QSdUIM,xtjBxirrdlA,1
cwMg8QSdUIM,dhHFIVHW6GI,1
AUaMfb8uqWQ,VIbuu3DMFm0,1
AUaMfb8uqWQ,6sQ3IlpfiDo,1
AUaMfb8uqWQ,J433f6Yrd0g,1
xtjBxirrdlA,W4wPcesOsBI,1
xtjBxirrdlA,m0Wb4HXa-sk,1
xtjBxirrdlA,cwMg8QSdUIM,1
dhHFIVHW6GI,kEwfr8bd4CI,1
dhHFIVHW6GI,9bNRL9I6bns,1
dhHFIVHW6GI,S2GW3Y8V6G8,1
XdX9krAMjC4,QqSVIrrUG2U,1
XdX9krAMjC4,U1QHIAzIrf4,1
XdX9krAMjC4,fLMhJ-NXNHk,1
QqSVIrrUG2U,kViWn3ON0Ww,1
QqSVIrrUG2U,AvrLRXgHRyU,1
QqSVIrrUG2U,RYJZ2YDMbc4,1
kViWn3ON0Ww,baKLJgcexis,1
kViWn3ON0Ww,XdX9krAMjC4,1
kViWn3ON0Ww,TB6kbCdWaSs,1
U1QHIAzIrf4,A3W0nRXJvOU,1
U1QHIAzIrf4,xrG2muM6txg,1
U1QHIAzIrf4,9C0zvyonOek,1
fLMhJ-NXNHk,LwD5tbWEFRQ,1
fLMhJ-NXNHk,n3HchE7yC3Y,1
fLMhJ-NXNHk,LZ12tNmXioA,1
LZ12tNmXioA,otE-N5VB9k8,1
LZ12tNmXioA,yw_Actoh5q4,1
LZ12tNmXioA,byANU_1aZ5g,1
tSFS2t6Oj68,LZ12tNmXioA,1
tSFS2t6Oj68,Aa5gyd0Ymrg,1
tSFS2t6Oj68,kViWn3ON0Ww,1
Aa5gyd0Ymrg,AhZT3DhxKaE,1
Aa5gyd0Ymrg,yw_Actoh5q4,1
Aa5gyd0Ymrg,L8GE23uWHtI,1
4ETNRIFdFDM,TOko1mG2DGI,1
4ETNRIFdFDM,EuBy3_kNJQk,1
4ETNRIFdFDM,SD6B73gYI6k,1
S_i_DfncSQc,6fsrLOgl69U,1
S_i_DfncSQc,JhNoxW2yapA,1
S_i_DfncSQc,vRasdg_Vm_0,1
EuBy3_kNJQk,R3YIG1zIYCo,1
EuBy3_kNJQk,i00UPmq-uL4,1
EuBy3_kNJQk,PDDw9_5rrqQ,1
R3YIG1zIYCo,2q5E4LUYaS0,1
R3YIG1zIYCo,Sp0YEzAbTmI,1
R3YIG1zIYCo,mrn0lcxrKg8,1
i00UPmq-uL4,Czo4afgQy8A,1
i00UPmq-uL4,EuBy3_kNJQk,1
i00UPmq-uL4,dD1vC5QalzY,1
PDDw9_5rrqQ,4ETNRIFdFDM,1
PDDw9_5rrqQ,3dARLlkeyZA,1
PDDw9_5rrqQ,J9BXIfidd5I,1
SD6B73gYI6k,gRGo4NZDnmg,1
SD6B73gYI6k,TDqH2NrflEk,1
SD6B73gYI6k,c8cV3cHVf-w,1
gRGo4NZDnmg,SD6B73gYI6k,1
gRGo4NZDnmg,UXnEzwJpbBg,1
gRGo4NZDnmg,1z8qPWGlY-0,1
TDqH2NrflEk,NDB0kMO-80U,1
TDqH2NrflEk,1z8qPWGlY-0,1
TDqH2NrflEk,zAd1Ovnn9-Q,1
c8cV3cHVf-w,g88CXFCHxsY,1
c8cV3cHVf-w,OURpI_E1Cp4,1
c8cV3cHVf-w,7V7QFFeXssE,1
G8zT-H0KUv0,6UhRjXVkREY,1
G8zT-H0KUv0,ngNNmi0iiSk,1
G8zT-H0KUv0,4ncp1eAeNjg,1
G8zT-H0KUv0,608neJQfYiQ,1
G8zT-H0KUv0,oeTypkA3-TY,1
G8zT-H0KUv0,9G8ad8bVf9U,1
6UhRjXVkREY,BvEp_r_6i-c,1
6UhRjXVkREY,e33vUvzdmrk,1
6UhRjXVkREY,4ncp1eAeNjg,1
BvEp_r_6i-c,-s7riGdwPd8,1
BvEp_r_6i-c,_k_LrF9TfGA,1
BvEp_r_6i-c,sG6FXAZI6pA,1
e33vUvzdmrk,tGGmTVrjUTM,1
e33vUvzdmrk,7hE_-SMCgxc,1
e33vUvzdmrk,ngNNmi0iiSk,1
4ncp1eAeNjg,BnYkMU3jdg0,1
4ncp1eAeNjg,CaHtR3ZCPOo,1
4ncp1eAeNjg,4i9FctHUDjw,1
oeTypkA3-TY,G8zT-H0KUv0,1
oeTypkA3-TY,E5mZ9iq3quc,1
oeTypkA3-TY,HbTGAxMD16s,1
E5mZ9iq3quc,ulsQmPEd0as,1
E5mZ9iq3quc,2kfNOmuynf4,1
E5mZ9iq3quc,GBDkdLjXbhs,1
HbTGAxMD16s,gAmJPqdVZEM,1
HbTGAxMD16s,DOIXi-BzhBY,1
HbTGAxMD16s,DCwxaPlmp4A,1
DCwxaPlmp4A,pthV7z0QdsU,1
DCwxaPlmp4A,4o8CTWxMyUY,1
DCwxaPlmp4A,GJiBucCHDIk,1
hIZoX1XjuYQ,ufxegIcVdQA,1
hIZoX1XjuYQ,2M3D5wst_pM,1
hIZoX1XjuYQ,oWCXCFsYikk,1
96WnKtV0NAs,CckqpP1pM2E,1
96WnKtV0NAs,RJ-Wr87AFzc,1
96WnKtV0NAs,m-DjPYBfDmQ,1
HwNgKJ-7YWQ,LfZpLllgd5Q,1
HwNgKJ-7YWQ,YK0NcEm4TXg,1
HwNgKJ-7YWQ,9bamaEMftg4,2
HwNgKJ-7YWQ,3AgvHVOo2Hg,4
HwNgKJ-7YWQ,RerKFYCVFVY,3
HwNgKJ-7YWQ,Gz0I_v-ihsE,2
HwNgKJ-7YWQ,H7inaTiDKaU,2
HwNgKJ-7YWQ,2HFSaxIsJCE,1
HwNgKJ-7YWQ,fecZsFwETII,1
HwNgKJ-7YWQ,yISH-sCvHXU,1
Gz0I_v-ihsE,HwNgKJ-7YWQ,1
Gz0I_v-ihsE,LfZpLllgd5Q,2
Gz0I_v-ihsE,g-AqBrboooI,2
Gz0I_v-ihsE,RerKFYCVFVY,3
Gz0I_v-ihsE,H7inaTiDKaU,1
LfZpLllgd5Q,aCAvvZXUW08,3
LfZpLllgd5Q,H7inaTiDKaU,2
LfZpLllgd5Q,9bamaEMftg4,3
LfZpLllgd5Q,XCaTQzjX2rQ,1
LfZpLllgd5Q,Gz0I_v-ihsE,2
LfZpLllgd5Q,HwNgKJ-7YWQ,1
LfZpLllgd5Q,RerKFYCVFVY,1
LfZpLllgd5Q,NJSUKDng_Ww,1
LfZpLllgd5Q,yISH-sCvHXU,1
aCAvvZXUW08,F6-M-h1BEHs,1
aCAvvZXUW08,vYF8bnmdQfY,1
aCAvvZXUW08,hG72xGd0W0M,1
aCAvvZXUW08,9bamaEMftg4,1
aCAvvZXUW08,LfZpLllgd5Q,1
aCAvvZXUW08,H7inaTiDKaU,1
H7inaTiDKaU,Gz0I_v-ihsE,1
H7inaTiDKaU,zy7c_FHiEac,1
H7inaTiDKaU,9bamaEMftg4,3
H7inaTiDKaU,HwNgKJ-7YWQ,2
H7inaTiDKaU,g-AqBrboooI,1
H7inaTiDKaU,LfZpLllgd5Q,3
H7inaTiDKaU,zG7XZ2JXZqY,3
H7inaTiDKaU,RerKFYCVFVY,3
H7inaTiDKaU,MXcddiS32s0,2
H7inaTiDKaU,sEbcs37aaI0,2
H7inaTiDKaU,zTtzGhYd0Po,1
H7inaTiDKaU,yISH-sCvHXU,1
H7inaTiDKaU,YkmXrHNEn5g,1
zy7c_FHiEac,MXcddiS32s0,1
zy7c_FHiEac,Od1kj8MOMtA,1
zy7c_FHiEac,hKa3EZqofNo,1
9bamaEMftg4,HwNgKJ-7YWQ,2
9bamaEMftg4,hKa3EZqofNo,2
9bamaEMftg4,MXcddiS32s0,1
9bamaEMftg4,LfZpLllgd5Q,2
9bamaEMftg4,qVW2QqHUJUw,3
9bamaEMftg4,SHH1vWD19Fw,1
9bamaEMftg4,g-AqBrboooI,1
9bamaEMftg4,FVBzaTnDZKo,2
9bamaEMftg4,E89taTH86_s,2
9bamaEMftg4,7fQ6JklHjBc,1
9bamaEMftg4,H7inaTiDKaU,3
9bamaEMftg4,D5-3Jpjz6do,1
9bamaEMftg4,zy7c_FHiEac,1
9bamaEMftg4,XsRdICFRHcc,1
9bamaEMftg4,RerKFYCVFVY,1
MXcddiS32s0,H7inaTiDKaU,1
MXcddiS32s0,Gz0I_v-ihsE,1
MXcddiS32s0,zy7c_FHiEac,1
3AgvHVOo2Hg,HwNgKJ-7YWQ,1
3AgvHVOo2Hg,TZuLLJpLObs,1
3AgvHVOo2Hg,_qv-CluMXlE,1
3AgvHVOo2Hg,xWBC-JX6lsg,2
3AgvHVOo2Hg,PkLaWIDobGE,1
3AgvHVOo2Hg,XUXwaXB34PA,2
3AgvHVOo2Hg,zTrIl52jV0s,1
TZuLLJpLObs,VhGqOKoH-O0,1
TZuLLJpLObs,1rSb2Ay8AWo,1
TZuLLJpLObs,rRTKIlS7egI,1
_qv-CluMXlE,p7PVZq-lqCs,1
_qv-CluMXlE,9AThycGCakk,1
_qv-CluMXlE,WGkG5MOOLIg,1
RerKFYCVFVY,LfZpLllgd5Q,2
RerKFYCVFVY,tiesXqT1P3g,3
RerKFYCVFVY,g-AqBrboooI,1
RerKFYCVFVY,HwNgKJ-7YWQ,1
RerKFYCVFVY,zy7c_FHiEac,1
RerKFYCVFVY,sEbcs37aaI0,2
RerKFYCVFVY,zG7XZ2JXZqY,2
RerKFYCVFVY,MXcddiS32s0,1
RerKFYCVFVY,KgVsd6qoyU4,3
RerKFYCVFVY,H7inaTiDKaU,2
RerKFYCVFVY,9bamaEMftg4,2
RerKFYCVFVY,3IWwY6fHPng,1
tiesXqT1P3g,Azd7lyJ4918,1
tiesXqT1P3g,7Eq2uoVtc08,1
tiesXqT1P3g,r8ePG94dydY,2
tiesXqT1P3g,ZnRxTW8GxT8,1
tiesXqT1P3g,o4MIxTm0FWQ,1
g-AqBrboooI,9AThycGCakk,1
g-AqBrboooI,yISH-sCvHXU,1
g-AqBrboooI,LfZpLllgd5Q,1
yISH-sCvHXU,7Vsp5DJtsXM,1
yISH-sCvHXU,9bamaEMftg4,1
yISH-sCvHXU,zy7c_FHiEac,1
xWBC-JX6lsg,SyuEVHBsqXg,1
xWBC-JX6lsg,focypkN82Q8,1
xWBC-JX6lsg,QAHi3lX3oGM,1
XUXwaXB34PA,nKOmrQDmFhU,1
XUXwaXB34PA,HEkE3h5msqc,1
XUXwaXB34PA,u8J4hEDDErQ,1
zG7XZ2JXZqY,ucfm9LCzLFM,2
zG7XZ2JXZqY,RerKFYCVFVY,1
zG7XZ2JXZqY,zyHBT4sfHoE,1
zG7XZ2JXZqY,IrsLca4usro,1
zG7XZ2JXZqY,RnPpIlhh16I,1
zG7XZ2JXZqY,nRg-2hLLgXc,1
zG7XZ2JXZqY,2F-Ml9gHnqA,1
zG7XZ2JXZqY,EmCEx-f0dfI,2
zG7XZ2JXZqY,MPXgNCefknI,1
zG7XZ2JXZqY,-1jAOJHvll0,1
ucfm9LCzLFM,l0P4Cf0UCwU,2
ucfm9LCzLFM,zyHBT4sfHoE,1
ucfm9LCzLFM,LfZpLllgd5Q,1
ucfm9LCzLFM,X0ompqJ176M,1
ucfm9LCzLFM,9eR3_N9FtUY,1
zyHBT4sfHoE,8hZKmDELtoA,1
zyHBT4sfHoE,DpcQAYPL3UI,1
zyHBT4sfHoE,C-nALYF73hU,1
zyHBT4sfHoE,yE-KFUn11ig,1
zyHBT4sfHoE,nRg-2hLLgXc,1
zyHBT4sfHoE,BJLuhoULEwY,1
sEbcs37aaI0,x09X87UCZTI,1
sEbcs37aaI0,o8YomEOExkc,1
sEbcs37aaI0,scbDmI3LXgM,1
qVW2QqHUJUw,HwNgKJ-7YWQ,1
qVW2QqHUJUw,MXcddiS32s0,1
qVW2QqHUJUw,9bamaEMftg4,1
SHH1vWD19Fw,RerKFYCVFVY,1
SHH1vWD19Fw,lpDwpMyQtA4,1
SHH1vWD19Fw,9bamaEMftg4,1
IrsLca4usro,fx7b3hiXdgw,1
IrsLca4usro,6nnz0YRy6So,1
IrsLca4usro,094y1Z2wpJg,1
RnPpIlhh16I,qzBU8QbkouM,1
RnPpIlhh16I,zyHBT4sfHoE,1
RnPpIlhh16I,DoLTcv-RPdM,1
KgVsd6qoyU4,H7inaTiDKaU,1
KgVsd6qoyU4,Jt7T-26qQH8,1
KgVsd6qoyU4,HwNgKJ-7YWQ,1
NJSUKDng_Ww,R0-90kvoQac,1
NJSUKDng_Ww,3j7am9kjMrk,1
NJSUKDng_Ww,D2ju5v4TAaQ,1
3j7am9kjMrk,hKa3EZqofNo,1
3j7am9kjMrk,eO9cjy3Rydc,1
3j7am9kjMrk,9bamaEMftg4,1
SyuEVHBsqXg,H7inaTiDKaU,1
SyuEVHBsqXg,pzSENsTD2oI,1
SyuEVHBsqXg,GLAwqEXx-aM,1
pzSENsTD2oI,hvDrGmflHoc,1
pzSENsTD2oI,l8BKtks4gyI,1
pzSENsTD2oI,GY3uI-xStUI,1
GLAwqEXx-aM,A6jzembojzg,1
GLAwqEXx-aM,j-4lBMGxWN0,1
GLAwqEXx-aM,oCe2eaQKsjA,1
focypkN82Q8,Xl9t2YrHw7Y,1
focypkN82Q8,79ExQWKb2vA,1
focypkN82Q8,2LSMpuQcTSE,1
Xl9t2YrHw7Y,5Od2bmr-grw,1
Xl9t2YrHw7Y,2LSMpuQcTSE,1
Xl9t2YrHw7Y,P2AUat93a8Q,1
2LSMpuQcTSE,focypkN82Q8,1
2LSMpuQcTSE,lpDwpMyQtA4,1
2LSMpuQcTSE,QAHi3lX3oGM,1
79ExQWKb2vA,onMbSLuC7Oc,1
79ExQWKb2vA,mJ0bVUPd6Mc,1
79ExQWKb2vA,4wZpDc714xA,1
QAHi3lX3oGM,-UH8iY7Aoas,1
QAHi3lX3oGM,9bamaEMftg4,1
QAHi3lX3oGM,zZah_bT9A-k,1
-UH8iY7Aoas,2HFSaxIsJCE,1
-UH8iY7Aoas,l8BKtks4gyI,1
-UH8iY7Aoas,coYw-eVU0Ks,1
zZah_bT9A-k,K8kKWgsGIU8,1
zZah_bT9A-k,PkLaWIDobGE,1
zZah_bT9A-k,ifqE8cBQbI4,1
ifqE8cBQbI4,DHzzoInQZj4,1
ifqE8cBQbI4,t5QfmSY-wV0,1
ifqE8cBQbI4,43pOPZx-LQY,1
zTrIl52jV0s,JwjJs5ZHKJI,1
zTrIl52jV0s,VGzxmxhVJ9w,1
zTrIl52jV0s,K0ktH5CXy2I,1
JwjJs5ZHKJI,ISWpW-ykjPo,1
JwjJs5ZHKJI,ifqE8cBQbI4,1
JwjJs5ZHKJI,SOwa6-EOohI,1
ISWpW-ykjPo,H7inaTiDKaU,1
ISWpW-ykjPo,mzOf6Cj3T-8,1
ISWpW-ykjPo,ifqE8cBQbI4,1
SOwa6-EOohI,ifqE8cBQbI4,1
SOwa6-EOohI,vN30emwcNS4,1
SOwa6-EOohI,HwNgKJ-7YWQ,1
vN30emwcNS4,5RWGh19yTXw,1
vN30emwcNS4,vkSI87l8eqc,1
vN30emwcNS4,OQ6DhgwgtGw,1
VGzxmxhVJ9w,j1z-gVc6HZg,1
VGzxmxhVJ9w,ExcB9ISbccg,1
VGzxmxhVJ9w,vN30emwcNS4,1
j1z-gVc6HZg,ycrqXJYf1SU,1
j1z-gVc6HZg,zPyOnZpeFnQ,1
j1z-gVc6HZg,kYAx2MFji1M,1
ExcB9ISbccg,j1z-gVc6HZg,1
ExcB9ISbccg,aESqrP3hfi8,1
ExcB9ISbccg,UrcDLopNPV8,1
K0ktH5CXy2I,nd8HDHomnAo,1
K0ktH5CXy2I,GyW4XEcFUFg,1
K0ktH5CXy2I,dp2sMQi4PUo,1
nd8HDHomnAo,K0ktH5CXy2I,1
nd8HDHomnAo,5s7NHzFKWn8,1
nd8HDHomnAo,gHJSYElTRZQ,1
GyW4XEcFUFg,AcbRSEoxU4I,1
GyW4XEcFUFg,arj7oStGLkU,1
GyW4XEcFUFg,GyHRM9NgNII,1
dp2sMQi4PUo,kkg709xlAdI,1
dp2sMQi4PUo,ZVqnjAvl8jY,1
dp2sMQi4PUo,ipLDkDR56Lg,1
nKOmrQDmFhU,qnvNDUpJ5sA,1
nKOmrQDmFhU,QxFxrSuSc0U,1
nKOmrQDmFhU,UrjiJeM4BVc,1
qnvNDUpJ5sA,r5z0rpLumcE,1
qnvNDUpJ5sA,PKaby54vLsA,1
qnvNDUpJ5sA,nKOmrQDmFhU,1
QxFxrSuSc0U,tkr7bml0i_U,1
QxFxrSuSc0U,NoRFaiqiQGo,1
QxFxrSuSc0U,HwNgKJ-7YWQ,1
QxFxrSuSc0U,9bamaEMftg4,1
QxFxrSuSc0U,qnvNDUpJ5sA,1
QxFxrSuSc0U,nKOmrQDmFhU,1
UrjiJeM4BVc,E93LVLFgR7Y,1
UrjiJeM4BVc,I0qyI0NIvg0,1
UrjiJeM4BVc,u8J4hEDDErQ,1
u8J4hEDDErQ,QxFxrSuSc0U,1
u8J4hEDDErQ,ajvBwYUtbfk,1
u8J4hEDDErQ,HuN8zCjzWCA,1
HEkE3h5msqc,A5R4hvrOPBw,1
HEkE3h5msqc,qqkZUpAtTV4,1
HEkE3h5msqc,cTvuPYKBtks,1
A5R4hvrOPBw,HEkE3h5msqc,1
A5R4hvrOPBw,tbiSmmCuiYo,1
A5R4hvrOPBw,IjIMmBiJKT0,1
qqkZUpAtTV4,C93HCEXq850,1
qqkZUpAtTV4,HEkE3h5msqc,1
qqkZUpAtTV4,Mxd7W2N49CI,1
cTvuPYKBtks,P2AUat93a8Q,1
cTvuPYKBtks,PkLaWIDobGE,1
cTvuPYKBtks,uBvFX3xzQbk,1
ajvBwYUtbfk,qO0hU_MjhGs,1
ajvBwYUtbfk,PKaby54vLsA,1
ajvBwYUtbfk,84jng4V3lvQ,1
HuN8zCjzWCA,XUXwaXB34PA,1
HuN8zCjzWCA,ZCuo9QizPU0,1
HuN8zCjzWCA,NcJtBlixoww,1
nRg-2hLLgXc,a8PVCkqKD6E,1
nRg-2hLLgXc,jzdZIdYJ-mc,1
nRg-2hLLgXc,zyHBT4sfHoE,1
a8PVCkqKD6E,nRg-2hLLgXc,1
a8PVCkqKD6E,HWxQiQUieBs,1
a8PVCkqKD6E,zG7XZ2JXZqY,1
jzdZIdYJ-mc,n1HkmicbGMs,1
jzdZIdYJ-mc,i7JJgPfHr9Q,1
jzdZIdYJ-mc,4o54nOxSdjQ,1
2F-Ml9gHnqA,9bamaEMftg4,1
2F-Ml9gHnqA,HwNgKJ-7YWQ,1
2F-Ml9gHnqA,3j7am9kjMrk,1
EmCEx-f0dfI,Az33CK79b_Q,1
EmCEx-f0dfI,0sVLk7mhsEU,1
EmCEx-f0dfI,qxF_CDDJ0YI,2
EmCEx-f0dfI,P2AUat93a8Q,1
EmCEx-f0dfI,a8jcNBVWJyE,1
Az33CK79b_Q,WZSD2cUjGOE,1
Az33CK79b_Q,a8jcNBVWJyE,1
Az33CK79b_Q,p7PVZq-lqCs,1
0sVLk7mhsEU,EmCEx-f0dfI,1
0sVLk7mhsEU,TmgngWCbW9g,1
0sVLk7mhsEU,2GcJnww6pxw,1
qxF_CDDJ0YI,yP6rCBkVpr4,1
qxF_CDDJ0YI,3G1EyvRZmOs,1
qxF_CDDJ0YI,aFd7-AbwwBA,1
MPXgNCefknI,a_HfSnQqeyY,1
MPXgNCefknI,TVgQ_tgWMyU,1
MPXgNCefknI,BXhrrbQCElw,1
-1jAOJHvll0,E5K5i5Wv7jQ,1
-1jAOJHvll0,6nnz0YRy6So,1
-1jAOJHvll0,iQlcwWsCKvQ,1
x09X87UCZTI,e-q0BIZaf6Q,1
x09X87UCZTI,UgbWxSqpqws,1
x09X87UCZTI,4EZP2o9z5J0,1
o8YomEOExkc,kA2KaEKs1LA,1
o8YomEOExkc,j7-FmAfxMmQ,1
o8YomEOExkc,4kPLpZN3I3A,1
scbDmI3LXgM,A6jzembojzg,1
scbDmI3LXgM,QHGI2XvYkxc,1
scbDmI3LXgM,zyHBT4sfHoE,1
zTtzGhYd0Po,0k6X03XvxWw,1
zTtzGhYd0Po,xMiug2sZ4Io,1
zTtzGhYd0Po,ux9PD2YD6_A,1
0k6X03XvxWw,xMiug2sZ4Io,1
0k6X03XvxWw,feVDk-4QlKs,1
0k6X03XvxWw,yTbzyirwnoQ,1
xMiug2sZ4Io,uT4JoaQWkkQ,1
xMiug2sZ4Io,5Szj5jJeUec,1
xMiug2sZ4Io,0k6X03XvxWw,1
ux9PD2YD6_A,1XYBjU0PJLI,1
ux9PD2YD6_A,oYiILeqgSy0,1
ux9PD2YD6_A,Z-w-ur8bv30,1
